Name,First Name,Last Name,Team,Position,OVR
Tom Brady,Tom,Brady,Patriots,QB,99
Aaron Rodgers,Aaron,Rodgers,Packers,QB,98
Peyton Manning,Peyton,Manning,Colts,QB,98
Drew Brees,Drew,Brees,Saints,QB,96
Philip Rivers,Philip,Rivers,Chargers,QB,96
Ben Roethlisberger,Ben,Roethlisberger,Steelers,QB,94
Michael Vick,Michael,Vick,Eagles,QB,93
Matt Ryan,Matt,Ryan,Falcons,QB,90
Tony Romo,Tony,Romo,Cowboys,QB,88
Matt Schaub,Matt,Schaub,Texans,QB,88
Joe Flacco,Joe,Flacco,Ravens,QB,88
Eli Manning,Eli,Manning,Giants,QB,88
Josh Freeman,Josh,Freeman,Buccaneers,QB,87
Matt Cassel,Matt,Cassel,Chiefs,QB,86
Jay Cutler,Jay,Cutler,Bears,QB,85
Sam Bradford,Sam,Bradford,Rams,QB,85
Matt Hasselbeck,Matt,Hasselbeck,Titans,QB,84
Kevin Kolb,Kevin,Kolb,Cardinals,QB,84
Mark Sanchez,Mark,Sanchez,Jets,QB,83
Donovan McNabb,Donovan,McNabb,Vikings,QB,82
Kyle Orton,Kyle,Orton,Broncos,QB,82
Jason Campbell,Jason,Campbell,Raiders,QB,81
Ryan Fitzpatrick,Ryan,Fitzpatrick,Bills,QB,81
Matthew Stafford,Matthew,Stafford,Lions,QB,80
Kerry Collins,Kerry,Collins,Colts,QB,77
Alex Smith,Alex,Smith,49ers,QB,77
Chad Henne,Chad,Henne,Dolphins,QB,77
Cam Newton,Cam,Newton,Panthers,QB,77
Colt McCoy,Colt,McCoy,Browns,QB,77
Vince Young,Vince,Young,Eagles,QB,77
Jon Kitna,Jon,Kitna,Cowboys,QB,76
Shaun Hill,Shaun,Hill,Lions,QB,76
Matt Flynn,Matt,Flynn,Packers,QB,76
Tim Tebow,Tim,Tebow,Broncos,QB,75
Blaine Gabbert,Blaine,Gabbert,Jaguars,QB,75
Bruce Gradkowski,Bruce,Gradkowski,Bengals,QB,75
Charlie Batch,Charlie,Batch,Steelers,QB,74
Jake Locker,Jake,Locker,Titans,QB,74
Rex Grossman,Rex,Grossman,Redskins,QB,74
Mark Brunell,Mark,Brunell,Jets,QB,73
Christian Ponder,Christian,Ponder,Vikings,QB,73
Charlie Whitehurst,Charlie,Whitehurst,Seahawks,QB,73
Seneca Wallace,Seneca,Wallace,Browns,QB,73
John Beck,John,Beck,Redskins,QB,73
Matt Moore,Matt,Moore,Dolphins,QB,73
Matt Leinart,Matt,Leinart,Texans,QB,72
Caleb Hanie,Caleb,Hanie,Bears,QB,72
Luke McCown,Luke,McCown,Jaguars,QB,72
Tarvaris Jackson,Tarvaris,Jackson,Seahawks,QB,72
Brady Quinn,Brady,Quinn,Broncos,QB,72
Luke McCown,Luke,McCown,Jaguars,QB,72
Ryan Mallett,Ryan,Mallett,Patriots,QB,71
Byron Leftwich,Byron,Leftwich,Steelers,QB,71
Mike Kafka,Mike,Kafka,Eagles,QB,71
Andy Dalton,Andy,Dalton,Bengals,QB,71
Colin Kaepernick,Colin,Kaepernick,49ers,QB,70
Dennis Dixon,Dennis,Dixon,Steelers,QB,70
Derek Anderson,Derek,Anderson,Panthers,QB,70
Jimmy Clausen,Jimmy,Clausen,Panthers,QB,70
Sage Rosenfels,Sage,Rosenfels,Giants,QB,70
Tyler Thigpen,Tyler,Thigpen,Bills,QB,69
John Skelton,John,Skelton,Cardinals,QB,69
Billy Volek,Billy,Volek,Chargers,QB,69
Ricky Stanzi,Ricky,Stanzi,Chiefs,QB,68
Drew Stanton,Drew,Stanton,Lions,QB,68
A.J. Feeley,A.J.,Feeley,Rams,QB,68
Chase Daniel,Chase,Daniel,Saints,QB,67
Stephen McGee,Stephen,McGee,Cowboys,QB,67
Josh Johnson,Josh,Johnson,Buccaneers,QB,67
Hunter Cantwell,Hunter,Cantwell,Ravens,QB,67
Curtis Painter,Curtis,Painter,Colts,QB,67
Kyle Boller,Kyle,Boller,Raiders,QB,66
Joe Webb,Joe,Webb,Vikings,QB,66
T.J. Yates,T.J.,Yates,Texans,QB,66
Graham Harrell,Graham,Harrell,Packers,QB,66
Brian Hoyer,Brian,Hoyer,Patriots,QB,66
David Carr,David,Carr,Giants,QB,65
Kevin O'Connell,Kevin,O'Connell,Jets,QB,65
Terrelle Pryor,Terrelle,Pryor,Raiders,QB,65
Nathan Enderle,Nathan,Enderle,Bears,QB,64
Brad Smith,Brad,Smith,Bills,QB,64
Levi Brown,Levi,Brown,Bills,QB,63
Dan LeFevour,Dan,LeFevour,Bengals,QB,63
Jonathan Crompton,Jonathan,Crompton,Redskins,QB,63
Tyler Palko,Tyler,Palko,Chiefs,QB,62
Tyrod Taylor,Tyrod,Taylor,Ravens,QB,62
Richard Bartel,Richard,Bartel,Cardinals,QB,62
Pat Devlin,Pat,Devlin,Dolphins,QB,61
Rusty Smith,Rusty,Smith,Titans,QB,60
Josh Portis,Josh,Portis,Seahawks,QB,56
Thaddeus Lewis,Thaddeus,Lewis,Browns,QB,56
Antonio Gates,Antonio,Gates,Chargers,TE,99
Andre Johnson,Andre,Johnson,Texans,WR,97
Dallas Clark,Dallas,Clark,Colts,TE,96
Jason Witten,Jason,Witten,Cowboys,TE,96
Roddy White,Roddy,White,Falcons,WR,96
Larry Fitzgerald,Larry,Fitzgerald,Cardinals,WR,96
Reggie Wayne,Reggie,Wayne,Colts,WR,95
Calvin Johnson Jr.,Calvin,Johnson Jr.,Lions,WR,93
Greg Jennings,Greg,Jennings,Packers,WR,93
Tony Gonzalez,Tony,Gonzalez,Falcons,TE,92
Brandon Marshall,Brandon,Marshall,Dolphins,WR,92
DeSean Jackson,DeSean,Jackson,Eagles,WR,91
Dwayne Bowe,Dwayne,Bowe,Chiefs,WR,91
Vernon Davis,Vernon,Davis,49ers,TE,91
Marcedes Lewis,Marcedes,Lewis,Jaguars,TE,90
Wes Welker,Wes,Welker,Patriots,WR,90
Jermichael Finley,Jermichael,Finley,Packers,TE,90
Zach Miller,Zach,Miller,Seahawks,TE,89
Miles Austin,Miles,Austin,Cowboys,WR,89
Hakeem Nicks,Hakeem,Nicks,Giants,WR,89
Kellen Winslow,Kellen,Winslow,Buccaneers,TE,89
Steve Smith,Steve,Smith,Panthers,WR,89
Brandon Lloyd,Brandon,Lloyd,Broncos,WR,88
Marques Colston,Marques,Colston,Saints,WR,88
Anquan Boldin,Anquan,Boldin,Ravens,WR,87
Vincent Jackson,Vincent,Jackson,Chargers,WR,87
Santonio Holmes,Santonio,Holmes,Jets,WR,87
Mike Wallace,Mike,Wallace,Steelers,WR,87
Chris Cooley,Chris,Cooley,Redskins,TE,87
Hines Ward,Hines,Ward,Steelers,WR,86
Steve Johnson,Steve,Johnson,Bills,WR,86
Kenny Britt,Kenny,Britt,Titans,WR,86
Jeremy Maclin,Jeremy,Maclin,Eagles,WR,86
Owen Daniels,Owen,Daniels,Texans,TE,86
Derrick Mason,Derrick,Mason,Jets,WR,86
Greg Olsen,Greg,Olsen,Panthers,TE,86
Sidney Rice,Sidney,Rice,Seahawks,WR,85
Dustin Keller,Dustin,Keller,Jets,TE,85
Heath Miller,Heath,Miller,Steelers,TE,85
Percy Harvin,Percy,Harvin,Vikings,WR,85
Santana Moss,Santana,Moss,Redskins,WR,85
Braylon Edwards,Braylon,Edwards,49ers,WR,84
Visanthe Shiancoe,Visanthe,Shiancoe,Vikings,TE,84
Chad Ochocinco,Chad,Ochocinco,Patriots,WR,84
Mike Williams,Mike,Williams,Buccaneers,WR,84
Todd Heap,Todd,Heap,Cardinals,TE,84
Steve Smith,Steve,Smith,Eagles,WR,84
Rob Gronkowski,Rob,Gronkowski,Patriots,TE,84
Brent Celek,Brent,Celek,Eagles,TE,83
Jacob Tamme,Jacob,Tamme,Colts,TE,83
Plaxico Burress,Plaxico,Burress,Jets,WR,83
Jacob Tamme,Jacob,Tamme,Colts,TE,83
Brent Celek,Brent,Celek,Eagles,TE,83
Dez Bryant,Dez,Bryant,Cowboys,WR,83
Donald Driver,Donald,Driver,Packers,WR,82
Aaron Hernandez,Aaron,Hernandez,Patriots,TE,82
Pierre Garcon,Pierre,Garcon,Colts,WR,82
Brandon Pettigrew,Brandon,Pettigrew,Lions,TE,81
Lee Evans,Lee,Evans,Ravens,WR,81
Jeremy Shockey,Jeremy,Shockey,Panthers,TE,81
Mario Manningham,Mario,Manningham,Giants,WR,81
Jermaine Gresham,Jermaine,Gresham,Bengals,TE,80
A.J. Green,A.J.,Green,Bengals,WR,80
Mike Sims-Walker,Mike,Sims-Walker,Rams,WR,80
Malcom Floyd,Malcom,Floyd,Chargers,WR,80
Michael Crabtree,Michael,Crabtree,49ers,WR,80
Roy Williams,Roy,Williams,Bears,WR,79
Johnny Knox,Johnny,Knox,Bears,WR,79
Mike Thomas,Mike,Thomas,Jaguars,WR,79
Jerricho Cotchery,Jerricho,Cotchery,Steelers,WR,79
Josh Cribbs,Josh,Cribbs,Browns,WR,79
Fred Davis,Fred,Davis,Redskins,TE,79
Jordy Nelson,Jordy,Nelson,Packers,WR,79
Austin Collie,Austin,Collie,Colts,WR,79
Bo Scaife,Bo,Scaife,Bengals,TE,78
Davone Bess,Davone,Bess,Dolphins,WR,78
Mark Clayton,Mark,Clayton,Rams,WR,78
Josh Morgan,Josh,Morgan,49ers,WR,78
Lance Moore,Lance,Moore,Saints,WR,78
Nate Burleson,Nate,Burleson,Lions,WR,78
Julio Jones,Julio,Jones,Falcons,WR,78
Nate Washington,Nate,Washington,Titans,WR,78
Kevin Walter,Kevin,Walter,Texans,WR,78
Steve Breaston,Steve,Breaston,Chiefs,WR,78
Devin Hester,Devin,Hester,Bears,WR,77
Jimmy Graham,Jimmy,Graham,Saints,TE,77
Anthony Armstrong,Anthony,Armstrong,Redskins,WR,77
Jason Avant,Jason,Avant,Eagles,WR,77
Evan Moore,Evan,Moore,Browns,TE,77
James Jones,James,Jones,Packers,WR,77
Kevin Boss,Kevin,Boss,Raiders,TE,77
Randy McMichael,Randy,McMichael,Chargers,TE,77
Robert Meachem,Robert,Meachem,Saints,WR,77
Deion Branch,Deion,Branch,Patriots,WR,77
Devery Henderson,Devery,Henderson,Saints,WR,76
Jared Cook Jr.,Jared,Cook Jr.,Titans,TE,76
Mohamed Massaquoi,Mohamed,Massaquoi,Browns,WR,76
Arrelious Benn,Arrelious,Benn,Buccaneers,WR,76
John Carlson,John,Carlson,Seahawks,TE,76
David Thomas,David,Thomas,Saints,TE,76
Michael Jenkins,Michael,Jenkins,Vikings,WR,76
Tony Moeaki,Tony,Moeaki,Chiefs,TE,76
John Carlson,John,Carlson,Seahawks,TE,76
Danny Amendola,Danny,Amendola,Rams,WR,75
Louis Murphy,Louis,Murphy,Raiders,WR,75
Leonard Pope,Leonard,Pope,Chiefs,TE,75
Anthony Fasano,Anthony,Fasano,Dolphins,TE,75
Tony Scheffler,Tony,Scheffler,Lions,TE,75
Earl Bennett,Earl,Bennett,Bears,WR,74
Jordan Shipley,Jordan,Shipley,Bengals,WR,74
Brandon Tate,Brandon,Tate,Bengals,WR,74
Andre Caldwell,Andre,Caldwell,Bengals,WR,74
Jerome Simpson,Jerome,Simpson,Bengals,WR,74
Jacoby Ford,Jacoby,Ford,Raiders,WR,74
Jacoby Jones,Jacoby,Jones,Texans,WR,74
Patrick Crayton,Patrick,Crayton,Chargers,WR,74
Brandon Gibson,Brandon,Gibson,Rams,WR,74
David Gettis,David,Gettis,Panthers,WR,74
Brian Hartline,Brian,Hartline,Dolphins,WR,74
Ted Ginn,Ted,Ginn,49ers,WR,74
Bernard Berrian,Bernard,Berrian,Vikings,WR,74
Legedu Naanee,Legedu,Naanee,Panthers,WR,73
Demaryius Thomas,Demaryius,Thomas,Broncos,WR,73
Jabar Gaffney,Jabar,Gaffney,Redskins,WR,73
Kyle Rudolph,Kyle,Rudolph,Vikings,TE,73
Zach Miller,Zach,Miller,Jaguars,TE,73
Martellus Bennett,Martellus,Bennett,Cowboys,TE,73
Julian Edelman,Julian,Edelman,Patriots,WR,73
Harry Douglas,Harry,Douglas,Falcons,WR,73
Kris Wilson,Kris,Wilson,Ravens,TE,72
Eric Decker,Eric,Decker,Broncos,WR,72
Darrius Heyward-Bey,Darrius,Heyward-Bey,Raiders,WR,72
Devin Aromashodu,Devin,Aromashodu,Vikings,WR,72
Alex Smith,Alex,Smith,Browns,TE,72
Ed Dickson,Ed,Dickson,Ravens,TE,72
Early Doucet,Early,Doucet,Cardinals,WR,72
Billy Bajema,Billy,Bajema,Rams,TE,72
Daniel Graham,Daniel,Graham,Titans,TE,72
Chaz Schilens,Chaz,Schilens,Raiders,WR,72
Lance Kendricks,Lance,Kendricks,Rams,TE,72
Antonio Brown,Antonio,Brown,Steelers,WR,72
Roscoe Parrish,Roscoe,Parrish,Bills,WR,71
Golden Tate,Golden,Tate,Seahawks,WR,71
Luke Stocker,Luke,Stocker,Buccaneers,TE,71
Andre Roberts,Andre,Roberts,Cardinals,WR,71
Brandon LaFell,Brandon,LaFell,Panthers,WR,71
Jonathan Baldwin,Jonathan,Baldwin,Chiefs,WR,71
Ben Obomanu,Ben,Obomanu,Seahawks,WR,71
Travis Beckum,Travis,Beckum,Giants,TE,71
Domenik Hixon,Domenik,Hixon,Giants,WR,71
Ben Obomanu,Ben,Obomanu,Seahawks,WR,71
Brandon LaFell,Brandon,LaFell,Panthers,WR,71
Craig Stevens,Craig,Stevens,Titans,TE,70
Greg Camarillo,Greg,Camarillo,Vikings,WR,70
Greg Little,Greg,Little,Browns,WR,70
Brian Robiskie,Brian,Robiskie,Browns,WR,70
Deon Butler,Deon,Butler,Seahawks,WR,70
Anthony Gonzalez,Anthony,Gonzalez,Colts,WR,70
Eric Weems,Eric,Weems,Falcons,WR,70
Delanie Walker,Delanie,Walker,49ers,TE,70
Marc Mariani,Marc,Mariani,Titans,WR,70
Joel Dreessen,Joel,Dreessen,Texans,TE,70
Randall Cobb,Randall,Cobb,Packers,WR,70
Emmanuel Sanders,Emmanuel,Sanders,Steelers,WR,70
David Nelson,David,Nelson,Bills,WR,69
David Martin,David,Martin,Bills,TE,69
Arnaz Battle,Arnaz,Battle,Steelers,WR,69
Torrey Smith,Torrey,Smith,Ravens,WR,69
Sammie Stroughter,Sammie,Stroughter,Buccaneers,WR,69
Jeff King,Jeff,King,Cardinals,TE,69
Jerheme Urban,Jerheme,Urban,Chiefs,WR,69
John Phillips,John,Phillips,Cowboys,TE,69
Martin Rucker,Martin,Rucker,Cowboys,TE,69
Bear Pascoe,Bear,Pascoe,Giants,TE,69
Danario Alexander,Danario,Alexander,Rams,WR,69
Bryant Johnson,Bryant,Johnson,Texans,WR,68
Donald Jones,Donald,Jones,Bills,WR,68
Donte' Stallworth,Donte',Stallworth,Redskins,WR,68
Mike Leach,Mike,Leach,Cardinals,TE,68
Chansi Stuckey,Chansi,Stuckey,Cardinals,WR,68
Vincent Brown,Vincent,Brown,Chargers,WR,68
Dante Rosario,Dante,Rosario,Dolphins,TE,68
Reggie Kelly,Reggie,Kelly,Falcons,TE,68
Lavelle Hawkins,Lavelle,Hawkins,Titans,WR,68
Maurice Stovall,Maurice,Stovall,Lions,WR,68
Andrew Quarless,Andrew,Quarless,Packers,TE,68
D.J. Williams,D.J.,Williams,Packers,TE,68
Matt Spaeth,Matt,Spaeth,Bears,TE,67
Micheal Spurlock,Micheal,Spurlock,Buccaneers,WR,67
Blair White,Blair,White,Colts,WR,67
Garrett Graham,Garrett,Graham,Texans,TE,67
Leonard Hankerson,Leonard,Hankerson,Redskins,WR,67
Devin Thomas,Devin,Thomas,Giants,WR,67
Michael Hoomanawanui,Michael,Hoomanawanui,Rams,TE,67
Cameron Morrah,Cameron,Morrah,Seahawks,TE,67
Titus Young,Titus,Young,Lions,WR,67
Damian Williams,Damian,Williams,Titans,WR,67
Marcus Easley,Marcus,Easley,Bills,WR,66
Rob Housler,Rob,Housler,Cardinals,TE,66
Dwayne Harris,Dwayne,Harris,Cowboys,WR,66
Dezmon Briscoe,Dezmon,Briscoe,Buccaneers,WR,66
Rob Housler,Rob,Housler,Cardinals,TE,66
Dwayne Harris,Dwayne,Harris,Cowboys,WR,66
Clay Harbor,Clay,Harbor,Eagles,TE,66
Rashied Davis,Rashied,Davis,Lions,WR,66
Seyi Ajirotutu,Seyi,Ajirotutu,Panthers,WR,66
David Ausberry,David,Ausberry,Raiders,TE,66
John Gilmore,John,Gilmore,Saints,TE,66
Dane Sanzenbacher,Dane,Sanzenbacher,Bears,WR,65
Sam Hurd,Sam,Hurd,Bears,WR,65
Thomas Gafford,Thomas,Gafford,Chiefs,TE,65
Kevin Ogletree,Kevin,Ogletree,Cowboys,WR,65
Jake Ballard,Jake,Ballard,Giants,TE,65
Taylor Price,Taylor,Price,Patriots,WR,65
Brandon Myers,Brandon,Myers,Raiders,TE,65
Austin Pettis,Austin,Pettis,Rams,WR,65
Dennis Pitta,Dennis,Pitta,Ravens,TE,65
Tandon Doss,Tandon,Doss,Ravens,WR,65
Lee Smith,Lee,Smith,Bills,TE,64
Julius Thomas,Julius,Thomas,Broncos,TE,64
Matthew Willis,Matthew,Willis,Broncos,WR,64
Clyde Gates,Clyde,Gates,Dolphins,WR,64
Riley Cooper,Riley,Cooper,Eagles,WR,64
Jerrel Jernigan,Jerrel,Jernigan,Giants,WR,64
Mardy Gilyard,Mardy,Gilyard,Jets,WR,64
Denarius Moore,Denarius,Moore,Raiders,WR,64
Kris Durham,Kris,Durham,Seahawks,WR,64
Scott Chandler,Scott,Chandler,Bills,TE,63
Virgil Green,Virgil,Green,Broncos,TE,63
Terrance Copper,Terrance,Copper,Chiefs,WR,63
Jesse Holley,Jesse,Holley,Cowboys,WR,63
Marlon Moore,Marlon,Moore,Dolphins,WR,63
Cullen Loeffler,Cullen,Loeffler,Vikings,TE,63
Kassim Osgood,Kassim,Osgood,Jaguars,WR,63
Patrick Turner,Patrick,Turner,Jets,WR,63
Logan Payne,Logan,Payne,Jets,WR,63
Will Heller,Will,Heller,Lions,TE,63
Stefan Logan,Stefan,Logan,Lions,WR,63
Armanti Edwards,Armanti,Edwards,Panthers,WR,63
Kealoha Pilares,Kealoha,Pilares,Panthers,WR,63
Anthony McCoy,Anthony,McCoy,Seahawks,TE,63
Ryan Whalen,Ryan,Whalen,Bengals,WR,62
Jim Dray,Jim,Dray,Cardinals,TE,62
Kory Sperry,Kory,Sperry,Chargers,TE,62
Jeron Mastrud,Jeron,Mastrud,Dolphins,TE,62
Ryan Taylor,Ryan,Taylor,Packers,TE,62
Logan Paulsen,Logan,Paulsen,Redskins,TE,62
Courtney Roby,Courtney,Roby,Saints,WR,62
Stephen Williams,Stephen,Williams,Cardinals,WR,61
Roberto Wallace,Roberto,Wallace,Dolphins,WR,61
Stephen Williams,Stephen,Williams,Cardinals,WR,61
Roberto Wallace,Roberto,Wallace,Dolphins,WR,61
Brian Jennings,Brian,Jennings,49ers,TE,61
Victor Cruz,Victor,Cruz,Giants,WR,61
Jarett Dillard,Jarett,Dillard,Jaguars,WR,61
Jeremy Kerley,Jeremy,Kerley,Jets,WR,61
Ben Hartsock,Ben,Hartsock,Panthers,TE,61
Brandon Banks,Brandon,Banks,Redskins,WR,61
Weslye Saunders,Weslye,Saunders,Steelers,TE,61
Jordan Norwood,Jordan,Norwood,Browns,WR,60
Demarco Sampson,Demarco,Sampson,Cardinals,WR,60
Kerry Meier,Kerry,Meier,Falcons,WR,60
Joe Zelenka,Joe,Zelenka,Falcons,TE,60
Cecil Shorts,Cecil,Shorts,Jaguars,WR,60
Tom Crabtree,Tom,Crabtree,Packers,TE,60
Richard Gordon,Richard,Gordon,Raiders,TE,60
Dominique Byrd,Dominique,Byrd,Seahawks,TE,60
Clark Harris,Clark,Harris,Bengals,TE,59
Zack Pianalto,Zack,Pianalto,Buccaneers,TE,59
Terrence Austin,Terrence,Austin,Redskins,WR,59
Mickey Shuler,Mickey,Shuler,Bengals,TE,58
Bryan Walters,Bryan,Walters,Chargers,WR,58
David Reed,David,Reed,Ravens,WR,58
Jake O'Connell,Jake,O'Connell,Chiefs,TE,57
Mike McNeill,Mike,McNeill,Colts,TE,57
Michael Palmer,Michael,Palmer,Falcons,TE,57
Matthew Mulligan,Matthew,Mulligan,Jets,TE,57
Jeff Cumberland,Jeff,Cumberland,Jets,TE,57
Richard Goodman,Richard,Goodman,Chargers,WR,56
Zach Potter,Zach,Potter,Jaguars,TE,56
Kyle Adams,Kyle,Adams,Bears,TE,55
Preston Parker,Preston,Parker,Buccaneers,WR,55
Justin Snow,Justin,Snow,Colts,TE,55
Stephen Burton,Stephen,Burton,Vikings,WR,55
Dominique Curry,Dominique,Curry,Rams,WR,54
LaQuan Williams,LaQuan,Williams,Ravens,WR,54
Kyle Williams,Kyle,Williams,49ers,WR,52
Don Muhlbach,Don,Muhlbach,Lions,TE,52
Tanner Purdum,Tanner,Purdum,Jets,TE,51
Nick Miller,Nick,Miller,Raiders,WR,51
Trindon Holliday,Trindon,Holliday,Texans,WR,50
Danny Aiken,Danny,Aiken,Patriots,TE,46
Mike Windt,Mike,Windt,Chargers,TE,44
Jacob McQuaide,Jacob,McQuaide,Rams,TE,43
Adrian Peterson,Adrian,Peterson,Vikings,HB,97
Chris Johnson,Chris,Johnson,Titans,HB,96
Jamaal Charles,Jamaal,Charles,Chiefs,HB,95
Maurice Jones-Drew,Maurice,Jones-Drew,Jaguars,HB,95
Ovie Mughelli,Ovie,Mughelli,Falcons,FB,94
Steven Jackson,Steven,Jackson,Rams,HB,94
Michael Turner,Michael,Turner,Falcons,HB,93
Arian Foster,Arian,Foster,Texans,HB,92
Ray Rice,Ray,Rice,Ravens,HB,92
Peyton Hillis,Peyton,Hillis,Browns,HB,91
Vonta Leach,Vonta,Leach,Ravens,FB,91
Frank Gore,Frank,Gore,49ers,HB,91
Le'Ron McClain,Le'Ron,McClain,Chiefs,FB,90
DeAngelo Williams,DeAngelo,Williams,Panthers,HB,89
Matt Forte,Matt,Forte,Bears,HB,89
LeSean McCoy,LeSean,McCoy,Eagles,HB,88
Rashard Mendenhall,Rashard,Mendenhall,Steelers,HB,88
Ahmard Hall,Ahmard,Hall,Titans,FB,88
Lawrence Vickers,Lawrence,Vickers,Texans,FB,87
Darren McFadden,Darren,McFadden,Raiders,HB,87
Knowshon Moreno,Knowshon,Moreno,Broncos,HB,85
Ahmad Bradshaw,Ahmad,Bradshaw,Giants,HB,85
Greg Jones,Greg,Jones,Jaguars,FB,84
Montell Owens,Montell,Owens,Jaguars,FB,84
LaDainian Tomlinson,LaDainian,Tomlinson,Jets,HB,84
Ronnie Brown,Ronnie,Brown,Eagles,HB,84
Thomas Jones,Thomas,Jones,Chiefs,HB,83
Marcel Reece,Marcel,Reece,Raiders,FB,83
Joseph Addai,Joseph,Addai,Colts,HB,82
BenJarvus Green-Ellis,BenJarvus,Green-Ellis,Patriots,HB,82
Danny Woodhead,Danny,Woodhead,Patriots,HB,82
Ryan Grant,Ryan,Grant,Packers,HB,82
Felix Jones,Felix,Jones,Cowboys,HB,81
Marshawn Lynch,Marshawn,Lynch,Seahawks,HB,81
Brandon Jacobs,Brandon,Jacobs,Giants,HB,81
LeGarrette Blount,LeGarrette,Blount,Buccaneers,HB,81
Jonathan Stewart,Jonathan,Stewart,Panthers,HB,81
Cedric Benson,Cedric,Benson,Bengals,HB,81
Jahvid Best,Jahvid,Best,Lions,HB,80
Shonn Greene,Shonn,Greene,Jets,HB,80
Fred Jackson,Fred,Jackson,Bills,HB,80
Ricky Williams,Ricky,Williams,Ravens,HB,80
Willis McGahee,Willis,McGahee,Broncos,HB,79
Darren Sproles,Darren,Sproles,Saints,HB,79
Mark Ingram,Mark,Ingram,Saints,HB,79
John Kuhn,John,Kuhn,Packers,FB,79
Tim Hightower,Tim,Hightower,Redskins,HB,78
Earnest Graham,Earnest,Graham,Buccaneers,FB,78
John Conner,John,Conner,Jets,FB,78
Kevin Faulk,Kevin,Faulk,Patriots,HB,78
Kevin Faulk,Kevin,Faulk,Patriots,HB,78
Justin Forsett,Justin,Forsett,Seahawks,HB,77
Michael Bush,Michael,Bush,Raiders,HB,77
Ryan Mathews,Ryan,Mathews,Chargers,HB,77
Mike Tolbert,Mike,Tolbert,Chargers,HB,77
Moran Norris,Moran,Norris,49ers,FB,77
Maurice Morris,Maurice,Morris,Lions,HB,77
Jerome Harrison,Jerome,Harrison,Lions,HB,77
James Starks,James,Starks,Packers,HB,77
Ryan Torain,Ryan,Torain,Redskins,HB,76
Michael Robinson,Michael,Robinson,Seahawks,FB,76
Carnell Williams,Carnell,Williams,Rams,HB,76
Dexter McCluster,Dexter,McCluster,Chiefs,HB,76
Derrick Ward,Derrick,Ward,Texans,HB,76
Owen Schmitt,Owen,Schmitt,Eagles,FB,76
Marion Barber,Marion,Barber,Bears,HB,75
Bernard Scott,Bernard,Scott,Bengals,HB,75
C.J. Spiller,C.J.,Spiller,Bills,HB,75
Chester Taylor,Chester,Taylor,Cardinals,HB,75
Beanie Wells,Beanie,Wells,Cardinals,HB,75
Leon Washington,Leon,Washington,Seahawks,HB,75
Reggie Bush,Reggie,Bush,Dolphins,HB,75
Chris Ivory,Chris,Ivory,Saints,HB,74
Tashard Choice,Tashard,Choice,Cowboys,HB,74
Jason Snelling,Jason,Snelling,Falcons,HB,74
Rashad Jennings,Rashad,Jennings,Jaguars,HB,74
Mike Goodson,Mike,Goodson,Panthers,HB,74
Ryan Williams,Ryan,Williams,Cardinals,HB,73
Jacob Hester,Jacob,Hester,Chargers,FB,73
Korey Hall,Korey,Hall,Saints,FB,73
Brandon Jackson,Brandon,Jackson,Browns,HB,72
Steve Slaton,Steve,Slaton,Texans,HB,72
LaRod Stephens-Howling,LaRod,Stephens-Howling,Cardinals,HB,72
Donald Brown,Donald,Brown,Colts,HB,72
Daniel Thomas,Daniel,Thomas,Dolphins,HB,72
Javon Ringer,Javon,Ringer,Titans,HB,72
Toby Gerhart,Toby,Gerhart,Vikings,HB,72
Mikel Leshoure,Mikel,Leshoure,Lions,HB,72
Jerome Felton,Jerome,Felton,Panthers,FB,72
Corey McIntyre,Corey,McIntyre,Bills,FB,71
Montario Hardesty,Montario,Hardesty,Browns,HB,71
Mewelde Moore,Mewelde,Moore,Steelers,HB,71
Tony Fiammetta,Tony,Fiammetta,Cowboys,FB,71
Brit Miller,Brit,Miller,Rams,FB,71
Anthony Dixon,Anthony,Dixon,49ers,HB,71
Kendall Hunter,Kendall,Hunter,49ers,HB,71
Brody Eldridge,Brody,Eldridge,Colts,FB,70
James Casey,James,Casey,Texans,FB,70
Isaac Redman,Isaac,Redman,Steelers,HB,70
Stevan Ridley,Stevan,Ridley,Patriots,HB,70
Anthony Sherman,Anthony,Sherman,Cardinals,FB,69
Chris Gronkowski,Chris,Gronkowski,Colts,FB,69
DeMarco Murray,DeMarco,Murray,Cowboys,HB,69
Jacquizz Rodgers,Jacquizz,Rodgers,Falcons,HB,69
Shane Vereen,Shane,Vereen,Patriots,HB,69
Darrel Young,Darrel,Young,Redskins,FB,69
Roy Helu,Roy,Helu,Redskins,HB,69
David Johnson,David,Johnson,Steelers,FB,69
Ben Tate,Ben,Tate,Texans,HB,69
Chris Pressley,Chris,Pressley,Bengals,FB,68
Delone Carter,Delone,Carter,Colts,HB,68
Owen Marecic,Owen,Marecic,Browns,FB,67
Dion Lewis,Dion,Lewis,Eagles,HB,67
Taiwan Jones,Taiwan,Jones,Raiders,HB,67
Rock Cartwright,Rock,Cartwright,Raiders,HB,67
Jerious Norwood,Jerious,Norwood,Rams,HB,67
Brian Leonard,Brian,Leonard,Bengals,HB,66
Johnny White,Johnny,White,Bills,HB,66
Lance Ball,Lance,Ball,Broncos,HB,66
Jackie Battle,Jackie,Battle,Chiefs,HB,66
Deji Karim,Deji,Karim,Jaguars,HB,66
Quinn Johnson,Quinn,Johnson,Titans,FB,66
Lorenzo Booker,Lorenzo,Booker,Vikings,HB,66
Bilal Powell,Bilal,Powell,Jets,HB,65
Jamie Harper,Jamie,Harper,Titans,HB,65
Will Ta'ufo'ou,Will,Ta'ufo'ou,Bears,FB,64
Spencer Larsen,Spencer,Larsen,Broncos,FB,64
Keiland Williams,Keiland,Williams,Lions,FB,64
Alex Green,Alex,Green,Packers,HB,64
Kahlil Bell,Kahlil,Bell,Bears,HB,63
Henry Hynoski,Henry,Hynoski,Giants,FB,63
D.J. Ware,D.J.,Ware,Giants,HB,63
Kregg Lumpkin,Kregg,Lumpkin,Buccaneers,HB,62
Jordan Todman,Jordan,Todman,Chargers,HB,62
Joe McKnight,Joe,McKnight,Jets,HB,62
Allen Bradford,Allen,Bradford,Buccaneers,HB,61
Charles Clay,Charles,Clay,Dolphins,FB,61
Eric Kettani,Eric,Kettani,Patriots,FB,61
Armond Smith,Armond,Smith,Browns,HB,60
Erik Lorig,Erik,Lorig,Buccaneers,FB,60
Lex Hilliard,Lex,Hilliard,Dolphins,HB,60
Anthony Allen,Anthony,Allen,Ravens,HB,60
Jonathan Dwyer,Jonathan,Dwyer,Steelers,HB,60
Xavier Omon,Xavier,Omon,49ers,HB,59
Alfonso Smith,Alfonso,Smith,Cardinals,HB,58
Darren Evans,Darren,Evans,Colts,HB,58
Ryan D'Imperio,Ryan,D'Imperio,Vikings,FB,58
Antone Smith,Antone,Smith,Falcons,HB,57
Tyler Clutts,Tyler,Clutts,Browns,FB,54
Bruce Miller,Bruce,Miller,49ers,FB,51
Jahri Evans,Jahri,Evans,Saints,RG,98
Jake Long,Jake,Long,Dolphins,LT,97
Nick Mangold,Nick,Mangold,Jets,C,97
Carl Nicks,Carl,Nicks,Saints,LG,96
Chris Snee,Chris,Snee,Giants,RG,96
Jeff Saturday,Jeff,Saturday,Colts,C,95
Ben Grubbs,Ben,Grubbs,Ravens,LG,95
Joe Thomas,Joe,Thomas,Browns,LT,95
Kris Dielman,Kris,Dielman,Chargers,LG,94
D'Brickashaw Ferguson,D'Brickashaw,Ferguson,Jets,LT,94
Tyson Clabo,Tyson,Clabo,Falcons,RT,93
Logan Mankins,Logan,Mankins,Patriots,LG,93
Ryan Clady,Ryan,Clady,Broncos,LT,92
Josh Sitton,Josh,Sitton,Packers,RG,92
Steve Hutchinson,Steve,Hutchinson,Vikings,LG,92
Jordan Gross,Jordan,Gross,Panthers,LT,92
Michael Roos,Michael,Roos,Titans,LT,91
Kareem McKenzie,Kareem,McKenzie,Giants,RT,91
David Stewart,David,Stewart,Titans,RT,91
Matt Birk,Matt,Birk,Ravens,C,91
Todd McClure,Todd,McClure,Falcons,C,90
Todd Herremans,Todd,Herremans,Eagles,RT,90
Eric Winston,Eric,Winston,Texans,RT,90
Brandon Moore,Brandon,Moore,Jets,RG,90
Vernon Carey,Vernon,Carey,Dolphins,RG,90
Ryan Kalil,Ryan,Kalil,Panthers,C,89
Marcus McNeill,Marcus,McNeill,Chargers,LT,89
Bobbie Williams,Bobbie,Williams,Bengals,RG,89
Jason Peters,Jason,Peters,Eagles,LT,89
Dan Koppen,Dan,Koppen,Patriots,C,89
Davin Joseph,Davin,Joseph,Buccaneers,RG,88
Chad Clifton,Chad,Clifton,Packers,LT,88
Alex Mack,Alex,Mack,Browns,C,88
Mike Iupati,Mike,Iupati,49ers,LG,88
Joe Staley,Joe,Staley,49ers,LT,88
Maurkice Pouncey,Maurkice,Pouncey,Steelers,C,88
Matt Light,Matt,Light,Patriots,LT,88
Michael Oher,Michael,Oher,Ravens,RT,88
Robert Gallery,Robert,Gallery,Seahawks,LG,87
Jason Smith,Jason,Smith,Rams,RT,87
Ryan Lilja,Ryan,Lilja,Chiefs,LG,87
Brian Waters,Brian,Waters,Patriots,RG,87
Sam Baker,Sam,Baker,Falcons,LT,87
Harvey Dahl,Harvey,Dahl,Rams,RG,87
Donald Penn,Donald,Penn,Buccaneers,LT,87
Jason Brown,Jason,Brown,Rams,C,86
Nick Hardwick,Nick,Hardwick,Chargers,C,86
Branden Albert,Branden,Albert,Chiefs,LT,86
Eric Steinbach,Eric,Steinbach,Browns,LG,86
Wade Smith,Wade,Smith,Texans,LG,86
Travelle Wharton,Travelle,Wharton,Panthers,LG,85
Andrew Whitworth,Andrew,Whitworth,Bengals,LT,85
Brad Meester,Brad,Meester,Jaguars,C,85
Eben Britton,Eben,Britton,Jaguars,RT,85
Jeff Otah,Jeff,Otah,Panthers,RT,85
Jeff Faine,Jeff,Faine,Buccaneers,C,85
Marshal Yanda,Marshal,Yanda,Ravens,RG,85
Bryant McKinnie,Bryant,McKinnie,Ravens,LT,85
Andre Gurode,Andre,Gurode,Ravens,C,85
Rob Sims,Rob,Sims,Lions,LG,84
Jammal Brown,Jammal,Brown,Redskins,RT,84
Chris Williams,Chris,Williams,Bears,LG,84
Doug Free,Doug,Free,Cowboys,LT,84
Scott Wells,Scott,Wells,Packers,C,84
David Diehl,David,Diehl,Giants,LG,84
Chris Kuper,Chris,Kuper,Broncos,RG,84
Uche Nwaneri,Uche,Nwaneri,Jaguars,RG,84
Justin Blalock,Justin,Blalock,Falcons,LG,83
Jeff Backus,Jeff,Backus,Lions,LT,83
Rodger Saffold,Rodger,Saffold,Rams,LT,83
Jake Scott,Jake,Scott,Titans,RG,83
Russell Okung,Russell,Okung,Seahawks,LT,83
Casey Wiegmann,Casey,Wiegmann,Chiefs,C,83
Willie Colon,Willie,Colon,Steelers,RT,82
Andy Levitre,Andy,Levitre,Bills,LG,82
Kyle Kosier,Kyle,Kosier,Cowboys,RG,82
Bryan Bulaga,Bryan,Bulaga,Packers,RT,82
Daryn Colledge,Daryn,Colledge,Cardinals,LG,82
Olin Kreutz,Olin,Kreutz,Saints,C,82
Jared Gaither,Jared,Gaither,Chiefs,RT,82
Eugene Monroe,Eugene,Monroe,Jaguars,LT,81
Sebastian Vollmer,Sebastian,Vollmer,Patriots,RT,81
Jared Veldheer,Jared,Veldheer,Raiders,LT,81
Gabe Carimi,Gabe,Carimi,Bears,RT,80
Trent Williams,Trent,Williams,Redskins,LT,80
Leroy Harris,Leroy,Harris,Titans,LG,80
Duane Brown,Duane,Brown,Texans,LT,80
Dominic Raiola,Dominic,Raiola,Lions,C,80
Jonathan Goodwin,Jonathan,Goodwin,49ers,C,80
Louis Vasquez,Louis,Vasquez,Chargers,RG,80
Gosder Cherilus,Gosder,Cherilus,Lions,RT,80
Jermon Bushrod,Jermon,Bushrod,Saints,LT,80
Charlie Johnson,Charlie,Johnson,Vikings,LT,80
Ryan Diem,Ryan,Diem,Colts,RG,80
Richie Incognito,Richie,Incognito,Dolphins,LG,79
Chris Myers,Chris,Myers,Texans,C,79
Derek Sherrod,Derek,Sherrod,Packers,LG,79
Chris Chester,Chris,Chester,Redskins,RG,79
Mike Pouncey,Mike,Pouncey,Dolphins,C,79
Chilo Rachal,Chilo,Rachal,49ers,RG,79
Kyle Cook,Kyle,Cook,Bengals,C,78
Eric Wood,Eric,Wood,Bills,C,78
Zane Beadles,Zane,Beadles,Broncos,LG,78
Deuce Lutui,Deuce,Lutui,Cardinals,RG,78
Barry Richardson,Barry,Richardson,Chiefs,RT,78
Marc Colombo,Marc,Colombo,Dolphins,RT,78
Jamaal Jackson,Jamaal,Jackson,Eagles,C,78
Winston Justice,Winston,Justice,Eagles,RT,78
Adam Goldberg,Adam,Goldberg,Rams,RT,78
Wayne Hunter,Wayne,Hunter,Jets,RT,77
Nate Livings,Nate,Livings,Bengals,LG,77
Dennis Roland,Dennis,Roland,Bengals,RT,77
Stefen Wisniewski,Stefen,Wisniewski,Raiders,LG,77
Kasey Studdard,Kasey,Studdard,Texans,LG,77
Tony Pashos,Tony,Pashos,Browns,RT,77
Jeremy Trueblood,Jeremy,Trueblood,Buccaneers,RT,77
Rex Hadnot,Rex,Hadnot,Cardinals,RG,77
Jason Spitz,Jason,Spitz,Jaguars,LG,77
Brandon Keith,Brandon,Keith,Cardinals,RT,77
Tyron Smith,Tyron,Smith,Cowboys,RT,77
Evan Mathis,Evan,Mathis,Eagles,LG,77
Anthony Davis,Anthony,Davis,49ers,RT,77
Adam Snyder,Adam,Snyder,49ers,C,77
Cooper Carlisle,Cooper,Carlisle,Raiders,RG,76
James Carpenter,James,Carpenter,Seahawks,RT,76
Andre Smith,Andre,Smith,Bengals,RT,76
Anthony Collins,Anthony,Collins,Bengals,LT,76
Lyle Sendlein,Lyle,Sendlein,Cardinals,C,76
T.J. Lang,T.J.,Lang,Packers,LG,76
Jeromey Clary,Jeromey,Clary,Chargers,RT,76
Anthony Castonzo,Anthony,Castonzo,Colts,LT,76
Mike Pollak,Mike,Pollak,Colts,RG,76
John Jerry,John,Jerry,Dolphins,RG,76
Danny Watkins,Danny,Watkins,Eagles,RG,76
Geoff Schwartz,Geoff,Schwartz,Panthers,RG,76
Max Unger,Max,Unger,Seahawks,C,76
Ramon Foster,Ramon,Foster,Steelers,LG,75
Phil Loadholt,Phil,Loadholt,Vikings,RT,75
Nate Solder,Nate,Solder,Patriots,LT,75
Russ Hochstein,Russ,Hochstein,Broncos,RG,75
James Lee,James,Lee,Buccaneers,RT,75
Chris Kemoeatu,Chris,Kemoeatu,Steelers,LG,75
Jon Asamoah,Jon,Asamoah,Chiefs,RG,75
Matthew Slauson,Matthew,Slauson,Jets,LG,75
Kory Lichtensteiger,Kory,Lichtensteiger,Redskins,LG,75
Mike Brisiel,Mike,Brisiel,Texans,RG,75
Kyle DeVan,Kyle,DeVan,Eagles,RG,75
Stephen Peterman,Stephen,Peterman,Lions,RG,75
Stacy Andrews,Stacy,Andrews,Giants,RT,75
Chris Spencer,Chris,Spencer,Bears,C,74
Clint Boling,Clint,Boling,Bengals,LG,74
Chad Rinehart,Chad,Rinehart,Bills,LG,74
Oniel Cousins,Oniel,Cousins,Browns,RT,74
Jeremy Bridges,Jeremy,Bridges,Cardinals,RT,74
Khalif Barnes,Khalif,Barnes,Raiders,RT,74
John Moffitt,John,Moffitt,Seahawks,RG,74
Ryan O'Callaghan,Ryan,O'Callaghan,Chiefs,RT,74
Nate Garner,Nate,Garner,Dolphins,RT,74
J'Marcus Webb,J'Marcus,Webb,Bears,LT,73
Roberto Garza,Roberto,Garza,Bears,C,73
Doug Legursky,Doug,Legursky,Steelers,RG,73
Demetrius Bell,Demetrius,Bell,Bills,LT,73
John Sullivan,John,Sullivan,Vikings,C,73
Ted Larsen,Ted,Larsen,Buccaneers,LG,73
Jeremy Zuttah,Jeremy,Zuttah,Buccaneers,C,73
Floyd Womack,Floyd,Womack,Cardinals,LG,73
Jonathan Scott,Jonathan,Scott,Steelers,LT,73
Scott Mruczkowski,Scott,Mruczkowski,Chargers,C,73
Charles Brown,Charles,Brown,Saints,RT,73
Antoine Caldwell,Antoine,Caldwell,Texans,RG,73
Eugene Amano,Eugene,Amano,Titans,C,73
William Beatty,William,Beatty,Giants,LT,73
Zach Strief,Zach,Strief,Saints,RT,73
Mackenzy Bernadeau,Mackenzy,Bernadeau,Panthers,RG,73
Lance Louis,Lance,Louis,Bears,RG,72
Shawn Lauvao,Shawn,Lauvao,Browns,RG,72
John Greco,John,Greco,Browns,RG,72
Ben Ijalana,Ben,Ijalana,Colts,RT,72
Samson Satele,Samson,Satele,Raiders,C,72
Will Montgomery,Will,Montgomery,Redskins,C,72
Frank Omiyale,Frank,Omiyale,Bears,LT,71
Bruce Campbell,Bruce,Campbell,Raiders,LG,71
J.D. Walton,J.D.,Walton,Broncos,C,71
Herb Taylor,Herb,Taylor,Broncos,RT,71
Steve Vallos,Steve,Vallos,Browns,C,71
Dan Connolly,Dan,Connolly,Patriots,RG,71
Rodney Hudson,Rodney,Hudson,Chiefs,C,71
Anthony Herrera,Anthony,Herrera,Vikings,RG,71
Derrick Dockery,Derrick,Dockery,Cowboys,RG,71
Tony Wragge,Tony,Wragge,Rams,LG,71
David Baas,David,Baas,Giants,C,71
Will Rackley,Will,Rackley,Jaguars,LG,71
Vladimir Ducasse,Vladimir,Ducasse,Jets,RT,71
Corey Hilliard,Corey,Hilliard,Lions,RT,71
Trai Essex,Trai,Essex,Steelers,C,70
Chris Hairston,Chris,Hairston,Bills,RT,70
Erik Pears,Erik,Pears,Bills,RT,70
Levi Brown,Levi,Brown,Cardinals,LT,70
Jah Reid,Jah,Reid,Ravens,RT,70
Michael Otto,Michael,Otto,Titans,RT,70
Tyler Polumbus,Tyler,Polumbus,Seahawks,LT,69
Kraig Urbik,Kraig,Urbik,Bills,RG,69
Eric Young,Eric,Young,Chargers,RT,69
Garrett Reynolds,Garrett,Reynolds,Falcons,RG,69
Stephon Heyer,Stephon,Heyer,Raiders,LT,69
Greg Warren,Greg,Warren,Steelers,C,69
Sean Locklear,Sean,Locklear,Redskins,LT,69
Patrick Mannelly,Patrick,Mannelly,Bears,C,68
Jason Pinkston,Jason,Pinkston,Browns,LG,68
Ryan Durand,Ryan,Durand,Titans,RG,68
Phil Costa,Phil,Costa,Cowboys,C,68
David Arkin,David,Arkin,Cowboys,LG,68
Joe Hawley,Joe,Hawley,Falcons,C,68
Will Svitek,Will,Svitek,Falcons,RT,68
Kevin Boothe,Kevin,Boothe,Giants,LG,68
Otis Hudson,Otis,Hudson,Bengals,RG,67
Mike McGlynn,Mike,McGlynn,Bengals,RG,67
Orlando Franklin,Orlando,Franklin,Broncos,RT,67
Lonie Paxton,Lonie,Paxton,Broncos,C,67
Breno Giacomini,Breno,Giacomini,Seahawks,RT,67
Marcus Gilbert,Marcus,Gilbert,Steelers,LT,67
Steve Schilling,Steve,Schilling,Chargers,LG,67
Jamey Richard,Jamey,Richard,Colts,C,67
Ray Feinga,Ray,Feinga,Dolphins,LG,67
Patrick Brown,Patrick,Brown,Vikings,RT,67
Marcus Cannon,Marcus,Cannon,Patriots,RG,67
Tyronne Green,Tyronne,Green,Chargers,RG,66
Brandyn Dombrowski,Brandyn,Dombrowski,Chargers,LT,66
Jermey Parnell,Jermey,Parnell,Cowboys,RT,66
Bill Nagy,Bill,Nagy,Cowboys,LG,66
Ryan Cook,Ryan,Cook,Dolphins,C,66
Julian Vandervelde,Julian,Vandervelde,Eagles,LG,66
Mike Johnson,Mike,Johnson,Falcons,RG,66
Troy Kropog,Troy,Kropog,Titans,LT,66
Mike Person,Mike,Person,49ers,RT,66
Dylan Gandy,Dylan,Gandy,Lions,RG,66
Paul Fanaika,Paul,Fanaika,Seahawks,RG,65
Darryl Harris,Darryl,Harris,Chiefs,LG,65
Jeff Linkenbach,Jeff,Linkenbach,Colts,RT,65
Jason Kelce,Jason,Kelce,Eagles,C,65
King Dunlap,King,Dunlap,Eagles,LT,65
Guy Whimper,Guy,Whimper,Jaguars,LT,65
Caleb Schlauderaff,Caleb,Schlauderaff,Jets,LG,65
Chris Scott,Chris,Scott,Steelers,RT,65
Lee Ziemba,Lee,Ziemba,Panthers,RT,65
Joe Barksdale,Joe,Barksdale,Raiders,RT,65
Seth Olsen,Seth,Olsen,Vikings,LG,65
Paul McQuistan,Paul,McQuistan,Seahawks,LG,65
Chris Scott,Chris,Scott,Steelers,RT,65
Seth Olsen,Seth,Olsen,Vikings,LG,65
Ryan Pontbriand,Ryan,Pontbriand,Browns,C,64
Derek Hardman,Derek,Hardman,Buccaneers,RG,64
Joe Reitz,Joe,Reitz,Colts,LG,64
Bryan Mattison,Bryan,Mattison,Ravens,RG,64
Brian De La Puente,Brian,De La Puente,Saints,LG,64
Lemuel Jeanpierre,Lemuel,Jeanpierre,Seahawks,C,64
Brandon Fusco,Brandon,Fusco,Vikings,C,64
Jon Cooper,Jon,Cooper,Vikings,C,64
Rashad Butler,Rashad,Butler,Texans,LT,63
Jason Fox,Jason,Fox,Lions,LT,63
Marshall Newhouse,Marshall,Newhouse,Packers,RT,63
Ryan McKee,Ryan,McKee,Rams,LT,63
Drew Miller,Drew,Miller,Rams,C,63
Eric Olsen,Eric,Olsen,Redskins,RG,63
Kevin Matthews,Kevin,Matthews,Titans,C,63
John Estes,John,Estes,Jaguars,C,62
Kevin Haslam,Kevin,Haslam,Jaguars,RG,62
Cameron Bradfield,Cameron,Bradfield,Jaguars,RT,62
Evan Dietrich-Smith,Evan,Dietrich-Smith,Packers,C,62
Byron Bell,Byron,Bell,Panthers,LG,62
Maurice Hurt,Maurice,Hurt,Redskins,LG,62
Byron Stingily,Byron,Stingily,Titans,RT,62
Levi Horn,Levi,Horn,Bears,RG,61
Chris Clark,Chris,Clark,Broncos,LT,61
Andrew Economos,Andrew,Economos,Buccaneers,C,61
Rob Bruggeman,Rob,Bruggeman,Falcons,C,61
Robert Turner,Robert,Turner,Jets,RG,61
Dan Gerberry,Dan,Gerberry,Lions,C,61
D'Anthony Batiste,D'Anthony,Batiste,Cardinals,LT,60
Sam Young,Sam,Young,Cowboys,LT,60
Daniel Kilgore,Daniel,Kilgore,49ers,LG,60
Mark LeVoir,Mark,LeVoir,Ravens,LT,60
Willie Smith,Willie,Smith,Redskins,RT,60
Edwin Williams,Edwin,Williams,Bears,LG,59
Manny Ramirez,Manny,Ramirez,Broncos,C,59
Brett Goode,Brett,Goode,Packers,C,59
C.J. Davis,C.J.,Davis,Panthers,C,59
DeMarcus Love,DeMarcus,Love,Vikings,LT,59
Thomas Austin,Thomas,Austin,Texans,LG,59
Garrison Sanborn,Garrison,Sanborn,Bills,C,58
Erik Cook,Erik,Cook,Redskins,C,58
Steve Maneri,Steve,Maneri,Chiefs,LT,57
Colin Baxter,Colin,Baxter,Jets,C,57
Ryan Wendell,Ryan,Wendell,Patriots,C,57
Kevin Kowalski,Kevin,Kowalski,Cowboys,C,56
J.J. Jansen,J.J.,Jansen,Panthers,C,56
Ramon Harewood,Ramon,Harewood,Ravens,LT,56
Nick Sundberg,Nick,Sundberg,Redskins,C,56
Demar Dotson,Demar,Dotson,Buccaneers,LT,55
Fernando Velasco,Fernando,Velasco,Titans,LG,54
Colin Brown,Colin,Brown,Bills,RG,52
Alex Boone,Alex,Boone,49ers,LT,52
Patrick Willis,Patrick,Willis,49ers,MLB,98
DeMarcus Ware,DeMarcus,Ware,Cowboys,ROLB,98
James Harrison,James,Harrison,Steelers,ROLB,98
Jon Beason,Jon,Beason,Panthers,MLB,97
Ray Lewis,Ray,Lewis,Ravens,MLB,95
Clay Matthews,Clay,Matthews,Packers,LOLB,95
Terrell Suggs,Terrell,Suggs,Ravens,ROLB,94
Brian Urlacher,Brian,Urlacher,Bears,MLB,94
Lance Briggs,Lance,Briggs,Bears,ROLB,93
LaMarr Woodley,LaMarr,Woodley,Steelers,LOLB,93
David Harris,David,Harris,Jets,MLB,92
London Fletcher,London,Fletcher,Redskins,MLB,91
Jonathan Vilma,Jonathan,Vilma,Saints,MLB,91
Tamba Hali,Tamba,Hali,Chiefs,ROLB,91
Shaun Phillips,Shaun,Phillips,Chargers,LOLB,91
James Farrior,James,Farrior,Steelers,MLB,91
Jerod Mayo,Jerod,Mayo,Patriots,LOLB,90
Karlos Dansby,Karlos,Dansby,Dolphins,MLB,90
Lawrence Timmons,Lawrence,Timmons,Steelers,MLB,90
Chad Greenway,Chad,Greenway,Vikings,ROLB,90
Curtis Lofton,Curtis,Lofton,Falcons,MLB,90
Bart Scott,Bart,Scott,Jets,MLB,90
D.J. Williams,D.J.,Williams,Broncos,LOLB,89
Mario Williams,Mario,Williams,Texans,ROLB,89
DeMeco Ryans,DeMeco,Ryans,Texans,MLB,89
Cameron Wake,Cameron,Wake,Dolphins,ROLB,89
Daryl Smith,Daryl,Smith,Jaguars,LOLB,89
E.J. Henderson,E.J.,Henderson,Vikings,MLB,88
Nick Barnett,Nick,Barnett,Bills,MLB,88
Brian Orakpo,Brian,Orakpo,Redskins,ROLB,88
James Laurinaitis,James,Laurinaitis,Rams,MLB,87
James Anderson,James,Anderson,Panthers,ROLB,87
Takeo Spikes,Takeo,Spikes,Chargers,MLB,87
Paul Posluszny,Paul,Posluszny,Jaguars,MLB,87
Kamerion Wimbley,Kamerion,Wimbley,Raiders,ROLB,87
Gary Brackett,Gary,Brackett,Colts,MLB,86
Derrick Johnson,Derrick,Johnson,Chiefs,MLB,86
Brian Cushing,Brian,Cushing,Texans,MLB,86
Barrett Ruud,Barrett,Ruud,Titans,MLB,86
Stephen Tulloch,Stephen,Tulloch,Lions,ROLB,85
A.J. Hawk,A.J.,Hawk,Packers,MLB,85
Will Witherspoon,Will,Witherspoon,Titans,ROLB,84
David Hawthorne,David,Hawthorne,Seahawks,MLB,84
Calvin Pace,Calvin,Pace,Jets,ROLB,84
Keith Rivers,Keith,Rivers,Bengals,ROLB,84
Bradie James,Bradie,James,Cowboys,MLB,83
Thomas Davis,Thomas,Davis,Panthers,LOLB,83
Rey Maualuga,Rey,Maualuga,Bengals,MLB,83
Stephen Cooper,Stephen,Cooper,Chargers,MLB,83
D'Qwell Jackson,D'Qwell,Jackson,Browns,MLB,83
Desmond Bishop,Desmond,Bishop,Packers,MLB,82
Scott Fujita,Scott,Fujita,Browns,ROLB,82
Geno Hayes,Geno,Hayes,Buccaneers,ROLB,82
Rolando McClain,Rolando,McClain,Raiders,MLB,82
Ben Leber,Ben,Leber,Rams,LOLB,82
Aaron Curry,Aaron,Curry,Seahawks,LOLB,82
Keith Brooking,Keith,Brooking,Cowboys,MLB,82
Justin Durant,Justin,Durant,Lions,LOLB,82
Anthony Spencer,Anthony,Spencer,Cowboys,LOLB,82
Mike Peterson,Mike,Peterson,Falcons,ROLB,82
Jarret Johnson,Jarret,Johnson,Ravens,LOLB,81
Shawne Merriman,Shawne,Merriman,Bills,ROLB,81
Joey Porter,Joey,Porter,Cardinals,ROLB,81
Rocky McIntosh,Rocky,McIntosh,Redskins,MLB,81
Larry Foote,Larry,Foote,Steelers,MLB,81
Jason Taylor,Jason,Taylor,Dolphins,LOLB,81
Clint Session,Clint,Session,Jaguars,ROLB,81
Manny Lawson,Manny,Lawson,Bengals,LOLB,80
Michael Boley,Michael,Boley,Giants,LOLB,80
Dan Connor,Dan,Connor,Panthers,MLB,80
Stewart Bradley,Stewart,Bradley,Cardinals,MLB,80
Bryan Thomas,Bryan,Thomas,Jets,LOLB,80
Jameel McClain,Jameel,McClain,Ravens,MLB,79
Brandon Spikes,Brandon,Spikes,Patriots,MLB,79
Kirk Morrison,Kirk,Morrison,Bills,MLB,79
Von Miller,Von,Miller,Broncos,ROLB,79
Chris Gocong,Chris,Gocong,Browns,LOLB,79
Quincy Black,Quincy,Black,Buccaneers,LOLB,79
Jonathan Goff,Jonathan,Goff,Giants,MLB,79
LeRoy Hill,LeRoy,Hill,Seahawks,ROLB,79
Mario Haggan,Mario,Haggan,Broncos,MLB,78
Clark Haggans,Clark,Haggans,Cardinals,LOLB,78
Paris Lenon,Paris,Lenon,Cardinals,MLB,78
Scott Shanle,Scott,Shanle,Saints,ROLB,78
Rob Ninkovich,Rob,Ninkovich,Patriots,ROLB,78
Parys Haralson,Parys,Haralson,49ers,ROLB,78
Gary Guyton,Gary,Guyton,Patriots,ROLB,77
Koa Misi,Koa,Misi,Dolphins,LOLB,77
DeAndre Levy,DeAndre,Levy,Lions,MLB,77
Thomas Howard,Thomas,Howard,Bengals,ROLB,76
Andra Davis,Andra,Davis,Bills,MLB,76
Aldon Smith,Aldon,Smith,49ers,ROLB,76
Joe Mays,Joe,Mays,Broncos,MLB,76
Ahmad Brooks,Ahmad,Brooks,49ers,LOLB,76
Demorrio Williams,Demorrio,Williams,Chiefs,MLB,76
Jovan Belcher,Jovan,Belcher,Chiefs,MLB,76
Stephen Nicholas,Stephen,Nicholas,Falcons,LOLB,76
Kevin Burnett,Kevin,Burnett,Dolphins,MLB,76
Moise Fokou,Moise,Fokou,Eagles,ROLB,76
Lorenzo Alexander,Lorenzo,Alexander,Redskins,LOLB,75
Andy Studebaker,Andy,Studebaker,Chiefs,LOLB,75
Pat Angerer,Pat,Angerer,Colts,LOLB,75
Ernie Sims,Ernie,Sims,Colts,ROLB,75
Sean Weatherspoon,Sean,Weatherspoon,Falcons,ROLB,75
Gerald McRath,Gerald,McRath,Titans,ROLB,75
Lorenzo Alexander,Lorenzo,Alexander,Redskins,LOLB,75
Brad Jones,Brad,Jones,Packers,LOLB,74
Daryl Washington,Daryl,Washington,Cardinals,MLB,74
Jason Trusnik,Jason,Trusnik,Dolphins,ROLB,74
Akeem Jordan,Akeem,Jordan,Eagles,ROLB,74
Ryan Kerrigan,Ryan,Kerrigan,Redskins,LOLB,74
Larry English,Larry,English,Chargers,ROLB,73
Connor Barwin,Connor,Barwin,Texans,LOLB,73
Sean Lee,Sean,Lee,Cowboys,MLB,73
Ikaika Alama-Francis,Ikaika,Alama-Francis,Dolphins,LOLB,73
NaVorro Bowman,NaVorro,Bowman,49ers,MLB,73
Keyaron Fox,Keyaron,Fox,Redskins,MLB,73
Bobby Carpenter,Bobby,Carpenter,Lions,LOLB,73
Donald Butler,Donald,Butler,Chargers,MLB,72
Quentin Groves,Quentin,Groves,Raiders,LOLB,72
Jamar Chaney,Jamar,Chaney,Eagles,LOLB,72
Akeem Ayers,Akeem,Ayers,Titans,LOLB,72
Dannell Ellerbe,Dannell,Ellerbe,Ravens,MLB,72
Mathias Kiwanuka,Mathias,Kiwanuka,Giants,ROLB,72
Chris Kelsay,Chris,Kelsay,Bills,LOLB,71
Erik Walden,Erik,Walden,Packers,ROLB,71
Travis LaBoy,Travis,LaBoy,Chargers,ROLB,71
Antwan Barnes,Antwan,Barnes,Chargers,LOLB,71
Zak DeOssie,Zak,DeOssie,Giants,ROLB,71
Paul Kruger,Paul,Kruger,Ravens,ROLB,71
Nick Roach,Nick,Roach,Bears,LOLB,70
Bryan Kehl,Bryan,Kehl,Rams,ROLB,70
Zac Diles,Zac,Diles,Buccaneers,MLB,70
O'Brien Schofield,O'Brien,Schofield,Cardinals,ROLB,70
Martez Wilson,Martez,Wilson,Saints,LOLB,70
Philip Wheeler,Philip,Wheeler,Colts,LOLB,70
Casey Matthews,Casey,Matthews,Eagles,MLB,70
Larry Grant,Larry,Grant,49ers,MLB,70
Brady Poppinga,Brady,Poppinga,Rams,LOLB,70
Frank Zombo,Frank,Zombo,Packers,ROLB,70
Ricky Brown,Ricky,Brown,Raiders,MLB,70
Sergio Kindle,Sergio,Kindle,Ravens,LOLB,70
Erin Henderson,Erin,Henderson,Vikings,LOLB,69
Jo-Lonn Dunbar,Jo-Lonn,Dunbar,Saints,MLB,69
Kaluka Maiava,Kaluka,Maiava,Browns,LOLB,69
Victor Butler,Victor,Butler,Cowboys,LOLB,69
Tavares Gooden,Tavares,Gooden,49ers,MLB,69
Russell Allen,Russell,Allen,Jaguars,MLB,69
Chris Chamberlain,Chris,Chamberlain,Rams,ROLB,69
Will Herring,Will,Herring,Saints,LOLB,69
Arthur Moats,Arthur,Moats,Bills,MLB,68
Brooks Reed,Brooks,Reed,Texans,LOLB,68
Adam Hayward,Adam,Hayward,Buccaneers,ROLB,68
Darryl Sharpton,Darryl,Sharpton,Texans,MLB,68
Kelvin Sheppard,Kelvin,Sheppard,Bills,MLB,67
Mason Foster,Mason,Foster,Buccaneers,MLB,67
Colin McCarthy,Colin,McCarthy,Titans,MLB,67
Kavell Conner,Kavell,Conner,Colts,ROLB,67
Tim Dobbins,Tim,Dobbins,Texans,MLB,67
Reggie Torbor,Reggie,Torbor,Bills,MLB,66
Wesley Woodyard,Wesley,Woodyard,Broncos,LOLB,66
Bruce Carter,Bruce,Carter,Cowboys,MLB,66
Xavier Adibi,Xavier,Adibi,Vikings,MLB,66
Keenan Clayton,Keenan,Clayton,Eagles,LOLB,66
Akeem Dent,Akeem,Dent,Falcons,MLB,66
Spencer Adkins,Spencer,Adkins,Falcons,LOLB,66
Josh Mauga,Josh,Mauga,Jets,MLB,66
Ashlee Palmer,Ashlee,Palmer,Lions,MLB,66
Isaiah Ekejiuba,Isaiah,Ekejiuba,Lions,ROLB,66
Jordan Senn,Jordan,Senn,Panthers,LOLB,66
Dane Fletcher,Dane,Fletcher,Patriots,MLB,66
Darryl Blackstock,Darryl,Blackstock,Raiders,ROLB,66
Jason Worilds,Jason,Worilds,Steelers,ROLB,66
Brian Iwuh,Brian,Iwuh,Bears,ROLB,65
Nate Irving,Nate,Irving,Broncos,MLB,65
Justin Houston,Justin,Houston,Chiefs,ROLB,65
Greg Jones,Greg,Jones,Giants,MLB,65
Garrett McIntyre,Garrett,McIntyre,Jets,ROLB,65
Omar Gaither,Omar,Gaither,Panthers,ROLB,65
Tracy White,Tracy,White,Patriots,LOLB,65
Sam Acho,Sam,Acho,Cardinals,LOLB,64
Cameron Sheffield,Cameron,Sheffield,Chiefs,LOLB,64
Patrick Bailey,Patrick,Bailey,Titans,LOLB,64
Marvin Mitchell,Marvin,Mitchell,Dolphins,MLB,64
Jason Phillips,Jason,Phillips,Ravens,MLB,64
Mark Herzlich,Mark,Herzlich,Giants,ROLB,63
Rob Jackson,Rob,Jackson,Redskins,ROLB,63
Jonathan Casillas,Jonathan,Casillas,Saints,ROLB,63
Matt McCoy,Matt,McCoy,Seahawks,LOLB,62
Jonas Mouton,Jonas,Mouton,Chargers,MLB,62
Greg Lloyd,Greg,Lloyd,Eagles,MLB,62
K.J. Wright,K.J.,Wright,Seahawks,MLB,62
Jacob Cutrera,Jacob,Cutrera,Jaguars,LOLB,62
Jamaal Westerman,Jamaal,Westerman,Jets,LOLB,62
D.J. Smith,D.J.,Smith,Packers,MLB,62
Dekoda Watson,Dekoda,Watson,Buccaneers,LOLB,61
Keaton Kristick,Keaton,Kristick,49ers,MLB,61
Vic So'oto,Vic,So'oto,Packers,LOLB,61
Bruce Davis,Bruce,Davis,Raiders,LOLB,61
Chris Carter,Chris,Carter,Steelers,LOLB,60
Nick Bellore,Nick,Bellore,Jets,MLB,60
Chris Carter,Chris,Carter,Steelers,LOLB,60
Dontay Moch,Dontay,Moch,Bengals,LOLB,59
Titus Brown,Titus,Brown,Browns,MLB,59
Doug Hogue,Doug,Hogue,Lions,LOLB,59
Perry Riley,Perry,Riley,Redskins,MLB,59
Danny Batten,Danny,Batten,Bills,ROLB,58
Andrew Gachkar,Andrew,Gachkar,Chargers,MLB,58
Josh Hull,Josh,Hull,Rams,MLB,58
Nate Triplett,Nate,Triplett,Colts,MLB,57
Austin Spitler,Austin,Spitler,Dolphins,MLB,57
Robert Francois,Robert,Francois,Packers,MLB,57
Stevenson Sylvester,Stevenson,Sylvester,Steelers,MLB,57
Chris White,Chris,White,Bills,MLB,56
Blake Costanzo,Blake,Costanzo,49ers,MLB,56
Jacquian Williams,Jacquian,Williams,Giants,LOLB,56
Tim Shaw,Tim,Shaw,Titans,MLB,56
J.T. Thomas,J.T.,Thomas,Bears,LOLB,55
Mike Mohamed,Mike,Mohamed,Broncos,ROLB,54
Cory Greenwood,Cory,Greenwood,Chiefs,MLB,54
Brian Rolle,Brian,Rolle,Eagles,ROLB,54
Kenny Onatolu,Kenny,Onatolu,Vikings,LOLB,54
Dan Skuta,Dan,Skuta,Bengals,MLB,53
Kyle Bosworth,Kyle,Bosworth,Jaguars,ROLB,53
Jeremy Cain,Jeremy,Cain,Jaguars,MLB,53
Bryan Braman,Bryan,Braman,Texans,ROLB,53
Dom DeCicco,Dom,DeCicco,Bears,MLB,52
Alex Albright,Alex,Albright,Cowboys,ROLB,52
Jabara Williams,Jabara,Williams,Rams,LOLB,52
Ken Amato,Ken,Amato,Titans,MLB,51
Adrian Moten,Adrian,Moten,Colts,ROLB,50
Jon Dorenbos,Jon,Dorenbos,Eagles,LOLB,49
Malcolm Smith,Malcolm,Smith,Seahawks,ROLB,49
Robert Eddins,Robert,Eddins,Bills,LOLB,48
Quinton Spears,Quinton,Spears,Browns,ROLB,48
Spencer Paysinger,Spencer,Paysinger,Giants,MLB,47
Thomas Williams,Thomas,Williams,Panthers,MLB,47
Larry Dean,Larry,Dean,Vikings,ROLB,46
Justin Drescher,Justin,Drescher,Saints,LOLB,43
Shane Lechler,Shane,Lechler,Raiders,P,98
Sam Koch,Sam,Koch,Ravens,P,96
Ryan Longwell,Ryan,Longwell,Vikings,K,96
Rob Bironas,Rob,Bironas,Titans,K,95
Robbie Gould,Robbie,Gould,Bears,K,93
Nate Kaeding,Nate,Kaeding,Chargers,K,93
Donnie Jones,Donnie,Jones,Rams,P,92
David Akers,David,Akers,49ers,K,91
Adam Vinatieri,Adam,Vinatieri,Colts,K,91
Andy Lee,Andy,Lee,49ers,P,90
Mat McBriar,Mat,McBriar,Cowboys,P,90
John Kasay,John,Kasay,Saints,K,89
Jay Feely,Jay,Feely,Cardinals,K,89
Brian Moorman,Brian,Moorman,Bills,P,89
Olindo Mare,Olindo,Mare,Panthers,K,88
Dustin Colquitt,Dustin,Colquitt,Chiefs,P,88
Billy Cundiff,Billy,Cundiff,Ravens,K,88
Jason Hanson,Jason,Hanson,Lions,K,88
Stephen Gostkowski,Stephen,Gostkowski,Patriots,K,87
Josh Brown,Josh,Brown,Rams,K,87
Phil Dawson,Phil,Dawson,Browns,K,87
Sebastian Janikowski,Sebastian,Janikowski,Raiders,K,86
Matt Bryant,Matt,Bryant,Falcons,K,84
Jon Ryan,Jon,Ryan,Seahawks,P,83
Neil Rackers,Neil,Rackers,Texans,K,83
Mike Scifres,Mike,Scifres,Chargers,P,83
Brandon Fields,Brandon,Fields,Dolphins,P,83
Rian Lindell,Rian,Lindell,Bills,K,83
Thomas Morstead,Thomas,Morstead,Saints,P,81
Josh Scobee,Josh,Scobee,Jaguars,K,81
Matt Turk,Matt,Turk,Jaguars,P,81
Matt Prater,Matt,Prater,Broncos,K,80
Dan Carpenter,Dan,Carpenter,Dolphins,K,79
Jason Baker,Jason,Baker,Panthers,P,79
Michael Koenen,Michael,Koenen,Buccaneers,P,79
Daniel Sepulveda,Daniel,Sepulveda,Steelers,P,79
Garrett Hartley,Garrett,Hartley,Saints,K,78
Zoltan Mesko,Zoltan,Mesko,Patriots,P,77
Ryan Succop,Ryan,Succop,Chiefs,K,77
Chris Kluwe,Chris,Kluwe,Vikings,P,77
Tim Masthay,Tim,Masthay,Packers,P,76
Dave Zastudil,Dave,Zastudil,Cardinals,P,76
Kevin Huber,Kevin,Huber,Bengals,P,74
Lawrence Tynes,Lawrence,Tynes,Giants,K,74
Mike Nugent,Mike,Nugent,Bengals,K,73
Pat McAfee,Pat,McAfee,Colts,P,73
Shaun Suisham,Shaun,Suisham,Steelers,K,73
Mason Crosby,Mason,Crosby,Packers,K,72
Britton Colquitt,Britton,Colquitt,Broncos,P,72
Connor Barth,Connor,Barth,Buccaneers,K,71
Nick Folk,Nick,Folk,Jets,K,71
Adam Podlesh,Adam,Podlesh,Bears,P,71
Sav Rocca,Sav,Rocca,Redskins,P,69
David Buehler,David,Buehler,Cowboys,K,67
Alex Henery,Alex,Henery,Eagles,K,66
Steve Weatherford,Steve,Weatherford,Giants,P,66
Graham Gano,Graham,Gano,Redskins,K,66
Steven Hauschka,Steven,Hauschka,Seahawks,K,65
Brett Kern,Brett,Kern,Titans,P,63
Dan Bailey,Dan,Bailey,Cowboys,K,62
Matt Bosher,Matt,Bosher,Falcons,P,60
T.J. Conley,T.J.,Conley,Jets,P,51
Richmond McGee,Richmond,McGee,Browns,P,49
Chas Henry,Chas,Henry,Eagles,P,45
Ryan Donahue,Ryan,Donahue,Lions,P,44
Brett Hartmann,Brett,Hartmann,Texans,P,40
Haloti Ngata,Haloti,Ngata,Ravens,RE,97
Kevin Williams,Kevin,Williams,Vikings,DT,97
Vince Wilfork,Vince,Wilfork,Patriots,DT,96
Julius Peppers,Julius,Peppers,Bears,RE,95
Jared Allen,Jared,Allen,Vikings,RE,94
Justin Tuck,Justin,Tuck,Giants,LE,94
Trent Cole,Trent,Cole,Eagles,RE,93
Kyle Williams,Kyle,Williams,Bills,DT,93
Richard Seymour,Richard,Seymour,Raiders,DT,93
John Abraham,John,Abraham,Falcons,RE,93
Robert Mathis,Robert,Mathis,Colts,LE,93
Dwight Freeney,Dwight,Freeney,Colts,RE,93
Jay Ratliff,Jay,Ratliff,Cowboys,DT,92
Justin Smith,Justin,Smith,49ers,RE,92
Casey Hampton,Casey,Hampton,Steelers,DT,92
Aaron Smith,Aaron,Smith,Steelers,LE,91
Cullen Jenkins,Cullen,Jenkins,Eagles,DT,91
Elvis Dumervil,Elvis,Dumervil,Broncos,RE,91
Jason Babin,Jason,Babin,Eagles,LE,90
Darnell Dockett,Darnell,Dockett,Cardinals,RE,89
Osi Umenyiora,Osi,Umenyiora,Giants,RE,89
Ndamukong Suh,Ndamukong,Suh,Lions,DT,89
Chris Long,Chris,Long,Rams,LE,89
B.J. Raji,B.J.,Raji,Packers,DT,88
Ray Edwards,Ray,Edwards,Falcons,LE,88
Kendall Langford,Kendall,Langford,Dolphins,LE,88
Will Smith,Will,Smith,Saints,RE,88
Aubrayo Franklin,Aubrayo,Franklin,Saints,DT,88
Brett Keisel,Brett,Keisel,Steelers,RE,88
Matt Roth,Matt,Roth,Jaguars,LE,88
Chris Clemons,Chris,Clemons,Seahawks,LE,87
Jonathan Babineaux,Jonathan,Babineaux,Falcons,DT,87
Terrance Knighton,Terrance,Knighton,Jaguars,DT,87
Randy Starks,Randy,Starks,Dolphins,RE,86
Sedrick Ellis,Sedrick,Ellis,Saints,DT,86
Shaun Rogers,Shaun,Rogers,Saints,DT,86
Corey Williams,Corey,Williams,Lions,DT,86
Mike Patterson,Mike,Patterson,Eagles,DT,86
Aaron Kampman,Aaron,Kampman,Jaguars,RE,86
Charles Johnson,Charles,Johnson,Panthers,RE,86
Paul Soliai,Paul,Soliai,Dolphins,DT,86
Shaun Ellis,Shaun,Ellis,Patriots,LE,85
Tommy Kelly,Tommy,Kelly,Raiders,DT,85
Brandon Mebane,Brandon,Mebane,Seahawks,DT,85
Cliff Avril,Cliff,Avril,Lions,LE,85
Carlos Dunlap,Carlos,Dunlap,Bengals,LE,84
Tyson Alualu,Tyson,Alualu,Jaguars,DT,84
Barry Cofield,Barry,Cofield,Redskins,DT,84
Domata Peko,Domata,Peko,Bengals,DT,84
Justin Bannan,Justin,Bannan,Rams,DT,84
Barry Cofield,Barry,Cofield,Redskins,DT,84
Dwan Edwards,Dwan,Edwards,Bills,RE,83
Jermaine Cunningham,Jermaine,Cunningham,Patriots,LE,83
Kelly Gregg,Kelly,Gregg,Chiefs,DT,83
Antonio Smith,Antonio,Smith,Texans,RE,83
Albert Haynesworth,Albert,Haynesworth,Patriots,DT,83
Ryan Pickett,Ryan,Pickett,Packers,LE,83
Israel Idonije,Israel,Idonije,Bears,LE,82
Jason Jones,Jason,Jones,Titans,RE,82
J.J. Watt,J.J.,Watt,Texans,LE,82
Marcell Dareus,Marcell,Dareus,Bills,LE,82
Ty Warren,Ty,Warren,Broncos,DT,82
Fred Robbins,Fred,Robbins,Rams,DT,82
Isaac Sopoaga,Isaac,Sopoaga,49ers,DT,82
Lamarr Houston,Lamarr,Houston,Raiders,LE,82
James Hall,James,Hall,Rams,RE,82
Cory Redding,Cory,Redding,Ravens,LE,82
Anthony Adams,Anthony,Adams,Bears,DT,81
Mike Devito,Mike,Devito,Jets,RE,81
Ahtyba Rubin,Ahtyba,Rubin,Browns,DT,81
Trevor Scott,Trevor,Scott,Raiders,LE,81
Gerald McCoy,Gerald,McCoy,Buccaneers,DT,81
Ron Edwards,Ron,Edwards,Panthers,DT,81
Antonio Garay,Antonio,Garay,Chargers,DT,81
Chris Canty,Chris,Canty,Giants,DT,81
Glenn Dorsey,Glenn,Dorsey,Chiefs,RE,81
Dave Ball,Dave,Ball,Titans,RE,81
Sione Pouha,Sione,Pouha,Jets,DT,81
Michael Johnson,Michael,Johnson,Bengals,RE,80
Matt Shaughnessy,Matt,Shaughnessy,Raiders,RE,80
Calais Campbell,Calais,Campbell,Cardinals,LE,80
Kyle Vanden Bosch,Kyle,Vanden Bosch,Lions,RE,80
John Henderson,John,Henderson,Raiders,DT,79
Brodrick Bunkley,Brodrick,Bunkley,Broncos,DT,79
Andre Carter,Andre,Carter,Patriots,RE,79
Raheem Brock,Raheem,Brock,Seahawks,LE,79
Ziggy Hood,Ziggy,Hood,Steelers,LE,79
Mike Wright,Mike,Wright,Patriots,RE,79
Gerard Warren,Gerard,Warren,Patriots,DT,78
Derrick Morgan,Derrick,Morgan,Titans,LE,78
Robert Quinn,Robert,Quinn,Rams,RE,78
Red Bryant,Red,Bryant,Seahawks,RE,78
Alan Branch,Alan,Branch,Seahawks,DT,78
Adam Carriker,Adam,Carriker,Redskins,LE,78
Jared Odrick,Jared,Odrick,Dolphins,RE,78
Juqua Parker,Juqua,Parker,Eagles,LE,78
Jason Hunter,Jason,Hunter,Broncos,LE,77
Lawrence Jackson,Lawrence,Jackson,Lions,LE,77
Ray McDonald,Ray,McDonald,49ers,LE,77
Cameron Jordan,Cameron,Jordan,Saints,LE,77
Ron Brace,Ron,Brace,Patriots,DT,77
Fili Moala,Fili,Moala,Colts,DT,77
Chris Hoke,Chris,Hoke,Steelers,DT,77
Kenyon Coleman,Kenyon,Coleman,Cowboys,LE,77
Lawrence Jackson,Lawrence,Jackson,Lions,LE,77
Remi Ayodele,Remi,Ayodele,Vikings,DT,77
Corey Peters,Corey,Peters,Falcons,DT,77
Kroy Biermann,Kroy,Biermann,Falcons,LE,77
Ray McDonald,Ray,McDonald,49ers,LE,77
Tim Jamison,Tim,Jamison,Texans,LE,77
Shaun Smith,Shaun,Smith,Titans,DT,77
Nick Fairley,Nick,Fairley,Lions,DT,77
Corey Wootton,Corey,Wootton,Bears,LE,76
Amobi Okoye,Amobi,Okoye,Bears,DT,76
Robert Geathers,Robert,Geathers,Bengals,LE,76
Adrian Clayborn,Adrian,Clayborn,Buccaneers,RE,76
Da'Quan Bowers,Da'Quan,Bowers,Buccaneers,LE,76
Jacques Cesaire,Jacques,Cesaire,Chargers,LE,76
Tyson Jackson,Tyson,Jackson,Chiefs,LE,76
Tyler Brayton,Tyler,Brayton,Colts,LE,76
Marcus Spears,Marcus,Spears,Cowboys,RE,76
Brandon Graham,Brandon,Graham,Eagles,LE,76
Jason Pierre-Paul,Jason,Pierre-Paul,Giants,RE,76
Gary Gibson,Gary,Gibson,Rams,DT,75
Ryan McBean,Ryan,McBean,Broncos,DT,75
Marcus Benard,Marcus,Benard,Browns,RE,75
Shaun Cody,Shaun,Cody,Texans,DT,75
Corey Liuget,Corey,Liuget,Chargers,LE,75
Jamaal Anderson,Jamaal,Anderson,Colts,LE,75
Tony McDaniel,Tony,McDaniel,Dolphins,LE,75
Antonio Dixon,Antonio,Dixon,Eagles,DT,75
Stephen Bowen,Stephen,Bowen,Redskins,RE,75
Sammie Hill,Sammie,Hill,Lions,DT,74
Marcus Thomas,Marcus,Thomas,Broncos,DT,74
Phil Taylor,Phil,Taylor,Browns,DT,74
Dan Williams,Dan,Williams,Cardinals,DT,74
Vonnie Holliday,Vonnie,Holliday,Cardinals,LE,74
Kedric Golston,Kedric,Golston,Redskins,LE,74
Cameron Heyward,Cameron,Heyward,Steelers,RE,74
Brian Robison,Brian,Robison,Vikings,LE,74
Peria Jerry,Peria,Jerry,Falcons,DT,74
Jimmy Kennedy,Jimmy,Kennedy,Giants,DT,74
Jeremy Mincey,Jeremy,Mincey,Jaguars,LE,74
Greg Hardy,Greg,Hardy,Panthers,LE,74
Robert Ayers,Robert,Ayers,Broncos,LE,73
Michael Bennett,Michael,Bennett,Buccaneers,LE,73
Eric Foster,Eric,Foster,Colts,DT,73
Phillip Merling,Phillip,Merling,Dolphins,RE,73
Rocky Bernard,Rocky,Bernard,Giants,DT,73
Darryl Tapp,Darryl,Tapp,Eagles,RE,72
Kevin Vickerson,Kevin,Vickerson,Broncos,DT,72
Jabaal Sheard,Jabaal,Sheard,Browns,RE,72
Antonio Johnson,Antonio,Johnson,Colts,DT,72
Darryl Tapp,Darryl,Tapp,Eagles,RE,72
Austen Lane,Austen,Lane,Jaguars,RE,72
Brian Schaefering,Brian,Schaefering,Browns,DT,71
Brian Price,Brian,Price,Buccaneers,DT,71
Roy Miller,Roy,Miller,Buccaneers,DT,71
Brandon McKinney,Brandon,McKinney,Ravens,DT,71
William Hayes,William,Hayes,Titans,LE,71
C.J. Mosley,C.J.,Mosley,Jaguars,DT,71
Ropati Pitoitua,Ropati,Pitoitua,Jets,LE,71
Terrence Cody,Terrence,Cody,Ravens,DT,71
Jurrell Casey,Jurrell,Casey,Titans,DT,70
Drake Nevis,Drake,Nevis,Colts,DT,70
Muhammad Wilkerson,Muhammad,Wilkerson,Jets,LE,70
Mike Neal,Mike,Neal,Packers,RE,70
Howard Green,Howard,Green,Packers,DT,70
Kyle Love,Kyle,Love,Patriots,DT,70
Mark Anderson,Mark,Anderson,Patriots,RE,70
Desmond Bryant,Desmond,Bryant,Raiders,DT,70
Spencer Johnson,Spencer,Johnson,Bills,RE,69
Linval Joseph,Linval,Joseph,Giants,DT,69
Marvin Austin,Marvin,Austin,Giants,DT,69
Turk McBride,Turk,McBride,Saints,LE,69
Eric Norwood,Eric,Norwood,Panthers,LE,69
Terrell McClain,Terrell,McClain,Panthers,DT,69
Stephen Paea,Stephen,Paea,Bears,DT,68
Alex Carrington,Alex,Carrington,Bills,LE,68
Earl Mitchell,Earl,Mitchell,Texans,DT,68
Allen Bailey,Allen,Bailey,Chiefs,LE,68
Jarvis Jenkins,Jarvis,Jenkins,Redskins,LE,68
Sen'Derrick Marks,Sen'Derrick,Marks,Titans,DT,68
Henry Melton,Henry,Melton,Bears,DT,67
Nick Eason,Nick,Eason,Cardinals,RE,67
Jerry Hughes,Jerry,Hughes,Colts,RE,67
Josh Brent,Josh,Brent,Cowboys,DT,67
Karl Klug,Karl,Klug,Titans,DT,67
Trevor Laws,Trevor,Laws,Eagles,DT,67
Vance Walker,Vance,Walker,Falcons,DT,67
Ricky Jean Francois,Ricky,Jean Francois,49ers,DT,67
Jarius Wynn,Jarius,Wynn,Packers,RE,67
Frostee Rucker,Frostee,Rucker,Bengals,RE,66
Torell Troup,Torell,Troup,Bills,DT,66
Jayme Mitchell,Jayme,Mitchell,Browns,LE,66
Letroy Guion,Letroy,Guion,Vikings,DT,66
Everson Griffen,Everson,Griffen,Vikings,RE,66
Christian Ballard,Christian,Ballard,Vikings,DT,66
Andre Neblett,Andre,Neblett,Panthers,DT,66
Jarvis Moss,Jarvis,Moss,Raiders,RE,66
Christian Ballard,Christian,Ballard,Vikings,DT,66
Everson Griffen,Everson,Griffen,Vikings,RE,66
Tim Bulman,Tim,Bulman,Texans,RE,65
Sione Fua,Sione,Fua,Panthers,DT,65
Jeff Charleston,Jeff,Charleston,Saints,RE,65
Fred Evans,Fred,Evans,Vikings,DT,65
Clinton McDonald,Clinton,McDonald,Seahawks,DT,65
Steve McClendon,Steve,McClendon,Steelers,DT,65
Tim Crowder,Tim,Crowder,Buccaneers,RE,64
Wallace Gilberry,Wallace,Gilberry,Chiefs,RE,64
Sean Lissemore,Sean,Lissemore,Cowboys,LE,64
John Denney,John,Denney,Dolphins,LE,64
Ian Williams,Ian,Williams,49ers,DT,64
D'Anthony Smith,D'Anthony,Smith,Jaguars,DT,64
C.J. Wilson,C.J.,Wilson,Packers,LE,64
Mitch King,Mitch,King,Saints,DT,64
Scott Paxson,Scott,Paxson,Browns,DT,63
Frank Okam,Frank,Okam,Buccaneers,DT,63
Jerrell Powe,Jerrell,Powe,Chiefs,DT,63
Jason Hatcher,Jason,Hatcher,Cowboys,RE,63
Cliff Matthews,Cliff,Matthews,Falcons,RE,63
Will Tukuafu,Will,Tukuafu,49ers,RE,63
Dave Tollefson,Dave,Tollefson,Giants,LE,63
Kenrick Ellis,Kenrick,Ellis,Jets,DT,63
Darell Scott,Darell,Scott,Rams,DT,63
Al Woods,Al,Woods,Seahawks,DT,63
Derrick Harvey,Derrick,Harvey,Broncos,RE,62
Brandon Bair,Brandon,Bair,Chiefs,LE,62
Lawrence Sidbury,Lawrence,Sidbury,Falcons,RE,62
Willie Young,Willie,Young,Lions,RE,62
C.J. Ah You,C.J.,Ah You,Rams,RE,62
Chris Neild,Chris,Neild,Redskins,DT,62
Darrion Scott,Darrion,Scott,Redskins,RE,62
Tom Johnson,Tom,Johnson,Saints,DT,62
Pernell McPhee,Pernell,McPhee,Ravens,RE,61
Zach Clayton,Zach,Clayton,Titans,DT,61
David Carter,David,Carter,Cardinals,DT,60
Cam Thomas,Cam,Thomas,Chargers,DT,60
Leger Douzable,Leger,Douzable,Jaguars,DT,60
George Selvie,George,Selvie,Panthers,RE,60
Greg Romeus,Greg,Romeus,Saints,LE,60
Frank Kearse,Frank,Kearse,Dolphins,DT,59
Lawrence Guy,Lawrence,Guy,Packers,LE,59
Emmanuel Stephens,Emmanuel,Stephens,Browns,LE,58
Martin Tevaseu,Martin,Tevaseu,Jets,DT,58
Andre Fluellen,Andre,Fluellen,Lions,DT,58
Dexter Davis,Dexter,Davis,Seahawks,RE,58
Mario Addison,Mario,Addison,Bears,RE,57
Eugene Sims,Eugene,Sims,Rams,LE,57
Arthur Jones,Arthur,Jones,Ravens,LE,57
Nate Collins,Nate,Collins,Jaguars,DT,56
Clifton Geathers,Clifton,Geathers,Cowboys,RE,55
Carlton Powell,Carlton,Powell,Falcons,DT,55
Marcus Dixon,Marcus,Dixon,Jets,RE,55
Junior Galette,Junior,Galette,Saints,RE,55
Jonathan Weeks,Jonathan,Weeks,Texans,LE,55
L.P. Ladouceur,L.P.,Ladouceur,Cowboys,LE,54
Ryan Baker,Ryan,Baker,Dolphins,LE,54
Demarcus Dobbs,Demarcus,Dobbs,49ers,LE,54
Vaughn Martin,Vaughn,Martin,Chargers,RE,53
Michael McAdoo,Michael,McAdoo,Ravens,LE,53
D'Aundre Reed,D'Aundre,Reed,Vikings,LE,51
Kellen Heard,Kellen,Heard,Bills,LE,50
Jon Condo,Jon,Condo,Raiders,LE,50
Morgan Cox,Morgan,Cox,Ravens,LE,50
Clint Gresham,Clint,Gresham,Seahawks,LE,47
Troy Polamalu,Troy,Polamalu,Steelers,SS,99
Darrelle Revis,Darrelle,Revis,Jets,CB,99
Ed Reed,Ed,Reed,Ravens,FS,98
Nnamdi Asomugha,Nnamdi,Asomugha,Eagles,CB,98
Champ Bailey,Champ,Bailey,Broncos,CB,97
Nick Collins,Nick,Collins,Packers,FS,95
Asante Samuel,Asante,Samuel,Eagles,CB,94
Antoine Bethea,Antoine,Bethea,Colts,FS,93
Charles Woodson,Charles,Woodson,Packers,CB,93
Chris Harris,Chris,Harris,Bears,SS,92
Oshiomogho Atogwe,Oshiomogho,Atogwe,Redskins,SS,92
Adrian Wilson,Adrian,Wilson,Cardinals,SS,92
Tramon Williams,Tramon,Williams,Packers,CB,92
Brandon Flowers,Brandon,Flowers,Chiefs,CB,91
Michael Griffin,Michael,Griffin,Titans,FS,91
Jabari Greer,Jabari,Greer,Saints,CB,90
Corey Webster,Corey,Webster,Giants,CB,90
Antoine Winfield,Antoine,Winfield,Vikings,CB,90
Leon Hall,Leon,Hall,Bengals,CB,90
Cortland Finnegan,Cortland,Finnegan,Titans,CB,90
Dunta Robinson,Dunta,Robinson,Falcons,CB,89
Johnathan Joseph,Johnathan,Joseph,Texans,CB,89
Brian Dawkins,Brian,Dawkins,Broncos,SS,89
Rashean Mathis,Rashean,Mathis,Jaguars,CB,89
Quentin Jammer,Quentin,Jammer,Chargers,CB,89
Aqib Talib,Aqib,Talib,Buccaneers,CB,88
Kerry Rhodes,Kerry,Rhodes,Cardinals,FS,88
Eric Berry,Eric,Berry,Chiefs,SS,88
Quintin Mikell,Quintin,Mikell,Rams,SS,88
Tyvon Branch,Tyvon,Branch,Raiders,SS,87
Chris Hope,Chris,Hope,Titans,SS,87
Eric Weddle,Eric,Weddle,Chargers,FS,87
Vontae Davis,Vontae,Davis,Dolphins,CB,87
Marcus Trufant,Marcus,Trufant,Seahawks,CB,87
Devin McCourty,Devin,McCourty,Patriots,CB,87
Yeremiah Bell,Yeremiah,Bell,Dolphins,SS,87
Joe Haden,Joe,Haden,Browns,CB,86
Brent Grimes,Brent,Grimes,Falcons,CB,86
Charles Tillman,Charles,Tillman,Bears,CB,86
DeAngelo Hall,DeAngelo,Hall,Redskins,CB,86
Tracy Porter,Tracy,Porter,Saints,CB,86
Antonio Cromartie,Antonio,Cromartie,Jets,CB,86
Chris Gamble,Chris,Gamble,Panthers,CB,86
LaRon Landry,LaRon,Landry,Redskins,FS,86
Roman Harper,Roman,Harper,Saints,SS,86
Terrell Thomas,Terrell,Thomas,Giants,CB,85
Dominique Rodgers-Cromartie,Dominique,Rodgers-Cromartie,Eagles,CB,85
Kelvin Hayden,Kelvin,Hayden,Falcons,CB,85
Jim Leonhard,Jim,Leonhard,Jets,SS,85
Terence Newman,Terence,Newman,Cowboys,CB,85
Ronde Barber,Ronde,Barber,Buccaneers,CB,85
Terrell Thomas,Terrell,Thomas,Giants,CB,85
Kelvin Hayden,Kelvin,Hayden,Falcons,CB,85
Stanford Routt,Stanford,Routt,Raiders,CB,85
Dominique Rodgers-Cromartie,Dominique,Rodgers-Cromartie,Eagles,CB,85
Donte Whitner,Donte,Whitner,49ers,SS,85
Antrel Rolle,Antrel,Rolle,Giants,FS,85
Louis Delmas,Louis,Delmas,Lions,FS,84
Nate Clements,Nate,Clements,Bengals,CB,84
Charles Godfrey,Charles,Godfrey,Panthers,SS,84
Jairus Byrd,Jairus,Byrd,Bills,FS,84
Andre' Goodman,Andre',Goodman,Broncos,CB,84
Sheldon Brown,Sheldon,Brown,Browns,CB,84
Bob Sanders,Bob,Sanders,Chargers,SS,84
Michael Huff,Michael,Huff,Raiders,FS,84
Chris Crocker,Chris,Crocker,Bengals,SS,83
Terrence McGee,Terrence,McGee,Bills,CB,83
Ryan Clark,Ryan,Clark,Steelers,FS,83
Tanard Jackson,Tanard,Jackson,Buccaneers,FS,83
Deon Grant,Deon,Grant,Giants,FS,83
Antoine Cason,Antoine,Cason,Chargers,CB,83
Pat Chung,Pat,Chung,Patriots,FS,83
James Sanders,James,Sanders,Falcons,SS,82
Josh Wilson,Josh,Wilson,Redskins,CB,82
Patrick Peterson,Patrick,Peterson,Cardinals,CB,82
Leigh Bodden,Leigh,Bodden,Patriots,CB,82
Abram Elam,Abram,Elam,Cowboys,SS,82
William Moore,William,Moore,Falcons,SS,82
Earl Thomas,Earl,Thomas,Seahawks,FS,82
Glover Quin Jr.,Glover,Quin Jr.,Texans,SS,81
Al Harris,Al,Harris,Rams,CB,81
Prince Amukamara,Prince,Amukamara,Giants,CB,81
Dawan Landry,Dawan,Landry,Jaguars,FS,81
Sean Jones,Sean,Jones,Buccaneers,SS,81
Richard Marshall,Richard,Marshall,Cardinals,CB,81
Cedric Griffin,Cedric,Griffin,Vikings,CB,81
Eric Wright,Eric,Wright,Lions,CB,81
Brandon Carr,Brandon,Carr,Chiefs,CB,81
Kenny Phillips,Kenny,Phillips,Giants,SS,81
Jerraud Powers,Jerraud,Powers,Colts,CB,81
Erik Coleman,Erik,Coleman,Lions,SS,80
Tim Jennings,Tim,Jennings,Bears,CB,80
Tom Zbikowski,Tom,Zbikowski,Ravens,SS,80
Ronald Bartell,Ronald,Bartell,Rams,CB,80
Leodis McKelvin,Leodis,McKelvin,Bills,CB,80
Carlos Rogers,Carlos,Rogers,49ers,CB,80
Sean Smith,Sean,Smith,Dolphins,CB,80
Thomas DeCoud,Thomas,DeCoud,Falcons,FS,80
Dashon Goldson,Dashon,Goldson,49ers,FS,79
Bryan Scott,Bryan,Scott,Bills,SS,79
Bernard Pollard,Bernard,Pollard,Ravens,SS,79
Aaron Ross,Aaron,Ross,Giants,CB,79
Melvin Bullitt,Melvin,Bullitt,Colts,SS,79
Domonique Foxworth,Domonique,Foxworth,Ravens,CB,79
Jordan Babineaux,Jordan,Babineaux,Titans,SS,79
Jarrad Page,Jarrad,Page,Eagles,SS,79
Craig Dahl,Craig,Dahl,Rams,SS,79
Dashon Goldson,Dashon,Goldson,49ers,FS,79
Alterraun Verner,Alterraun,Verner,Titans,CB,78
Chris Carr,Chris,Carr,Ravens,CB,78
Eric Smith,Eric,Smith,Jets,FS,78
Chris Houston,Chris,Houston,Lions,CB,78
Shawntae Spencer,Shawntae,Spencer,49ers,CB,78
Reggie Smith,Reggie,Smith,49ers,SS,78
Gibril Wilson,Gibril,Wilson,Bengals,SS,77
Drayton Florence,Drayton,Florence,Bills,CB,77
Charlie Peprah,Charlie,Peprah,Packers,SS,77
Mike Adams,Mike,Adams,Browns,FS,77
Courtney Greene,Courtney,Greene,Jaguars,SS,77
Morgan Burnett,Morgan,Burnett,Packers,SS,77
Steve Gregory,Steve,Gregory,Chargers,SS,77
Bryant McFadden,Bryant,McFadden,Steelers,CB,77
Mike Jenkins,Mike,Jenkins,Cowboys,CB,77
Husain Abdullah,Husain,Abdullah,Vikings,FS,77
James Butler,James,Butler,Rams,FS,77
Amari Spievey,Amari,Spievey,Lions,SS,77
Kelly Jennings,Kelly,Jennings,Bengals,CB,76
Reggie Nelson,Reggie,Nelson,Bengals,FS,76
Usama Young,Usama,Young,Browns,FS,76
Brodney Pool,Brodney,Pool,Jets,FS,76
Bradley Fletcher,Bradley,Fletcher,Rams,CB,76
Atari Bigby,Atari,Bigby,Seahawks,SS,76
Jason McCourty,Jason,McCourty,Titans,CB,76
Tyrell Johnson,Tyrell,Johnson,Vikings,SS,76
Chris Johnson,Chris,Johnson,Raiders,CB,76
Gerald Sensabaugh,Gerald,Sensabaugh,Cowboys,FS,76
Chris Clemons,Chris,Clemons,Dolphins,FS,76
Phillip Buchanon,Phillip,Buchanon,Redskins,CB,76
Nate Allen,Nate,Allen,Eagles,SS,76
Sherrod Martin,Sherrod,Martin,Panthers,FS,76
Jimmy Smith,Jimmy,Smith,Ravens,CB,76
Reed Doughty,Reed,Doughty,Redskins,FS,75
George Wilson,George,Wilson,Bills,SS,75
Michael Mitchell,Michael,Mitchell,Raiders,SS,75
Kam Chancellor,Kam,Chancellor,Seahawks,SS,75
Kendrick Lewis,Kendrick,Lewis,Chiefs,FS,75
Jamarca Sanford,Jamarca,Sanford,Vikings,SS,75
Justin Tryon,Justin,Tryon,Colts,CB,75
Lardarius Webb,Lardarius,Webb,Ravens,CB,75
Derek Cox,Derek,Cox,Jaguars,CB,75
Justin Tryon,Justin,Tryon,Colts,CB,75
Danieal Manning,Danieal,Manning,Texans,FS,75
Michael Mitchell,Michael,Mitchell,Raiders,SS,75
Derek Cox,Derek,Cox,Jaguars,CB,75
Alphonso Smith,Alphonso,Smith,Lions,CB,75
Sam Shields,Sam,Shields,Packers,CB,75
Zackary Bowman,Zackary,Bowman,Bears,CB,74
Darrell Stuckey,Darrell,Stuckey,Chargers,FS,74
Ras-I Dowling,Ras-I,Dowling,Patriots,CB,74
Jon McGraw,Jon,McGraw,Chiefs,FS,74
Kurt Coleman,Kurt,Coleman,Eagles,FS,74
Brian Williams,Brian,Williams,Giants,CB,74
Dwight Lowery,Dwight,Lowery,Jaguars,SS,74
Kyle Wilson,Kyle,Wilson,Jets,CB,74
Sean Considine,Sean,Considine,Panthers,SS,73
Rahim Moore,Rahim,Moore,Broncos,FS,73
Captain Munnerlyn,Captain,Munnerlyn,Panthers,CB,73
Javier Arenas,Javier,Arenas,Chiefs,CB,73
Patrick Robinson,Patrick,Robinson,Saints,CB,73
Sabby Piscitelli,Sabby,Piscitelli,Chiefs,SS,73
Hiram Eugene,Hiram,Eugene,Raiders,FS,73
Orlando Scandrick,Orlando,Scandrick,Cowboys,CB,73
Drew Coleman,Drew,Coleman,Jaguars,CB,73
Major Wright,Major,Wright,Bears,FS,72
Craig Steltz,Craig,Steltz,Bears,SS,72
Pacman Jones,Pacman,Jones,Bengals,CB,72
Jonathan Wilhite,Jonathan,Wilhite,Broncos,CB,72
Kyle Arrington,Kyle,Arrington,Patriots,CB,72
Tarell Brown,Tarell,Brown,49ers,CB,72
Chris Conte,Chris,Conte,Bears,FS,71
D.J. Moore,D.J.,Moore,Bears,CB,71
Taylor Mays,Taylor,Mays,Bengals,SS,71
Aaron Williams,Aaron,Williams,Bills,CB,71
Troy Nolan,Troy,Nolan,Texans,FS,71
Dimitri Patterson,Dimitri,Patterson,Browns,CB,71
Madieu Williams,Madieu,Williams,49ers,FS,71
Quinton Carter,Quinton,Carter,Broncos,SS,70
Cody Grimm,Cody,Grimm,Buccaneers,FS,70
Brandon Harris,Brandon,Harris,Texans,CB,70
Cary Williams,Cary,Williams,Ravens,CB,70
Brandon Browner,Brandon,Browner,Seahawks,CB,70
Jacob Lacey,Jacob,Lacey,Colts,CB,70
Barry Church,Barry,Church,Cowboys,SS,70
Alan Ball,Alan,Ball,Cowboys,CB,70
Reshad Jones,Reshad,Jones,Dolphins,FS,70
Benny Sapp,Benny,Sapp,Dolphins,CB,70
Chris Owens,Chris,Owens,Falcons,CB,70
Tramaine Brock,Tramaine,Brock,49ers,CB,70
Asher Allen,Asher,Allen,Vikings,CB,70
Brice McCain,Brice,McCain,Texans,CB,69
Paul Oliver,Paul,Oliver,Saints,FS,69
E.J. Biggers,E.J.,Biggers,Buccaneers,CB,69
Brice McCain,Brice,McCain,Texans,CB,69
Marcus Gilchrist,Marcus,Gilchrist,Chargers,CB,69
Jaiquawn Jarrett,Jaiquawn,Jarrett,Eagles,FS,69
Will Allen,Will,Allen,Steelers,SS,69
Brandon McDonald,Brandon,McDonald,Lions,CB,69
Matt Giordano,Matt,Giordano,Raiders,FS,69
Kevin Barnes,Kevin,Barnes,Redskins,CB,69
Jerome Murphy,Jerome,Murphy,Rams,CB,69
Brandon Ghee,Brandon,Ghee,Bengals,CB,68
Syd'Quan Thompson,Syd'Quan,Thompson,Broncos,CB,68
Curtis Brown,Curtis,Brown,Steelers,CB,68
Corey Lynch,Corey,Lynch,Buccaneers,SS,68
Shareece Wright,Shareece,Wright,Chargers,CB,68
William Gay,William,Gay,Steelers,CB,68
Colt Anderson,Colt,Anderson,Eagles,SS,68
Donald Strickland,Donald,Strickland,Jets,CB,68
Leigh Torrence,Leigh,Torrence,Saints,CB,68
Pat Lee,Pat,Lee,Packers,CB,68
Jordan Pugh,Jordan,Pugh,Panthers,FS,68
Stevie Brown,Stevie,Brown,Panthers,FS,68
Darius Butler,Darius,Butler,Patriots,CB,68
Johnny Patrick,Johnny,Patrick,Saints,CB,68
Justin King,Justin,King,Rams,CB,68
DeJon Gomes,DeJon,Gomes,Redskins,SS,68
Ryan Mundy,Ryan,Mundy,Steelers,FS,67
Da'Norris Searcy,Da'Norris,Searcy,Bills,SS,67
Byron Westbrook,Byron,Westbrook,Redskins,CB,67
Hamza Abdullah,Hamza,Abdullah,Cardinals,FS,67
Jalil Brown,Jalil,Brown,Chiefs,CB,67
Walter Thurmond III,Walter,Thurmond III,Seahawks,CB,67
Shann Schillinger,Shann,Schillinger,Falcons,FS,67
William Middleton,William,Middleton,Jaguars,CB,67
David Jones,David,Jones,Jaguars,CB,67
Brandon Hogan,Brandon,Hogan,Panthers,CB,67
Joshua Moore,Joshua,Moore,Bears,CB,66
Cassius Vaughn,Cassius,Vaughn,Broncos,CB,66
David Bruton,David,Bruton,Broncos,FS,66
Myron Lewis,Myron,Lewis,Buccaneers,CB,66
Ahmad Black,Ahmad,Black,Buccaneers,FS,66
Rashad Johnson,Rashad,Johnson,Cardinals,SS,66
Travis Daniels,Travis,Daniels,Chiefs,CB,66
Chris Cook,Chris,Cook,Vikings,CB,66
Curtis Marsh,Curtis,Marsh,Eagles,CB,66
Chris Culliver,Chris,Culliver,49ers,CB,66
Chris Prosinski,Chris,Prosinski,Jaguars,FS,66
John Wendling,John,Wendling,Lions,FS,66
DeMarcus Van Dyke,DeMarcus,Van Dyke,Raiders,CB,66
Darian Stewart,Darian,Stewart,Rams,FS,66
Darian Stewart,Darian,Stewart,Rams,FS,66
Anthony Smith,Anthony,Smith,Titans,FS,66
Chris Cook,Chris,Cook,Vikings,CB,66
Morgan Trent,Morgan,Trent,Bengals,CB,65
Elbert Mack,Elbert,Mack,Buccaneers,CB,65
Michael Adams,Michael,Adams,Cardinals,CB,65
Tyrone Culver,Tyrone,Culver,Dolphins,SS,65
Brandon Hughes,Brandon,Hughes,Eagles,CB,65
C.J. Spillman,C.J.,Spillman,49ers,SS,65
Davon House,Davon,House,Packers,CB,65
Jarrett Bush,Jarrett,Bush,Packers,CB,65
Jerome Boyd,Jerome,Boyd,Raiders,SS,65
Chimdi Chekwa,Chimdi,Chekwa,Raiders,CB,65
Brandon Burton,Brandon,Burton,Vikings,CB,65
Roc Carmichael,Roc,Carmichael,Texans,CB,64
Kyle McCarthy,Kyle,McCarthy,Broncos,SS,64
Nolan Carroll,Nolan,Carroll,Dolphins,CB,64
Trevard Lindley,Trevard,Lindley,Eagles,CB,64
Emanuel Cook,Emanuel,Cook,Jets,SS,64
Josh Thomas,Josh,Thomas,Panthers,CB,64
Haruki Nakamura,Haruki,Nakamura,Ravens,FS,64
Robert Sands,Robert,Sands,Bengals,FS,63
Ray Ventrone,Ray,Ventrone,Browns,SS,63
Dante Hughes,Dante,Hughes,Chargers,CB,63
Chris Rucker,Chris,Rucker,Colts,CB,63
David Caldwell,David,Caldwell,Colts,FS,63
Danny McCray,Danny,McCray,Cowboys,FS,63
Bryan McCann,Bryan,McCann,Cowboys,CB,63
Dominique Franks,Dominique,Franks,Falcons,CB,63
Colin Jones,Colin,Jones,49ers,FS,63
Josh Barrett,Josh,Barrett,Patriots,SS,63
Chykie Brown,Chykie,Brown,Ravens,CB,63
Byron Maxwell,Byron,Maxwell,Seahawks,CB,63
Mistral Raymond,Mistral,Raymond,Vikings,FS,63
Larry Asante,Larry,Asante,Buccaneers,FS,62
Shiloh Keo,Shiloh,Keo,Texans,FS,62
Kevin Thomas,Kevin,Thomas,Colts,CB,62
Darrin Walls,Darrin,Walls,Falcons,CB,62
Marquice Cole,Marquice,Cole,Jets,CB,62
Sergio Brown,Sergio,Brown,Patriots,FS,62
Isa Abdul-Quddus,Isa,Abdul-Quddus,Saints,FS,62
Roy Lewis,Roy,Lewis,Seahawks,CB,62
Marcus Sherels,Marcus,Sherels,Vikings,CB,62
Jimmy Wilson,Jimmy,Wilson,Dolphins,CB,61
Cortez Allen,Cortez,Allen,Steelers,CB,61
Chris Harris,Chris,Harris,Broncos,CB,60
Nick Polk,Nick,Polk,Chargers,FS,60
Rod Issac,Rod,Issac,Jaguars,CB,60
M.D. Jennings,M.D.,Jennings,Packers,FS,60
Ross Ventrone,Ross,Ventrone,Patriots,FS,60
Jermale Hines,Jermale,Hines,Rams,SS,60
Tommie Campbell,Tommie,Campbell,Titans,CB,60
C.J. Wallace,C.J.,Wallace,Chargers,FS,59
Tyler Sash,Tyler,Sash,Giants,SS,59
Keenan Lewis,Keenan,Lewis,Steelers,CB,59
Justin Rogers,Justin,Rogers,Bills,CB,58
Buster Skrine,Buster,Skrine,Browns,CB,58
James Ihedigbo,James,Ihedigbo,Patriots,SS,58
Eric Hagg,Eric,Hagg,Browns,SS,57
Anthony Gaitor,Anthony,Gaitor,Buccaneers,CB,57
Jonathon Amaya,Jonathon,Amaya,Saints,SS,57
R.J. Stanford,R.J.,Stanford,Panthers,CB,56
Michael Coe,Michael,Coe,Giants,CB,55
Joe Lefeged,Joe,Lefeged,Colts,SS,54
Joe Porter,Joe,Porter,Raiders,CB,54
Richard Sherman,Richard,Sherman,Seahawks,CB,52
