fms_id,first_name,last_name,position,position_group,section,2016,2017,2018,2019,2020
1542,Desmond,Bishop,MLB,LB,D,76.0,,,,
869,Chris,Cook,CB,DB,D,79.0,,,,
2934,Kendall,Hunter,HB,RB,O,74.0,,,,
3766,Nick,Moody,MLB,LB,D,68.0,,,,
2830,Kaleb,Ramsey,LE,DL,D,64.0,,,,
1024,Conor,Boffeli,RG,OL,O,68.0,,,,
4363,Shane,Carden,QB,QB,O,65.0,,,,
2471,Jimmy,Clausen,QB,QB,O,72.0,,,,
3851,Pat,Devlin,QB,QB,O,65.0,,,,
4589,Tayo,Fabuluje,RT,OL,O,61.0,,,,
246,Anthony,Jefferson,SS,DB,D,67.0,,,,
4675,Tim,Jennings,CB,DB,D,86.0,,,,
1241,Dante,Rosario,TE,TE,O,72.0,,,,
3088,Kwame,Geathers,DT,DL,D,69.0,,,,
513,Brandon,Ghee,CB,DB,D,70.0,,,,
7,A.J.,Hawk,MLB,LB,D,77.0,,,,
4558,Tanner,Hawkinson,RT,OL,O,70.0,,,,
3778,Nico,Johnson,MLB,LB,D,73.0,,,,
1472,Denarius,Moore,WR,WR,O,73.0,,,,
2137,Jake,Murphy,TE,TE,O,68.0,,,,
4645,Tevin,Reese,WR,WR,O,61.0,,,,
3376,Mario,Butler,CB,DB,D,67.0,,,,
116,Alex,Carrington,LE,DL,D,72.0,,,,
2536,John,Conner,FB,RB,O,77.0,,,,
3882,Percy,Harvin,WR,WR,O,86.0,,,,
366,Bacarri,Rambo,SS,DB,D,74.0,,,,
3777,Nickell,Robey,CB,DB,D,74.0,,,,
4140,Rod,Sweeting,CB,DB,D,67.0,,,,
932,Chris,Williams,RG,OL,O,75.0,,,,
2854,Karlos,Williams,HB,RB,O,69.0,,,,
2263,Jarius,Wynn,LE,DL,D,77.0,,,,
3678,Montee,Ball,HB,RB,O,76.0,,,,
3811,Omar,Bolden,FS,DB,D,72.0,,,,
2200,James,Casey,FB,RB,O,80.0,,,,
3834,Owen,Daniels,TE,TE,O,80.0,,,,
1102,Curtis,Marsh,CB,DB,D,69.0,,,,
290,Antonio,Smith,RE,DL,D,77.0,,,,
4405,Shelley,Smith,LG,OL,O,75.0,,,,
3263,Louis,Vasquez,RG,OL,O,86.0,,,,
1701,Dwayne,Bowe,WR,WR,O,83.0,,,,
594,Brian,Hartline,WR,WR,O,78.0,,,,
2545,John,Hughes,RE,DL,D,78.0,,,,
2574,Johnny,Manziel,QB,QB,O,71.0,,,,
3549,Micah,Pellerin,SS,DB,D,60.0,,,,
2003,Hayes,Pullard,MLB,LB,D,62.0,,,,
1643,Donte,Whitner,SS,DB,D,90.0,,,,
1606,Dominique,Brown,HB,RB,O,66.0,,,,
4117,Robert,Herron,WR,WR,O,67.0,,,,
2526,Joey,Iosefa,FB,RB,O,65.0,,,,
3821,Orie,Lemon,MLB,LB,D,68.0,,,,
677,C.J.,Wilson,CB,DB,D,67.0,,,,
1490,Deone,Bucannon,SS,DB,D,77.0,,,,
137,Alfonzo,Dennard,CB,DB,D,78.0,,,,
3385,Marion,Grice,HB,RB,O,70.0,,,,
777,Chandler,Harnish,QB,QB,O,63.0,,,,
2849,Kareem,Martin,LE,DL,D,74.0,,,,
1066,Cory,Redding,RE,DL,D,80.0,,,,
1298,Darryl,Sharpton,MLB,LB,D,74.0,,,,
3502,Matt,Shaughnessy,ROLB,LB,D,79.0,,,,
3246,Logan,Thomas,QB,QB,O,68.0,,,,
874,Chris,Davis,CB,DB,D,66.0,,,,
874,Chris,Davis,CB,DB,D,66.0,,,,
2123,Jahwan,Edwards,HB,RB,O,66.0,,,,
2110,Jacoby,Jones,WR,WR,O,75.0,,,,
344,Austin,Pettis,WR,WR,O,73.0,,,,
2569,Johnnie,Troutman,RG,OL,O,70.0,,,,
2025,Husain,Abdullah,FS,DB,D,81.0,,,,
2285,Jason,Avant,WR,WR,O,75.0,,,,
310,Armon,Binns,WR,WR,O,68.0,,,,
4292,Sanders,Commings,CB,DB,D,72.0,,,,
1107,Cyrus,Gray,HB,RB,O,66.0,,,,
390,Ben,Grubbs,LG,OL,O,85.0,,,,
2762,Junior,Hemingway,WR,WR,O,71.0,,,,
1508,Derek,Sherrod,RT,OL,O,73.0,,,,
4918,Vick,Ballard,HB,RB,O,72.0,,,,
634,Bryan,Bennett,QB,QB,O,60.0,,,,
4932,Vincent,Brown,WR,WR,O,71.0,,,,
2687,Josh,Chapman,DT,DL,D,74.0,,,,
5014,Winston,Guy,SS,DB,D,73.0,,,,
2612,Jonathan,Newsome,LOLB,LB,D,75.0,,,,
2727,Josh,Robinson,HB,RB,O,67.0,,,,
1956,Greg,Hardy,RE,DL,D,88.0,,,,
9,A.J.,Jenkins,WR,WR,O,68.0,,,,
4241,Ryan,Miller,LT,OL,O,63.0,,,,
2412,Jeremy,Mincey,RE,DL,D,82.0,,,,
2674,Joseph,Randle,HB,RB,O,75.0,,,,
2897,Keith,Rivers,LOLB,LB,D,76.0,,,,
3128,Lache,Seastrunk,HB,RB,O,66.0,,,,
930,Chris,Whaley,DT,DL,D,63.0,,,,
4259,Ryan,Williams,HB,RB,O,73.0,,,,
5060,Zack,Bowman,CB,DB,D,74.0,,,,
3259,Louis,Delmas,FS,DB,D,83.0,,,,
2295,Jason,Fox,RT,OL,O,73.0,,,,
2696,Josh,Freeman,QB,QB,O,67.0,,,,
3123,LaMichael,James,HB,RB,O,66.0,,,,
1957,Greg,Jennings,WR,WR,O,81.0,,,,
672,C.J.,Mosley,DT,DL,D,79.0,,,,
2140,Jake,Stoneburner,TE,TE,O,67.0,,,,
4715,Tommy,Streeter,WR,WR,O,64.0,,,,
2065,J.D.,Walton,C,OL,O,73.0,,,,
1767,Emmanuel,Acho,MLB,LB,D,69.0,,,,
4357,Seyi,Ajirotutu,WR,WR,O,69.0,,,,
494,Brandon,Bair,RE,DL,D,69.0,,,,
3793,Nolan,Carroll,CB,DB,D,74.0,,,,
4089,Riley,Cooper,WR,WR,O,76.0,,,,
1550,Devante,Davis,WR,WR,O,65.0,,,,
515,Brandon,Graham,ROLB,LB,D,86.0,,,,
2367,Jeff,Maehl,WR,WR,O,64.0,,,,
1346,David,Molk,C,OL,O,74.0,,,,
1732,Ed,Reynolds,FS,DB,D,70.0,,,,
1416,DeMeco,Ryans,MLB,LB,D,82.0,,,,
4683,Tim,Tebow,QB,QB,O,68.0,,,,
3515,Matthew,Tucker,FB,RB,O,66.0,,,,
2755,Julian,Vandervelde,C,OL,O,66.0,,,,
2582,Jon,Asamoah,RG,OL,O,85.0,,,,
3134,Lamar,Holmes,LT,OL,O,70.0,,,,
4997,William,Moore,SS,DB,D,80.0,,,,
4871,Tyler,Polumbus,RT,OL,O,73.0,,,,
3799,O'Brien,Schofield,LOLB,LB,D,74.0,,,,
2438,Jerome,Smith,HB,RB,O,67.0,,,,
3034,Kevin,White,CB,DB,D,65.0,,,,
4142,Roddy,White,WR,WR,O,84.0,,,,
2584,Jon,Beason,MLB,LB,D,79.0,,,,
4972,Will,Beatty,LT,OL,O,85.0,,,,
4922,Victor,Butler,ROLB,LB,D,76.0,,,,
2763,Juron,Criner,WR,WR,O,70.0,,,,
1610,Dominique,Hamilton,DT,DL,D,68.0,,,,
887,Chris,Harper,WR,WR,O,66.0,,,,
3618,Mike,Harris,CB,DB,D,69.0,,,,
1786,Eric,Herman,RG,OL,O,65.0,,,,
2351,Jayron,Hosley,CB,DB,D,70.0,,,,
2008,Henry,Hynoski,FB,RB,O,90.0,,,,
4835,Troy,Kropog,LG,OL,O,72.0,,,,
4842,Trumaine,McBride,CB,DB,D,75.0,,,,
2187,Jameel,McClain,MLB,LB,D,77.0,,,,
544,Brandon,Mosley,RT,OL,O,70.0,,,,
3833,Owamagbe,Odighizuwa,RE,DL,D,69.0,,,,
3914,Preston,Parker,WR,WR,O,70.0,,,,
1903,George,Selvie,RE,DL,D,74.0,,,,
4086,Ricky,Stanzi,QB,QB,O,64.0,,,,
2077,J.T.,Thomas,ROLB,LB,D,75.0,,,,
4553,Tandon,Doss,WR,WR,O,71.0,,,,
3041,Khairi,Fortt,LOLB,LB,D,68.0,,,,
4692,Toby,Gerhart,HB,RB,O,73.0,,,,
1084,Craig,Loston,SS,DB,D,71.0,,,,
4192,Roy,Miller,DT,DL,D,75.0,,,,
46,Ace,Sanders,WR,WR,O,71.0,,,,
573,Brennan,Williams,LT,OL,O,60.0,,,,
1096,Curtis,Brown,CB,DB,D,69.0,,,,
2125,Jaiquawn,Jarrett,SS,DB,D,79.0,,,,
3255,Lorenzo,Mauldin,LOLB,LB,D,67.0,,,,
911,Chris,Owusu,WR,WR,O,68.0,,,,
690,Calvin,Pryor,FS,DB,D,82.0,,,,
5038,Zac,Stacy,HB,RB,O,76.0,,,,
93,Al,Bond,RG,OL,O,62.0,,,,
4211,Ryan,Broyles,WR,WR,O,71.0,,,,
566,Braxston,Cave,C,OL,O,66.0,,,,
2671,Joseph,Fauria,TE,TE,O,77.0,,,,
688,Calvin,Johnson,WR,WR,O,95.0,,,,
4772,Travis,Lewis,MLB,LB,D,65.0,,,,
3147,Lance,Moore,WR,WR,O,73.0,,,,
910,Chris,Owens,CB,DB,D,75.0,,,,
3308,Manny,Ramirez,LG,OL,O,79.0,,,,
1942,Golden,Tate,WR,WR,O,88.0,,,,
4477,Stephen,Tulloch,MLB,LB,D,87.0,,,,
2737,Josh,Wilson,CB,DB,D,78.0,,,,
69,Adrian,Hubbard,LOLB,LB,D,64.0,,,,
207,Andrew,Quarless,TE,TE,O,77.0,,,,
363,B.J.,Raji,DT,DL,D,81.0,,,,
4335,Sean,Richardson,SS,DB,D,73.0,,,,
1843,Frank,Alexander,LE,DL,D,69.0,,,,
1032,Corey,Brown,WR,WR,O,73.0,,,,
1032,Corey,Brown,WR,WR,O,73.0,,,,
2448,Jerricho,Cotchery,WR,WR,O,76.0,,,,
4891,Tyronne,Green,RG,OL,O,71.0,,,,
4121,Robert,Lester,SS,DB,D,75.0,,,,
2610,Jonathan,Martin,LT,OL,O,67.0,,,,
1883,Garry,Peters,CB,DB,D,63.0,,,,
807,Charles,Tillman,CB,DB,D,81.0,,,,
2129,Jake,Bequette,LE,DL,D,75.0,,,,
4299,Scott,Chandler,TE,TE,O,80.0,,,,
1851,Fred,Davis,TE,TE,O,75.0,,,,
1248,Darius,Fleming,LOLB,LB,D,67.0,,,,
482,Bradley,Fletcher,CB,DB,D,77.0,,,,
3479,Matt,Flynn,QB,QB,O,73.0,,,,
4859,Tyler,Gaffney,HB,RB,O,69.0,,,,
514,Brandon,Gibson,WR,WR,O,73.0,,,,
2590,Jonas,Gray,HB,RB,O,72.0,,,,
286,Antonio,Johnson,DT,DL,D,73.0,,,,
2430,Jerod,Mayo,MLB,LB,D,89.0,,,,
4101,Rob,Ninkovich,LE,DL,D,87.0,,,,
931,Chris,White,ROLB,LB,D,69.0,,,,
3157,Larry,Asante,SS,DB,D,72.0,,,,
3046,Khalif,Barnes,RG,OL,O,75.0,,,,
3988,Ras-I,Dowling,SS,DB,D,71.0,,,,
3563,Michael,Dyer,HB,RB,O,65.0,,,,
988,Cody,Fajardo,QB,QB,O,62.0,,,,
2699,Josh,Harper,WR,WR,O,69.0,,,,
1101,Curtis,Lofton,MLB,LB,D,79.0,,,,
944,Christian,Ponder,QB,QB,O,73.0,,,,
4460,Stedman,Bailey,WR,WR,O,76.0,,,,
3390,Mark,Barron,FS,DB,D,78.0,,,,
4695,Todd,Gurley,HB,RB,O,80.0,,,,
538,Brandon,McGee,CB,DB,D,69.0,,,,
4143,Rodger,Saffold,LG,OL,O,83.0,,,,
558,Brandon,Washington,RT,OL,O,72.0,,,,
1179,Damian,Williams,WR,WR,O,72.0,,,,
1657,Doug,Worthington,DT,DL,D,69.0,,,,
1573,Devon,Wylie,WR,WR,O,62.0,,,,
4982,Will,Hill,SS,DB,D,88.0,,,,
1819,Eugene,Monroe,LT,OL,O,82.0,,,,
648,Bryn,Renner,QB,QB,O,65.0,,,,
872,Chris,Culliver,CB,DB,D,85.0,,,,
1310,Dashon,Goldson,FS,DB,D,74.0,,,,
2300,Jason,Hatcher,RE,DL,D,87.0,,,,
2440,Jeron,Johnson,SS,DB,D,76.0,,,,
4416,Silas,Redd,HB,RB,O,71.0,,,,
4755,Travian,Robertson,RE,DL,D,60.0,,,,
2805,Justin,Rogers,CB,DB,D,67.0,,,,
4805,Trevardo,Williams,ROLB,LB,D,64.0,,,,
1745,Edwin,Baker,HB,RB,O,67.0,,,,
618,Brodrick,Bunkley,DT,DL,D,80.0,,,,
4624,Terrence,Frederick,CB,DB,D,66.0,,,,
2716,Josh,Morgan,WR,WR,O,75.0,,,,
2968,Kenny,Phillips,FS,DB,D,77.0,,,,
2153,Jalen,Saunders,WR,WR,O,65.0,,,,
3773,Nick,Toon,WR,WR,O,72.0,,,,
1456,Demarcus,Dobbs,LE,DL,D,73.0,,,,
4564,Tarvaris,Jackson,QB,QB,O,73.0,,,,
252,Anthony,McCoy,TE,TE,O,74.0,,,,
1110,D'Anthony,Smith,DT,DL,D,67.0,,,,
2458,Jesse,Williams,DT,DL,D,71.0,,,,
3595,Mike,Adams,LT,OL,O,66.0,,,,
4970,Will,Allen,SS,DB,D,75.0,,,,
4095,Rob,Blanchflower,TE,TE,O,70.0,,,,
4548,Tajh,Boyd,QB,QB,O,61.0,,,,
3564,Michael,Egnew,TE,TE,O,68.0,,,,
972,Clifton,Geathers,RE,DL,D,70.0,,,,
1921,Gerod,Holliman,FS,DB,D,66.0,,,,
2005,Heath,Miller,TE,TE,O,83.0,,,,
3504,Matt,Spaeth,TE,TE,O,78.0,,,,
506,Brandon,Deaderick,DT,DL,D,69.0,,,,
3640,Mike,Mohamed,MLB,LB,D,74.0,,,,
3970,Rahim,Moore,FS,DB,D,85.0,,,,
914,Chris,Polk,HB,RB,O,74.0,,,,
2108,Jacoby,Ford,WR,WR,O,71.0,,,,
2242,Jamon,Meredith,LT,OL,O,66.0,,,,
995,Cody,Prewitt,SS,DB,D,65.0,,,,
5031,Yawin,Smallwood,MLB,LB,D,63.0,,,,
2383,Jemea,Thomas,CB,DB,D,66.0,,,,
812,Charlie,Whitehurst,QB,QB,O,74.0,,,,
3045,Khalid,Wooten,CB,DB,D,68.0,,,,
1154,DaVaris,Daniels,WR,WR,O,64.0,,,,
2711,Josh,Kaddu,ROLB,LB,D,64.0,,,,
3630,Mike,Kafka,QB,QB,O,68.0,,,,
743,Casey,Matthews,MLB,LB,D,66.0,,,,
235,Anthony,Davis,RT,OL,O,,78.0,,,
235,Anthony,Davis,RT,OL,O,,78.0,,,
5009,Willie,Snead,WR,WR,O,,77.0,,,
3953,Quinton,Coples,LE,DL,D,,76.0,,,
896,Chris,Johnson,HB,RB,O,,75.0,,,
435,Bjoern,Werner,LE,DL,D,,74.0,,,
2325,Javier,Arenas,CB,DB,D,,73.0,,,
4026,Red,Bryant,LE,DL,D,,73.0,,,
1223,Daniel,Thomas,HB,RB,O,,72.0,,,
3307,Manny,Lawson,LOLB,LB,D,,71.0,,,
3261,Louis,Murphy,WR,WR,O,,71.0,,,
3745,Nic,Jacobs,TE,TE,O,,71.0,,,
1961,Greg,Little,WR,WR,O,,68.0,,,
816,Chase,Coffman,TE,TE,O,,68.0,,,
2922,Kelvin,Taylor,HB,RB,O,,67.0,,,
1348,David,Morgan,TE,TE,O,,67.0,,,
2026,IK,Enemkpali,LE,DL,D,,66.0,,,
3068,Kolby,Listenbee,WR,WR,O,,66.0,,,
2735,Josh,Thomas,CB,DB,D,,66.0,,,
463,Bobby,Richardson,RE,DL,D,,66.0,,,
1713,E.J.,Bibbs,TE,TE,O,,65.0,,,
845,Chris,Barker,LG,OL,O,,65.0,,,
1623,Donald,Washington,CB,DB,D,,65.0,,,
4544,Taiwan,Jones,MLB,LB,D,,64.0,,,
1567,Devon,Cajuste,WR,WR,O,,63.0,,,
2902,Keith,Wenning,QB,QB,O,,63.0,,,
3541,Mekale,McKay,WR,WR,O,,63.0,,,
3432,Marquez,North,WR,WR,O,,63.0,,,
2109,Jacoby,Glenn,CB,DB,D,,62.0,,,
4861,Tyler,Johnstone,RT,OL,O,,62.0,,,
3764,Nick,Marshall,CB,DB,D,,62.0,,,
1569,Devon,Johnson,FB,RB,O,,62.0,,,
2362,Jeff,Fuller,WR,WR,O,,62.0,,,
4763,Travis,Feeney,LOLB,LB,D,,62.0,,,
1933,Giorgio,Newberry,RE,DL,D,,62.0,,,
4398,Shayne,Skov,MLB,LB,D,,61.0,,,
4500,Steven,Daniels,MLB,LB,D,,61.0,,,
3137,Lamarcus,Brutus,SS,DB,D,,61.0,,,
488,Bralon,Addison,WR,WR,O,,60.0,,,
1198,Dan,LeFevour,QB,QB,O,,60.0,,,
1023,Connor,Wujciak,DT,DL,D,,60.0,,,
815,Chas,Alecxih,DT,DL,D,,60.0,,,
3207,Leon,Orr,DT,DL,D,,60.0,,,
2643,Jordan,Lomax,FS,DB,D,,60.0,,,
1133,D.J.,Pettway,LE,DL,D,,60.0,,,
408,Beniquez,Brown,LOLB,LB,D,,59.0,,,
2073,J.R.,Tavai,ROLB,LB,D,,59.0,,,
1552,Devaunte,Sigler,DT,DL,D,,58.0,,,
1095,Curt,Maggitt,MLB,LB,D,,57.0,,,
222,Anquan,Boldin,WR,WR,O,88.0,79.0,,,
4031,Reggie,Bush,HB,RB,O,80.0,74.0,,,
1936,Glenn,Dorsey,DT,DL,D,78.0,70.0,,,
1009,Colin,Kaepernick,QB,QB,O,81.0,74.0,,,
4822,Trey,Millard,FB,RB,O,65.0,64.0,,,
3959,Quinton,Patton,WR,WR,O,71.0,70.0,,,
3900,Philip,Wheeler,MLB,LB,D,76.0,74.0,,,
2032,Ian,Williams,DT,DL,D,80.0,82.0,,,
2340,Jay,Cutler,QB,QB,O,79.0,80.0,,,
4749,Tracy,Porter,CB,DB,D,73.0,72.0,,,
1741,Eddie,Royal,WR,WR,O,81.0,77.0,,,
614,Brock,Vereen,FS,DB,D,75.0,70.0,,,
4411,Shiloh,Keo,FS,DB,D,74.0,71.0,,,
4057,Rey,Maualuga,MLB,LB,D,83.0,84.0,,,
4333,Sean,Porter,ROLB,LB,D,70.0,71.0,,,
1571,Devon,Still,DT,DL,D,73.0,67.0,,,
3334,Marcus,Easley,WR,WR,O,68.0,67.0,,,
883,Chris,Gragg,TE,TE,O,72.0,72.0,,,
3201,Leodis,McKelvin,CB,DB,D,80.0,73.0,,,
40,Aaron,Williams,SS,DB,D,79.0,77.0,,,
1687,Duke,Williams,FS,DB,D,76.0,76.0,,,
3383,Mario,Williams,LE,DL,D,90.0,81.0,,,
177,Andre,Caldwell,WR,WR,O,74.0,70.0,,,
4213,Ryan,Clady,LT,OL,O,83.0,84.0,,,
411,Bennie,Fowler,WR,WR,O,66.0,71.0,,,
4228,Ryan,Harris,LT,OL,O,76.0,76.0,,,
4181,Ronnie,Hillman,HB,RB,O,74.0,76.0,,,
3319,Marcel,Jensen,TE,TE,O,66.0,66.0,,,
2650,Jordan,Norwood,WR,WR,O,64.0,70.0,,,
4907,Vance,Walker,LE,DL,D,76.0,74.0,,,
3106,Kyle,Williams,WR,WR,O,68.0,65.0,,,
1886,Gary,Barnidge,TE,TE,O,76.0,84.0,,,
2468,Jim,Dray,TE,TE,O,74.0,70.0,,,
2037,Ifo,Ekpre-Olomu,CB,DB,D,70.0,67.0,,,
792,Charles,Gaines,CB,DB,D,62.0,67.0,,,
2784,Justin,Gilbert,CB,DB,D,77.0,74.0,,,
4099,Rob,Housler,TE,TE,O,71.0,68.0,,,
4149,Rodney,Smith,WR,WR,O,62.0,59.0,,,
4044,Reid,Fragel,RT,OL,O,71.0,69.0,,,
3051,Khaseem,Greene,MLB,LB,D,66.0,71.0,,,
884,Chris,Hackett,FS,DB,D,64.0,63.0,,,
4935,Vincent,Jackson,WR,WR,O,86.0,82.0,,,
3626,Mike,James,HB,RB,O,72.0,71.0,,,
3627,Mike,Jenkins,CB,DB,D,75.0,72.0,,,
157,Alterraun,Verner,CB,DB,D,87.0,75.0,,,
3288,Major,Wright,SS,DB,D,78.0,74.0,,,
1909,Gerald,Christian,TE,TE,O,65.0,63.0,,,
860,Chris,Clemons,FS,DB,D,78.0,76.0,,,
3999,Rashad,Johnson,FS,DB,D,77.0,82.0,,,
274,Antoine,McClain,RG,OL,O,65.0,64.0,,,
2444,Jerraud,Powers,CB,DB,D,80.0,76.0,,,
97,Alameda,Ta'amu,DT,DL,D,73.0,71.0,,,
4465,Stepfan,Taylor,HB,RB,O,72.0,73.0,,,
1306,Daryl,Washington,MLB,LB,D,84.0,70.0,,,
4340,Sean,Weatherspoon,MLB,LB,D,76.0,73.0,,,
1615,Donald,Brown,HB,RB,O,75.0,76.0,,,
1616,Donald,Butler,MLB,LB,D,78.0,73.0,,,
2860,Kavell,Conner,MLB,LB,D,75.0,73.0,,,
4690,Titus,Davis,WR,WR,O,68.0,65.0,,,
512,Brandon,Flowers,CB,DB,D,89.0,78.0,,,
3824,Orlando,Franklin,LG,OL,O,90.0,72.0,,,
3129,Ladarius,Green,TE,TE,O,78.0,81.0,,,
3543,Melvin,Ingram,ROLB,LB,D,79.0,86.0,,,
2937,Kendall,Reyes,LE,DL,D,75.0,69.0,,,
928,Chris,Watt,C,OL,O,73.0,69.0,,,
4499,Steve,Williams,CB,DB,D,75.0,71.0,,,
2192,Jamell,Fleming,CB,DB,D,71.0,66.0,,,
2193,James-Michael,Johnson,MLB,LB,D,75.0,72.0,,,
34,Aaron,Murray,QB,QB,O,68.0,63.0,,,
2154,Jalil,Brown,CB,DB,D,70.0,67.0,,,
1943,Gosder,Cherilus,RT,OL,O,80.0,70.0,,,
168,Amarlo,Herrera,MLB,LB,D,63.0,59.0,,,
3721,Nate,Irving,MLB,LB,D,79.0,76.0,,,
1117,D'Qwell,Jackson,MLB,LB,D,82.0,79.0,,,
188,Andre,Johnson,WR,WR,O,86.0,76.0,,,
318,Arthur,Jones,RE,DL,D,74.0,71.0,,,
2908,Kelcy,Quarles,LE,DL,D,64.0,59.0,,,
2020,Hugh,Thornton,RG,OL,O,76.0,72.0,,,
2323,Jasper,Brinkley,MLB,LB,D,81.0,72.0,,,
3170,Lavar,Edwards,LE,DL,D,71.0,66.0,,,
296,Antwan,Goodley,WR,WR,O,68.0,65.0,,,
3758,Nick,Hayden,DT,DL,D,71.0,62.0,,,
4154,Rolando,McClain,MLB,LB,D,86.0,81.0,,,
2631,Jordan,Cameron,TE,TE,O,84.0,81.0,,,
319,Arthur,Lynch,TE,TE,O,72.0,67.0,,,
2920,Kelvin,Sheppard,MLB,LB,D,73.0,68.0,,,
4581,Taylor,Hart,LE,DL,D,71.0,65.0,,,
2080,JaCorey,Shepherd,CB,DB,D,63.0,64.0,,,
1723,Earl,Wolff,SS,DB,D,77.0,68.0,,,
859,Chris,Chester,LG,OL,O,83.0,78.0,,,
793,Charles,Godfrey,FS,DB,D,76.0,72.0,,,
3212,Leonard,Hankerson,WR,WR,O,76.0,70.0,,,
4894,Tyson,Jackson,LE,DL,D,77.0,77.0,,,
4458,Stansly,Maponga,RE,DL,D,72.0,65.0,,,
969,Cliff,Matthews,LE,DL,D,72.0,66.0,,,
4731,Tony,Moeaki,TE,TE,O,74.0,71.0,,,
4334,Sean,Renfree,QB,QB,O,70.0,64.0,,,
3875,Paul,Soliai,DT,DL,D,80.0,80.0,,,
2106,Jacob,Tamme,TE,TE,O,77.0,79.0,,,
954,Chykie,Brown,CB,DB,D,70.0,70.0,,,
2974,Kenrick,Ellis,DT,DL,D,75.0,71.0,,,
3998,Rashad,Jennings,HB,RB,O,80.0,80.0,,,
3412,Markus,Kuhn,DT,DL,D,70.0,67.0,,,
4246,Ryan,Nassib,QB,QB,O,71.0,62.0,,,
1899,Geoff,Schwartz,RG,OL,O,78.0,81.0,,,
4806,Trevin,Wade,CB,DB,D,64.0,72.0,,,
2770,Justin,Blackmon,WR,WR,O,76.0,68.0,,,
4349,Sen'Derrick,Marks,DT,DL,D,87.0,79.0,,,
1467,Demetrius,McCray,CB,DB,D,77.0,73.0,,,
2256,Jared,Odrick,DT,DL,D,84.0,78.0,,,
277,Antonio,Allen,FS,DB,D,79.0,79.0,,,
4521,T.J.,Barnes,RE,DL,D,62.0,67.0,,,
2910,Kellen,Davis,TE,TE,O,74.0,69.0,,,
1811,Erin,Henderson,MLB,LB,D,74.0,75.0,,,
1440,Dee,Milliner,CB,DB,D,77.0,71.0,,,
1423,DeVier,Posey,WR,WR,O,68.0,66.0,,,
1282,Darrelle,Revis,CB,DB,D,97.0,91.0,,,
1091,Crezdon,Butler,CB,DB,D,65.0,68.0,,,
2302,Jason,Jones,LE,DL,D,80.0,77.0,,,
1395,DeAndre,Levy,ROLB,LB,D,93.0,87.0,,,
1201,Dan,Orlovsky,QB,QB,O,70.0,66.0,,,
545,Brandon,Pettigrew,TE,TE,O,77.0,74.0,,,
1973,Greg,Salas,WR,WR,O,70.0,67.0,,,
1906,George,Winn,HB,RB,O,69.0,68.0,,,
4271,Sam,Barrington,MLB,LB,D,74.0,73.0,,,
1884,Garth,Gerhart,LG,OL,O,70.0,66.0,,,
4847,Ty,Montgomery,WR,WR,O,69.0,71.0,,,
2221,James,Starks,HB,RB,O,78.0,79.0,,,
2267,Jarrett,Boykin,WR,WR,O,72.0,67.0,,,
4155,Roman,Harper,SS,DB,D,79.0,74.0,,,
4470,Stephen,Hill,WR,WR,O,66.0,62.0,,,
3027,Kevin,Reddick,ROLB,LB,D,69.0,67.0,,,
4786,Tre,Jackson,LG,OL,O,70.0,71.0,,,
640,Bryan,Stork,C,OL,O,78.0,73.0,,,
3740,Neiron,Ball,LOLB,LB,D,62.0,65.0,,,
840,Chimdi,Chekwa,CB,DB,D,69.0,68.0,,,
2601,Jonathan,Dowling,SS,DB,D,64.0,66.0,,,
2893,Keith,McGill,CB,DB,D,71.0,66.0,,,
4795,Trent,Richardson,HB,RB,O,75.0,72.0,,,
2931,Kenbrell,Thompkins,WR,WR,O,72.0,67.0,,,
1208,Dan,Williams,DT,DL,D,88.0,88.0,,,
2765,Justice,Cunningham,TE,TE,O,69.0,68.0,,,
881,Chris,Givens,WR,WR,O,68.0,68.0,,,
2211,James,Laurinaitis,MLB,LB,D,79.0,73.0,,,
4789,Tre,Mason,HB,RB,O,79.0,78.0,,,
2056,Isaiah,Pead,HB,RB,O,67.0,67.0,,,
3477,Matt,Elam,SS,DB,D,72.0,69.0,,,
2781,Justin,Forsett,HB,RB,O,87.0,82.0,,,
4686,Timmy,Jernigan,LE,DL,D,79.0,76.0,,,
1477,Dennis,Pitta,TE,TE,O,83.0,81.0,,,
1304,Daryl,Smith,MLB,LB,D,90.0,82.0,,,
1403,DeAngelo,Tyson,RE,DL,D,66.0,64.0,,,
1288,Darren,Waller,WR,WR,O,61.0,65.0,,,
2870,Kedric,Golston,LE,DL,D,72.0,71.0,,,
3112,Kyshoen,Jarrett,FS,DB,D,63.0,74.0,,,
4607,Terrance,Knighton,DT,DL,D,88.0,83.0,,,
2447,Jerrell,Powe,DT,DL,D,71.0,67.0,,,
4800,Trenton,Robinson,FS,DB,D,72.0,68.0,,,
3906,Phillip,Thomas,SS,DB,D,72.0,68.0,,,
3906,Phillip,Thomas,SS,DB,D,72.0,68.0,,,
500,Brandon,Browner,CB,DB,D,82.0,73.0,,,
2127,Jairus,Byrd,FS,DB,D,91.0,83.0,,,
2877,Keenan,Lewis,CB,DB,D,80.0,75.0,,,
3274,Luke,McCown,QB,QB,O,72.0,71.0,,,
2181,Jamarca,Sanford,SS,DB,D,78.0,73.0,,,
3107,Kyle,Wilson,CB,DB,D,74.0,74.0,,,
158,Alvin,Bailey,LG,OL,O,80.0,71.0,,,
1594,Dion,Bailey,SS,DB,D,72.0,73.0,,,
4649,Tharold,Simon,CB,DB,D,73.0,71.0,,,
4028,Reese,Dismukes,C,OL,O,66.0,67.0,,,
628,Bruce,Gradkowski,QB,QB,O,74.0,69.0,,,
1404,DeAngelo,Williams,HB,RB,O,78.0,81.0,,,
2667,Jordan,Zumwalt,LOLB,LB,D,65.0,65.0,,,
3529,Max,Bullough,MLB,LB,D,67.0,68.0,,,
87,Akeem,Dent,MLB,LB,D,75.0,74.0,,,
305,Arian,Foster,HB,RB,O,91.0,81.0,,,
1878,Garrett,Graham,TE,TE,O,74.0,70.0,,,
2960,Kenny,Hilliard,HB,RB,O,62.0,62.0,,,
2895,Keith,Mumphery,WR,WR,O,61.0,63.0,,,
2384,Jeoffrey,Pagan,LE,DL,D,66.0,63.0,,,
4930,Vince,Wilfork,DT,DL,D,91.0,84.0,,,
278,Antonio,Andrews,HB,RB,O,63.0,76.0,,,
1327,David,Cobb,HB,RB,O,71.0,70.0,,,
3885,Perrish,Cox,CB,DB,D,79.0,78.0,,,
1645,Dorial,Green-Beckham,WR,WR,O,74.0,76.0,,,
3570,Michael,Griffin,FS,DB,D,75.0,78.0,,,
517,Brandon,Harris,CB,DB,D,73.0,71.0,,,
1489,Deon,Long,WR,WR,O,66.0,64.0,,,
3633,Mike,Martin,LE,DL,D,74.0,70.0,,,
2611,Jonathan,Massaquoi,ROLB,LB,D,73.0,72.0,,,
1581,Dexter,McCluster,HB,RB,O,73.0,73.0,,,
5053,Zach,Mettenberger,QB,QB,O,76.0,66.0,,,
1983,Hakeem,Nicks,WR,WR,O,78.0,73.0,,,
1088,Craig,Stevens,TE,TE,O,78.0,80.0,,,
4300,Scott,Crichton,RE,DL,D,72.0,71.0,,,
358,B.J.,Dubose,LE,DL,D,63.0,63.0,,,
763,Chad,Greenway,ROLB,LB,D,80.0,78.0,,,
3581,Michael,Mauti,ROLB,LB,D,66.0,68.0,,,
4382,Shaun,Prater,CB,DB,D,71.0,70.0,,,
692,Cam,Johnson,RE,DL,D,,,71.0,,
660,Byron,Marshall,WR,WR,O,,,54.0,,
1763,Elvis,Dumervil,RE,DL,D,,,83.0,,
2155,Jalin,Marshall,WR,WR,O,,,69.0,,
761,Cethan,Carter,TE,TE,O,,,67.0,,
782,Channing,Stribling,CB,DB,D,,,62.0,,
2276,Jarron,Jones,DT,DL,D,,,64.0,,
3001,Kevin,Davis,MLB,LB,D,,,59.0,,
4104,Robert,Ayers Jr,RE,DL,D,,,80.0,,
4104,Robert,Ayers,LE,DL,D,82.0,,80.0,,
1938,Glenn,Gronkowski,FB,RB,O,,,67.0,,
3178,Lawrence,Thomas,LE,DL,D,,,62.0,,
1912,Gerald,Hodges Jr,LOLB,LB,D,,,79.0,,
1912,Gerald,Hodges,LOLB,LB,D,80.0,,79.0,,
32,Aaron,Lynch,RE,DL,D,,,76.0,,
4144,Rodney,Adams,WR,WR,O,,,68.0,,
347,Avery,Moss,RE,DL,D,,,66.0,,
1389,De'Veon,Smith,HB,RB,O,,,65.0,,
1172,Damarius,Travis,SS,DB,D,,,59.0,,
4917,Vic,Beasley Jr,LOLB,LB,D,,,83.0,,
1139,D.J.,Tialavea,TE,TE,O,,,66.0,,
3039,Keyarris,Garrett,WR,WR,O,,,60.0,,
651,Bucky,Hodges,TE,TE,O,,,71.0,,
1863,Freddie,Stevenson,FB,RB,O,,,73.0,,
2708,Josh,Johnson,CB,DB,D,,,66.0,,
3592,Michael,Tyson,SS,DB,D,,,65.0,,
3790,Noble,Nwachukwu,RE,DL,D,,,62.0,,
1832,Ezra,Robinson,CB,DB,D,,,62.0,,
2546,John,Johnson,FS,DB,D,,,74.0,,
4280,Sam,Rogers,FB,RB,O,,,68.0,,
2115,Jadar,Johnson,FS,DB,D,,,58.0,,
386,Ben,Boulware,MLB,LB,D,,,61.0,,
2554,John,Phillips,TE,TE,O,72.0,,71.0,,
1150,Da'Ron,Brown,WR,WR,O,60.0,,57.0,,
1017,Connor,Barwin,LOLB,LB,D,87.0,,78.0,,
2222,James,Stone,C,OL,O,67.0,,71.0,,
4538,T.J.,Yates,QB,QB,O,72.0,,67.0,,
314,Arrelious,Benn,WR,WR,O,71.0,,70.0,,
1299,Darryl,Tapp,RE,DL,D,72.0,,72.0,,
2684,Josh,Boyd,LE,DL,D,76.0,,71.0,,
3054,Khyri,Thornton,LE,DL,D,68.0,,65.0,,
3452,Martin,Ifedi,RE,DL,D,62.0,,60.0,,
2000,Hau'oli,Kikaha,LOLB,LB,D,66.0,,73.0,,
4173,Ronald,Powell,ROLB,LB,D,64.0,,62.0,,
4939,Vinnie,Sunseri,SS,DB,D,69.0,,64.0,,
2422,Jermaine,Gresham,TE,TE,O,,84.0,77.0,,
3948,Quintin,Demps,SS,DB,D,,75.0,80.0,,
938,Christian,Hackenberg,QB,QB,O,,67.0,66.0,,
2743,Joshua,Perry,MLB,LB,D,,66.0,68.0,,
1771,Emmett,Cleary,RT,OL,O,,66.0,65.0,,
4218,Ryan,Delaire,RE,DL,D,,65.0,67.0,,
2652,Jordan,Payton,WR,WR,O,,64.0,64.0,,
5064,Zack,Sanchez,CB,DB,D,,64.0,67.0,,
2965,Kenny,Lawler,WR,WR,O,,64.0,66.0,,
4341,Sebastian,Tretola,RG,OL,O,,64.0,64.0,,
508,Brandon,Doughty,QB,QB,O,,63.0,61.0,,
2695,Josh,Forrest,LOLB,LB,D,,63.0,63.0,,
4810,Trevone,Boykin,QB,QB,O,,63.0,64.0,,
2521,Joel,Stave,QB,QB,O,,63.0,62.0,,
851,Chris,Brown,WR,WR,O,,62.0,61.0,,
101,Alani,Fua,MLB,LB,D,,61.0,63.0,,
3540,Mehdi,Abdesmad,LE,DL,D,,60.0,60.0,,
4483,Sterling,Bailey,RE,DL,D,,59.0,60.0,,
4468,Stephane,Nembot,LT,OL,O,,59.0,59.0,,
2092,Jack,Allen,C,OL,O,,59.0,59.0,,
4900,Ufomba,Kamalu,LE,DL,D,,59.0,61.0,,
1604,Dominique,Alexander,MLB,LB,D,,58.0,61.0,,
1252,Darius,Latham,DT,DL,D,,58.0,60.0,,
3150,Landon,Turner,RG,OL,O,,58.0,60.0,,
3736,NaVorro,Bowman,MLB,LB,D,93.0,88.0,88.0,,
3955,Quinton,Dial,DT,DL,D,76.0,70.0,76.0,,
1397,DeAndre,Smelter,WR,WR,O,67.0,64.0,65.0,,
209,Andrew,Tiller,RG,OL,O,63.0,71.0,75.0,,
3449,Martellus,Bennett,TE,TE,O,90.0,85.0,89.0,,
2818,Ka'Deem,Carey,HB,RB,O,74.0,73.0,72.0,,
1747,Ego,Ferguson,RE,DL,D,69.0,67.0,67.0,,
3480,Matt,Forte,HB,RB,O,90.0,86.0,84.0,,
4399,Shea,McClellin,ROLB,LB,D,78.0,77.0,74.0,,
912,Chris,Pantale,TE,TE,O,64.0,63.0,63.0,,
4989,Will,Sutton,DT,DL,D,72.0,65.0,70.0,,
3375,Mario,Alford,WR,WR,O,62.0,59.0,60.0,,
853,Chris,Carter,ROLB,LB,D,70.0,67.0,67.0,,
4973,Will,Clarke,RE,DL,D,69.0,67.0,70.0,,
4953,Wallace,Gilberry,RE,DL,D,74.0,74.0,70.0,,
983,Cobi,Hamilton,WR,WR,O,67.0,65.0,68.0,,
2709,Josh,Johnson,QB,QB,O,69.0,65.0,63.0,,
757,Cedric,Peerman,HB,RB,O,72.0,71.0,71.0,,
3853,Pat,Sims,DT,DL,D,75.0,72.0,72.0,,
556,Brandon,Thompson,DT,DL,D,69.0,67.0,67.0,,
1802,Eric,Winston,RT,OL,O,75.0,76.0,72.0,,
4159,Ron,Brooks,CB,DB,D,69.0,68.0,70.0,,
3077,Kraig,Urbik,C,OL,O,75.0,72.0,69.0,,
1803,Eric,Wood,C,OL,O,80.0,81.0,73.0,,
3140,Lamin,Barrow,MLB,LB,D,65.0,64.0,64.0,,
2049,Isaiah,Burse,WR,WR,O,63.0,61.0,61.0,,
5036,Zac,Dysert,QB,QB,O,67.0,61.0,60.0,,
4502,Steven,Johnson,MLB,LB,D,67.0,68.0,69.0,,
4535,T.J.,Ward,SS,DB,D,87.0,85.0,81.0,,
2865,Kayvon,Webster,CB,DB,D,73.0,71.0,73.0,,
4554,Tank,Carder,MLB,LB,D,67.0,65.0,65.0,,
2853,Karlos,Dansby,MLB,LB,D,90.0,83.0,76.0,,
4378,Shaun,Draughn,HB,RB,O,71.0,73.0,74.0,,
4928,Vince,Mayle,WR,WR,O,70.0,66.0,66.0,,
1021,Connor,Shaw,QB,QB,O,64.0,59.0,57.0,,
3978,Randall,Telfer,TE,TE,O,66.0,66.0,65.0,,
2510,Joe,Thomas,LT,OL,O,95.0,97.0,92.0,,
432,Billy,Winn,LE,DL,D,77.0,67.0,68.0,,
2578,Johnthan,Banks,CB,DB,D,77.0,71.0,67.0,,
3985,Rannell,Hall,WR,WR,O,64.0,62.0,62.0,,
3214,Leonard,Johnson,CB,DB,D,73.0,71.0,71.0,,
2113,Jacquies,Smith,LE,DL,D,75.0,74.0,72.0,,
736,Carson,Palmer,QB,QB,O,83.0,89.0,83.0,,
263,Anthony,Steen,LG,OL,O,65.0,62.0,67.0,,
1733,Ed,Stinson,RE,DL,D,66.0,62.0,62.0,,
4212,Ryan,Carrethers,DT,DL,D,72.0,68.0,68.0,,
2909,Kellen,Clemens,QB,QB,O,72.0,68.0,67.0,,
3542,Melvin,Gordon,HB,RB,O,78.0,76.0,87.0,,
885,Chris,Hairston,LT,OL,O,74.0,69.0,71.0,,
1281,Darrell,Stuckey,FS,DB,D,75.0,72.0,71.0,,
4897,Tyvon,Branch,SS,DB,D,84.0,81.0,77.0,,
2161,Jamaal,Charles,HB,RB,O,94.0,89.0,84.0,,
3063,Knile,Davis,HB,RB,O,80.0,73.0,71.0,,
2345,Jaye,Howard,LE,DL,D,80.0,83.0,76.0,,
2410,Jeremy,Maclin,WR,WR,O,88.0,86.0,83.0,,
4337,Sean,Smith,CB,DB,D,91.0,88.0,86.0,,
2388,Jerel,Worthy,LE,DL,D,68.0,67.0,70.0,,
1247,Darius,Butler,CB,DB,D,79.0,72.0,82.0,,
984,Coby,Fleener,TE,TE,O,83.0,84.0,80.0,,
3682,Montori,Hughes,DT,DL,D,70.0,65.0,65.0,,
1710,Dwight,Lowery,FS,DB,D,80.0,79.0,81.0,,
1114,D'Joun,Smith,CB,DB,D,69.0,69.0,67.0,,
1585,Dez,Bryant,WR,WR,O,96.0,90.0,91.0,,
2206,James,Hanna,TE,TE,O,74.0,74.0,73.0,,
4172,Ronald,Leary,LG,OL,O,83.0,75.0,83.0,,
1286,Darren,McFadden,HB,RB,O,76.0,79.0,77.0,,
4251,Ryan,Russell,LE,DL,D,64.0,63.0,65.0,,
1562,Devin,Street,WR,WR,O,69.0,68.0,64.0,,
1047,Corey,White,CB,DB,D,71.0,71.0,71.0,,
489,Branden,Albert,LT,OL,O,90.0,80.0,73.0,,
1430,Deandre,Coleman,DT,DL,D,64.0,62.0,65.0,,
4974,Will,Davis,CB,DB,D,72.0,73.0,70.0,,
2381,Jelani,Jenkins,ROLB,LB,D,79.0,78.0,71.0,,
3066,Koa,Misi,MLB,LB,D,84.0,85.0,82.0,,
497,Brandon,Boykin,CB,DB,D,82.0,71.0,71.0,,
4238,Ryan,Mathews,HB,RB,O,84.0,82.0,82.0,,
1410,DeMarco,Murray,HB,RB,O,94.0,83.0,91.0,,
3405,Mark,Sanchez,QB,QB,O,76.0,72.0,67.0,,
3304,Malliciah,Goodman,LE,DL,D,69.0,68.0,68.0,,
2497,Joe,Hawley,C,OL,O,74.0,67.0,74.0,,
2597,Jonathan,Casillas,ROLB,LB,D,76.0,71.0,74.0,,
1189,Damontre,Moore,LE,DL,D,76.0,69.0,70.0,,
4199,Rueben,Randle,WR,WR,O,82.0,78.0,71.0,,
4365,Shane,Vereen,HB,RB,O,81.0,81.0,82.0,,
195,Andre,Williams,HB,RB,O,73.0,72.0,69.0,,
5065,Zane,Beadles,LG,OL,O,83.0,73.0,70.0,,
2693,Josh,Evans,FS,DB,D,70.0,71.0,67.0,,
1702,Dwayne,Gratz,CB,DB,D,78.0,74.0,71.0,,
3272,Luke,Joeckel,LT,OL,O,76.0,79.0,75.0,,
4509,Storm,Johnson,HB,RB,O,70.0,69.0,67.0,,
2549,John,Lotulelei,ROLB,LB,D,68.0,65.0,65.0,,
417,Bernard,Pierce,HB,RB,O,72.0,70.0,69.0,,
3872,Paul,Posluszny,MLB,LB,D,83.0,78.0,87.0,,
2220,James,Sample,SS,DB,D,67.0,69.0,67.0,,
1780,Eric,Decker,WR,WR,O,86.0,87.0,86.0,,
1337,David,Harris,MLB,LB,D,81.0,81.0,81.0,,
1582,Dexter,McDougle,CB,DB,D,70.0,68.0,67.0,,
4817,Trevor,Reilly,LOLB,LB,D,69.0,66.0,67.0,,
4963,Wes,Saxton,TE,TE,O,63.0,62.0,62.0,,
1038,Corey,Fuller,WR,WR,O,72.0,70.0,70.0,,
2911,Kellen,Moore,QB,QB,O,71.0,69.0,67.0,,
1563,Devin,Taylor,LE,DL,D,72.0,72.0,71.0,,
2247,Jared,Abbrederis,WR,WR,O,69.0,68.0,69.0,,
713,Carl,Bradford,MLB,LB,D,71.0,68.0,72.0,,
3225,Letroy,Guion,DT,DL,D,74.0,73.0,74.0,,
1738,Eddie,Lacy,HB,RB,O,90.0,83.0,82.0,,
4311,Scott,Tolzien,QB,QB,O,71.0,67.0,66.0,,
1493,Derek,Anderson,QB,QB,O,72.0,70.0,69.0,,
4784,Tre,Boston,FS,DB,D,81.0,78.0,79.0,,
797,Charles,Johnson,LE,DL,D,89.0,82.0,83.0,,
918,Chris,Scott,RG,OL,O,72.0,70.0,70.0,,
2662,Jordan,Todman,HB,RB,O,73.0,70.0,68.0,,
2683,Josh,Boyce,WR,WR,O,67.0,64.0,64.0,,
98,Alan,Branch,DT,DL,D,79.0,77.0,83.0,,
21,Aaron,Dobson,WR,WR,O,75.0,71.0,71.0,,
4315,Sealver,Siliga,DT,DL,D,79.0,73.0,70.0,,
3709,Nate,Allen,SS,DB,D,82.0,77.0,72.0,,
4421,Sio,Moore,ROLB,LB,D,80.0,72.0,75.0,,
3697,Mychal,Rivera,TE,TE,O,75.0,73.0,73.0,,
678,C.J.,Wilson,RE,DL,D,74.0,69.0,71.0,,
86,Akeem,Ayers,ROLB,LB,D,81.0,77.0,76.0,,
3754,Nick,Fairley,DT,DL,D,86.0,79.0,79.0,,
3362,Marcus,Roberson,CB,DB,D,64.0,70.0,68.0,,
3262,Louis,Trinca-Pasat,DT,DL,D,62.0,58.0,58.0,,
317,Arthur,Brown,MLB,LB,D,73.0,72.0,69.0,,
1092,Crockett,Gillmore,TE,TE,O,76.0,78.0,77.0,,
4627,Terrence,Magee,HB,RB,O,67.0,69.0,64.0,,
2417,Jeremy,Zuttah,C,OL,O,82.0,81.0,82.0,,
1684,Duke,Ihenacho,SS,DB,D,76.0,77.0,75.0,,
4083,Ricky,Jean Francois,LE,DL,D,77.0,74.0,73.0,,
140,Alfred,Morris,HB,RB,O,84.0,79.0,75.0,,
4475,Stephen,Paea,LE,DL,D,83.0,75.0,79.0,,
2878,Keenan,Robinson,MLB,LB,D,75.0,75.0,72.0,,
2857,Kasim,Edebali,LOLB,LB,D,66.0,67.0,63.0,,
1226,Dannell,Ellerbe,MLB,LB,D,75.0,77.0,75.0,,
2761,Junior,Galette,LOLB,LB,D,89.0,80.0,76.0,,
3400,Mark,Ingram,HB,RB,O,83.0,83.0,84.0,,
675,C.J.,Spiller,HB,RB,O,82.0,78.0,76.0,,
5057,Zach,Strief,RT,OL,O,85.0,82.0,85.0,,
1178,Damian,Swann,CB,DB,D,63.0,68.0,68.0,,
3804,Obum,Gwacham,RE,DL,D,57.0,57.0,62.0,,
2635,Jordan,Hill,DT,DL,D,76.0,72.0,72.0,,
3021,Kevin,Norwood,WR,WR,O,71.0,68.0,68.0,,
4352,Senquez,Golson,CB,DB,D,70.0,71.0,72.0,,
2280,Jarvis,Jones,ROLB,LB,D,71.0,73.0,76.0,,
1220,Daniel,McCullers,DT,DL,D,68.0,66.0,69.0,,
4338,Sean,Spence,MLB,LB,D,71.0,72.0,73.0,,
696,Cam,Thomas,LE,DL,D,71.0,66.0,73.0,,
3179,Lawrence,Timmons,MLB,LB,D,90.0,78.0,80.0,,
2251,Jared,Crick,LE,DL,D,77.0,70.0,71.0,,
592,Brian,Cushing,MLB,LB,D,82.0,81.0,78.0,,
669,C.J.,Fiedorowicz,TE,TE,O,71.0,77.0,81.0,,
4237,Ryan,Mallett,QB,QB,O,74.0,67.0,66.0,,
2990,Keshawn,Martin,WR,WR,O,69.0,68.0,66.0,,
1503,Derek,Newton,RT,OL,O,87.0,82.0,78.0,,
1740,Eddie,Pleasant,SS,DB,D,75.0,70.0,74.0,,
1997,Harry,Douglas,WR,WR,O,79.0,73.0,73.0,,
239,Anthony,Fasano,TE,TE,O,77.0,80.0,83.0,,
5067,Zaviar,Gooden,MLB,LB,D,68.0,67.0,65.0,,
1867,Gabe,Ikard,C,OL,O,67.0,65.0,65.0,,
2851,Karl,Klug,RE,DL,D,75.0,73.0,80.0,,
433,Bishop,Sankey,HB,RB,O,75.0,73.0,72.0,,
609,Brian,Schwenke,C,OL,O,72.0,71.0,74.0,,
1159,Daimion,Stafford,SS,DB,D,71.0,69.0,70.0,,
3470,Matt,Asiata,HB,RB,O,72.0,73.0,75.0,,
4106,Robert,Blanton,SS,DB,D,86.0,76.0,72.0,,
332,Audie,Cole,MLB,LB,D,71.0,67.0,68.0,,
4374,Sharrif,Floyd,DT,DL,D,87.0,83.0,83.0,,
2087,Jabari,Price,CB,DB,D,66.0,65.0,65.0,,
4892,Tyrus,Thompson,LT,OL,O,64.0,65.0,66.0,,
481,Bradley,Chubb,RE,DL,D,,,,80.0,
1601,Domata,Peko Sr,DT,DL,D,,,,79.0,
1601,Domata,Peko,DT,DL,D,72.0,73.0,74.0,79.0,
732,Carlton,Davis,CB,DB,D,,,,71.0,
732,Carlton,Davis,CB,DB,D,,,,71.0,
407,Bene',Benwikere,CB,DB,D,,,,70.0,
407,Bene,Benwikere,CB,DB,D,81.0,80.0,69.0,70.0,
4573,Tavaris,Barnes,RE,DL,D,,,,69.0,
635,Bryan,Cox,LE,DL,D,,,,69.0,
635,Bryan,Cox Jr,LE,DL,D,,,64.0,69.0,
4014,Ray-Ray,McCloud,WR,WR,O,,,,68.0,
90,Akrum,Wadley,HB,RB,O,,,,68.0,
4286,Sammie,Coates Jr,WR,WR,O,,,,67.0,
4286,Sammie,Coates,WR,WR,O,71.0,70.0,75.0,67.0,
352,Azeem,Victor,MLB,LB,D,,,,67.0,
953,Chunky,Clements,DT,DL,D,,,,66.0,
1183,Damien,Mama,RG,OL,O,,,,65.0,
2075,J.T.,Barrett,QB,QB,O,,,,65.0,
270,Anthony,Winbush,RE,DL,D,,,,65.0,
4565,Tarvarus,McFadden,CB,DB,D,,,,65.0,
1436,Dee,Delaney,CB,DB,D,,,,64.0,
647,Bryce,Williams,TE,TE,O,,,,64.0,
2739,Joshua,Frazier,DT,DL,D,,,,63.0,
4476,Stephen,Roberts,FS,DB,D,,,,63.0,
2104,Jacob,Pugh,ROLB,LB,D,,,,63.0,
2277,Jarvion,Franklin,HB,RB,O,,,,62.0,
2136,Jake,McGee,TE,TE,O,,,,62.0,
1250,Darius,Jackson,RE,DL,D,,,,62.0,
3746,Nic,Shimonek,QB,QB,O,,,,62.0,
579,Brett,Boyko,RT,OL,O,,,,61.0,
4268,Salesi,Uhatafe,LG,OL,O,,,,61.0,
2775,Justin,Crawford,HB,RB,O,,,,60.0,
1454,DeMarcus,Ayers,WR,WR,O,,,,59.0,
1454,Demarcus,Ayers,WR,WR,O,,62.0,62.0,59.0,
3202,Leon,Hall,CB,DB,D,86.0,,,71.0,
778,Chandler,Jones,RE,DL,D,88.0,,,89.0,
2024,Hunter,Sharp,WR,WR,O,,63.0,,64.0,
4788,Tre,Madden,HB,RB,O,,63.0,,70.0,
3430,Marquess,Wilson,WR,WR,O,73.0,73.0,,73.0,
2907,Kelcie,McCray,FS,DB,D,69.0,66.0,,70.0,
3338,Marcus,Gilchrist,SS,DB,D,79.0,82.0,,82.0,
4485,Stevan,Ridley,HB,RB,O,76.0,71.0,,68.0,
2943,Kendrick,Lewis,FS,DB,D,81.0,79.0,,74.0,
4824,Trey,Williams,HB,RB,O,60.0,60.0,,67.0,
3431,Marqueston,Huff,FS,DB,D,74.0,72.0,,67.0,
4009,Rashawn,Scott,WR,WR,O,,,63.0,61.0,
4609,Terrance,Smith,MLB,LB,D,,,60.0,67.0,
560,Brandon,Wilds,HB,RB,O,,,65.0,60.0,
2148,Jalen,Myrick,CB,DB,D,,,67.0,70.0,
1748,Ejuan,Price,ROLB,LB,D,,,66.0,70.0,
49,Adam,Bisnowaty,LT,OL,O,,,65.0,67.0,
3896,Phil,Taylor Sr,DT,DL,D,,,71.0,71.0,
3896,Phil,Taylor,DT,DL,D,80.0,,71.0,71.0,
725,Carlos,Henderson,WR,WR,O,,,76.0,73.0,
3996,Rashad,Greene Sr,WR,WR,O,,,71.0,71.0,
3996,Rashad,Greene,WR,WR,O,71.0,70.0,71.0,71.0,
4445,Stacy,Coley,WR,WR,O,,,66.0,67.0,
2815,K.D.,Cannon,WR,WR,O,,,65.0,64.0,
2068,J.J.,Dielman,C,OL,O,,,66.0,65.0,
3742,Nelson,Spruce,WR,WR,O,,,64.0,66.0,
2555,John,Ross,WR,WR,O,,,77.0,76.0,
303,ArDarius,Stewart,WR,WR,O,,,74.0,74.0,
764,Chad,Hansen,WR,WR,O,,,70.0,69.0,
2017,Howard,Wilson,CB,DB,D,,,69.0,69.0,
4151,Roger,Lewis Jr,WR,WR,O,,,67.0,72.0,
4151,Roger,Lewis,WR,WR,O,,62.0,67.0,72.0,
4304,Scott,Orndoff,TE,TE,O,,,65.0,66.0,
2098,Jack,Tocho,SS,DB,D,,,63.0,66.0,
4506,Stevie,Tu'Ikolovatu,DT,DL,D,,,67.0,72.0,
4775,Travis,Rudolph,WR,WR,O,,,66.0,69.0,
3434,Marquez,White,CB,DB,D,,,65.0,67.0,
3289,Malachi,Dupre,WR,WR,O,,,66.0,65.0,
2759,Julius,Peppers,RE,DL,D,,,83.0,82.0,
165,Amara,Darboh,WR,WR,O,,,74.0,71.0,
3722,Nate,Orchard,LE,DL,D,,,69.0,70.0,
169,Amba,Etta-Tawo,WR,WR,O,,,63.0,61.0,
3303,Malik,McDowell,DT,DL,D,,,74.0,72.0,
474,Brad,Kaaya,QB,QB,O,,,64.0,62.0,
4562,Tarell,Basham,RE,DL,D,,,70.0,75.0,
438,Blair,Brown,LOLB,LB,D,,,68.0,70.0,
2890,Keith,Kelsey Jr,MLB,LB,D,,,60.0,64.0,
2514,Joe,Williams,HB,RB,O,,,72.0,71.0,
1543,Desmond,King,SS,DB,D,,,67.0,81.0,
621,Brooks,Ellis,MLB,LB,D,,,60.0,64.0,
2043,Isaac,Asiata,LG,OL,O,,,68.0,67.0,
1078,Courtney,Upshaw,DT,DL,D,,,73.0,73.0,
247,Anthony,Johnson,DT,DL,D,67.0,,62.0,66.0,
3446,Marshawn,Lynch,HB,RB,O,96.0,,85.0,85.0,
3789,Noah,Spence,LE,DL,D,,71.0,75.0,78.0,
4525,T.J.,Green,FS,DB,D,,71.0,68.0,78.0,
3219,Leonte,Carroo,WR,WR,O,,70.0,69.0,70.0,
719,Carl,Nassib,RE,DL,D,,69.0,71.0,74.0,
2892,Keith,Marshall,HB,RB,O,,69.0,67.0,71.0,
118,Alex,Collins,HB,RB,O,,69.0,67.0,81.0,
806,Charles,Tapper,RE,DL,D,,68.0,69.0,76.0,
1219,Daniel,Lasco,HB,RB,O,,68.0,63.0,68.0,
3294,Malcolm,Mitchell,WR,WR,O,,67.0,76.0,75.0,
3846,Parker,Ehinger,LG,OL,O,,66.0,69.0,67.0,
288,Antonio,Morrison,MLB,LB,D,,65.0,68.0,70.0,
383,Beau,Sandland,TE,TE,O,,65.0,65.0,63.0,
4006,Rashard,Robinson,CB,DB,D,,64.0,76.0,71.0,
1055,Cornelius,Washington,LE,DL,D,,64.0,64.0,76.0,
1055,Cornelius,Washington,ROLB,LB,D,69.0,64.0,64.0,76.0,
2560,John,Theus,LT,OL,O,,63.0,64.0,62.0,
1140,D.J.,White,CB,DB,D,,63.0,63.0,69.0,
4655,Thomas,Duarte,TE,TE,O,,63.0,62.0,69.0,
4236,Ryan,Malleck,TE,TE,O,,63.0,62.0,66.0,
1431,DeAndre,Elliott,CB,DB,D,,61.0,64.0,66.0,
4896,Tyvis,Powell,SS,DB,D,,61.0,60.0,64.0,
129,Alex,McCalister,RE,DL,D,,60.0,60.0,68.0,
1388,De'Vante,Harris,CB,DB,D,,60.0,63.0,68.0,
1273,Darrell,Greene,LG,OL,O,,59.0,61.0,61.0,
1665,Dres,Anderson,WR,WR,O,65.0,62.0,62.0,62.0,
3749,Nick,Bellore,MLB,LB,D,67.0,66.0,69.0,71.0,
627,Bruce,Ellington,WR,WR,O,68.0,69.0,71.0,77.0,
1633,Dontae,Johnson,CB,DB,D,74.0,75.0,69.0,73.0,
3352,Marcus,Martin,C,OL,O,72.0,65.0,68.0,65.0,
3205,Leon,McFadden,CB,DB,D,71.0,71.0,70.0,71.0,
4372,Shareece,Wright,CB,DB,D,74.0,72.0,75.0,74.0,
4269,Sam,Acho,MLB,LB,D,73.0,75.0,74.0,73.0,
1330,David,Fales,QB,QB,O,66.0,63.0,62.0,67.0,
2279,Jarvis,Jenkins,LE,DL,D,72.0,66.0,68.0,73.0,
5054,Zach,Miller,TE,TE,O,71.0,78.0,86.0,81.0,
2114,Jacquizz,Rodgers,HB,RB,O,76.0,75.0,78.0,72.0,
3341,Marcus,Hardison,DT,DL,D,64.0,60.0,60.0,66.0,
4229,Ryan,Hewitt,FB,RB,O,84.0,74.0,78.0,68.0,
2405,Jeremy,Hill,HB,RB,O,86.0,81.0,82.0,76.0,
3578,Michael,Johnson,RE,DL,D,81.0,79.0,76.0,79.0,
4529,T.J.,Johnson,C,OL,O,67.0,67.0,67.0,64.0,
4038,Reggie,Nelson,FS,DB,D,86.0,87.0,79.0,77.0,
194,Andre,Smith,RT,OL,O,85.0,77.0,74.0,73.0,
1716,E.J.,Manuel,QB,QB,O,73.0,71.0,70.0,69.0,
3220,Lerentee,McCray,LOLB,LB,D,69.0,71.0,72.0,68.0,
613,Brock,Osweiler,QB,QB,O,73.0,77.0,75.0,72.0,
3587,Michael,Schofield,RT,OL,O,69.0,68.0,72.0,63.0,
1245,Darian,Stewart,FS,DB,D,85.0,86.0,83.0,80.0,
2033,Ibraheim,Campbell,SS,DB,D,67.0,70.0,70.0,72.0,
5021,Xavier,Cooper,LE,DL,D,65.0,62.0,70.0,71.0,
2542,John,Greco,RG,OL,O,86.0,77.0,82.0,70.0,
2715,Josh,McCown,QB,QB,O,72.0,71.0,73.0,78.0,
2954,Kenny,Bell,WR,WR,O,66.0,63.0,63.0,63.0,
2822,Kaelin,Clay,WR,WR,O,60.0,58.0,58.0,62.0,
868,Chris,Conte,FS,DB,D,75.0,76.0,71.0,73.0,
4574,Tavarres,King,WR,WR,O,64.0,61.0,67.0,71.0,
345,Austin,Seferian-Jenkins,TE,TE,O,76.0,78.0,74.0,81.0,
2598,Jonathan,Cooper,RG,OL,O,77.0,76.0,77.0,72.0,
3020,Kevin,Minter,MLB,LB,D,78.0,74.0,78.0,73.0,
4836,Troy,Niklas,TE,TE,O,72.0,74.0,74.0,72.0,
1865,Frostee,Rucker,RE,DL,D,82.0,76.0,72.0,76.0,
2989,Kerwynn,Williams,HB,RB,O,72.0,71.0,73.0,79.0,
2483,Joe,Barksdale,RT,OL,O,80.0,80.0,72.0,72.0,
1042,Corey,Liuget,RE,DL,D,84.0,80.0,80.0,83.0,
1085,Craig,Mager,CB,DB,D,67.0,69.0,72.0,73.0,
4602,Tenny,Palepoi,RE,DL,D,68.0,65.0,68.0,72.0,
3310,Manti,Te'o,MLB,LB,D,78.0,75.0,75.0,77.0,
2356,Jeff,Allen,RG,OL,O,75.0,78.0,72.0,70.0,
145,Allen,Bailey,RE,DL,D,81.0,79.0,77.0,77.0,
1777,Eric,Berry,SS,DB,D,84.0,93.0,94.0,96.0,
2792,Justin,Houston,LOLB,LB,D,97.0,97.0,93.0,90.0,
1522,Derrick,Johnson,MLB,LB,D,88.0,90.0,83.0,80.0,
1522,Derrick,Johnson,MLB,LB,D,88.0,90.0,83.0,80.0,
1621,Donald,Stephenson,RT,OL,O,77.0,72.0,67.0,67.0,
4948,Vontae,Davis,CB,DB,D,95.0,91.0,86.0,78.0,
374,Barry,Church,FS,DB,D,81.0,82.0,83.0,83.0,
3691,Morris,Claiborne,CB,DB,D,73.0,70.0,79.0,78.0,
1892,Gavin,Escobar,TE,TE,O,75.0,74.0,74.0,75.0,
3826,Orlando,Scandrick,CB,DB,D,88.0,87.0,83.0,78.0,
559,Brandon,Weeden,QB,QB,O,73.0,72.0,68.0,62.0,
4612,Terrance,Williams,WR,WR,O,82.0,80.0,80.0,79.0,
2337,Jay,Ajayi,HB,RB,O,72.0,75.0,87.0,86.0,
3613,Mike,Gillislee,HB,RB,O,68.0,70.0,77.0,77.0,
4094,Rishard,Matthews,WR,WR,O,72.0,79.0,82.0,82.0,
1721,Earl,Mitchell,DT,DL,D,80.0,74.0,72.0,73.0,
1531,Derrick,Shelby,LE,DL,D,76.0,72.0,75.0,74.0,
1598,Dion,Sims,TE,TE,O,77.0,75.0,78.0,77.0,
4272,Sam,Bradford,QB,QB,O,79.0,78.0,83.0,79.0,
2704,Josh,Huff,WR,WR,O,72.0,70.0,71.0,71.0,
413,Bennie,Logan,DT,DL,D,80.0,78.0,78.0,79.0,
661,Byron,Maxwell,CB,DB,D,84.0,76.0,85.0,76.0,
1287,Darren,Sproles,HB,RB,O,82.0,81.0,83.0,83.0,
1587,Dezmen,Southward,FS,DB,D,76.0,66.0,65.0,67.0,
3708,Nat,Berhe,SS,DB,D,70.0,66.0,65.0,65.0,
2339,Jay,Bromley,DT,DL,D,69.0,67.0,67.0,73.0,
3399,Mark,Herzlich,LOLB,LB,D,75.0,68.0,68.0,69.0,
2307,Jason,Pierre-Paul,RE,DL,D,89.0,85.0,88.0,84.0,
175,Andre,Branch,LE,DL,D,75.0,70.0,78.0,75.0,
2600,Johnathan,Cyprien,SS,DB,D,79.0,76.0,84.0,82.0,
2392,Jeremiah,George,MLB,LB,D,67.0,68.0,66.0,67.0,
5075,Ziggy,Hood,DT,DL,D,78.0,70.0,72.0,71.0,
1378,Davon,House,CB,DB,D,80.0,76.0,74.0,74.0,
4473,Stephen,Morris,QB,QB,O,64.0,62.0,61.0,63.0,
4283,Sam,Young,LT,OL,O,65.0,70.0,70.0,65.0,
2089,Jace,Amaro,TE,TE,O,76.0,74.0,75.0,74.0,
4713,Tommy,Bohanon,FB,RB,O,76.0,68.0,69.0,66.0,
574,Breno,Giacomini,RT,OL,O,78.0,69.0,69.0,64.0,
4964,Wesley,Johnson,C,OL,O,67.0,70.0,70.0,67.0,
2407,Jeremy,Kerley,WR,WR,O,76.0,72.0,77.0,77.0,
536,Brandon,Marshall,WR,WR,O,89.0,89.0,85.0,81.0,
646,Bryce,Petty,QB,QB,O,70.0,65.0,69.0,68.0,
421,Bilal,Powell,HB,RB,O,74.0,78.0,81.0,79.0,
3694,Muhammad,Wilkerson,LE,DL,D,96.0,89.0,79.0,83.0,
117,Alex,Carter,CB,DB,D,68.0,67.0,67.0,68.0,
4530,T.J.,Jones,WR,WR,O,67.0,66.0,69.0,76.0,
1986,Haloti,Ngata,DT,DL,D,92.0,82.0,78.0,80.0,
1940,Glover,Quin,FS,DB,D,90.0,83.0,82.0,87.0,
1044,Corey,Robinson,LT,OL,O,63.0,69.0,70.0,65.0,
4777,Travis,Swanson,C,OL,O,73.0,67.0,81.0,70.0,
1465,Demetri,Goodson,CB,DB,D,71.0,68.0,68.0,70.0,
3130,LaDarius,Gunter,CB,DB,D,63.0,64.0,72.0,72.0,
2669,Jordy,Nelson,WR,WR,O,93.0,89.0,91.0,86.0,
3947,Quinten,Rollins,CB,DB,D,67.0,72.0,73.0,73.0,
2916,Kelvin,Benjamin,WR,WR,O,86.0,83.0,85.0,84.0,
3083,Kurt,Coleman,SS,DB,D,79.0,87.0,78.0,74.0,
3071,Kony,Ealy,RE,DL,D,72.0,79.0,77.0,79.0,
4231,Ryan,Kalil,C,OL,O,87.0,89.0,81.0,76.0,
2616,Jonathan,Stewart,HB,RB,O,84.0,87.0,84.0,83.0,
1842,Fozzy,Whittaker,HB,RB,O,68.0,69.0,69.0,70.0,
3184,LeGarrette,Blount,HB,RB,O,80.0,81.0,85.0,87.0,
1608,Dominique,Easley,DT,DL,D,75.0,74.0,78.0,75.0,
4097,Rob,Gronkowski,TE,TE,O,99.0,99.0,98.0,99.0,
3573,Michael,Hoomanawanui,TE,TE,O,77.0,74.0,74.0,72.0,
528,Brandon,LaFell,WR,WR,O,83.0,77.0,82.0,79.0,
3561,Michael,Crabtree,WR,WR,O,82.0,83.0,85.0,84.0,
392,Ben,Heeney,MLB,LB,D,63.0,70.0,66.0,68.0,
4446,Stacy,McGee,DT,DL,D,71.0,63.0,70.0,73.0,
1620,Donald,Penn,LT,OL,O,89.0,87.0,89.0,86.0,
2955,Kenny,Britt,WR,WR,O,82.0,80.0,82.0,73.0,
340,Austin,Davis,QB,QB,O,73.0,69.0,68.0,64.0,
3145,Lance,Kendricks,TE,TE,O,78.0,75.0,74.0,78.0,
902,Chris,Long,LE,DL,D,84.0,77.0,80.0,81.0,
3417,Marlon,Brown,WR,WR,O,76.0,73.0,71.0,70.0,
3558,Michael,Campanaro,WR,WR,O,71.0,68.0,71.0,67.0,
103,Albert,McClellan,MLB,LB,D,69.0,70.0,70.0,73.0,
843,Chris,Baker,DT,DL,D,77.0,81.0,84.0,76.0,
3485,Matt,Jones,HB,RB,O,71.0,77.0,69.0,66.0,
4390,Shawn,Lauvao,LG,OL,O,80.0,74.0,71.0,70.0,
3457,Martrell,Spaight,MLB,LB,D,61.0,60.0,62.0,70.0,
4129,Robert,Thomas,DT,DL,D,62.0,51.0,63.0,67.0,
4482,Stephone,Anthony,MLB,LB,D,71.0,74.0,72.0,72.0,
504,Brandon,Coleman,WR,WR,O,63.0,69.0,72.0,77.0,
1879,Garrett,Grayson,QB,QB,O,71.0,64.0,62.0,57.0,
3359,Marcus,Murphy,HB,RB,O,65.0,67.0,65.0,70.0,
3534,Max,Unger,C,OL,O,90.0,82.0,84.0,82.0,
2835,Kam,Chancellor,SS,DB,D,94.0,91.0,95.0,90.0,
949,Christine,Michael,HB,RB,O,76.0,71.0,75.0,71.0,
84,Ahtyba,Rubin,DT,DL,D,78.0,74.0,74.0,75.0,
4130,Robert,Turbin,HB,RB,O,78.0,75.0,76.0,71.0,
3448,Martavis,Bryant,WR,WR,O,80.0,82.0,80.0,81.0,
1644,Doran,Grant,CB,DB,D,67.0,66.0,66.0,67.0,
1291,Darrius,Heyward-Bey,WR,WR,O,69.0,71.0,72.0,69.0,
3151,Landry,Jones,QB,QB,O,68.0,66.0,66.0,65.0,
3414,Markus,Wheaton,WR,WR,O,75.0,76.0,75.0,70.0,
3085,Kurtis,Drummond,FS,DB,D,61.0,67.0,68.0,66.0,
185,Andre,Hal,CB,DB,D,72.0,77.0,74.0,87.0,
2556,John,Simon,LOLB,LB,D,72.0,74.0,79.0,78.0,
2157,Jalston,Fowler,FB,RB,O,68.0,88.0,78.0,63.0,
2793,Justin,Hunter,WR,WR,O,75.0,71.0,71.0,72.0,
218,Andy,Levitre,LG,OL,O,82.0,80.0,84.0,79.0,
1146,Da'Norris,Searcy,SS,DB,D,86.0,85.0,76.0,73.0,
1070,Coty,Sensabaugh,CB,DB,D,69.0,71.0,71.0,72.0,
2939,Kendall,Wright,WR,WR,O,83.0,79.0,77.0,78.0,
711,Captain,Munnerlyn,CB,DB,D,81.0,75.0,80.0,74.0,
2726,Josh,Robinson,CB,DB,D,78.0,75.0,72.0,70.0,
607,Brian,Robison,LE,DL,D,82.0,79.0,80.0,73.0,
3655,Mike,Wallace,WR,WR,O,86.0,77.0,82.0,83.0,
3859,Patrick,Mahomes,QB,QB,O,,,,,97.0
63,Adrian,Amos Jr,SS,DB,D,,,,,87.0
63,Adrian,Amos,FS,DB,D,66.0,77.0,80.0,90.0,87.0
1437,Dee,Ford,LE,DL,D,,,,,84.0
1138,D.J.,Swearinger Sr,SS,DB,D,,,,,83.0
1138,D.J.,Swearinger,SS,DB,D,74.0,72.0,84.0,87.0,83.0
3946,Quinnen,Williams,DT,DL,D,,,,,80.0
1730,Ed,Oliver Jr,DT,DL,D,,,,,79.0
3750,Nick,Bosa,RE,DL,D,,,,,78.0
2677,Josh,Allen,LE,DL,D,,,,,77.0
3440,Marquise,Brown,WR,WR,O,,,,,77.0
4526,T.J.,Hockenson,TE,TE,O,,,,,77.0
1144,D.K.,Metcalf,WR,WR,O,,,,,76.0
662,Byron,Murphy Jr,CB,DB,D,,,,,75.0
2042,Irv,Smith Jr,TE,TE,O,,,,,75.0
2923,Kemoko,Turay,RE,DL,D,,,,,75.0
948,Christian,Wilkins,DT,DL,D,,,,,75.0
3787,Noah,Fant,TE,TE,O,,,,,74.0
965,Clelin,Ferrell,LE,DL,D,,,,,74.0
2707,Josh,Jacobs,HB,RB,O,,,,,74.0
2454,Jerry,Tillery,DT,DL,D,,,,,74.0
3230,Levi,Wallace,CB,DB,D,,,,,74.0
1565,Devin,White,MLB,LB,D,,,,,74.0
2066,J.J.,Arcega-Whiteside,WR,WR,O,,,,,73.0
1877,Garrett,Bradbury,C,OL,O,,,,,73.0
4002,Rashan,Gary,LE,DL,D,,,,,73.0
1156,DaeSean,Hamilton,WR,WR,O,,,,,73.0
1156,Daesean,Hamilton,WR,WR,O,,,,71.0,73.0
3110,Kyler,Murray,QB,QB,O,,,,,73.0
1950,Greedy,Williams,CB,DB,D,,,,,73.0
2,A.J.,Brown,WR,WR,O,,,,,72.0
1555,Devin,Bush,MLB,LB,D,,,,,72.0
1982,Hakeem,Butler,WR,WR,O,,,,,72.0
4113,Robert,Foster,WR,WR,O,,,,,72.0
1704,Dwayne,Haskins Jr,QB,QB,O,,,,,72.0
1275,Darrell,Henderson Jr,HB,RB,O,,,,,72.0
1275,Darrell,Henderson Jr,HB,RB,O,,,,,72.0
4844,Trysten,Hill,DT,DL,D,,,,,72.0
216,Andy,Isabella,WR,WR,O,,,,,72.0
1265,Darnell,Savage Jr,FS,DB,D,,,,,72.0
3662,Miles,Sanders,HB,RB,O,,,,,72.0
1560,Devin,Singletary,HB,RB,O,,,,,72.0
571,Breeland,Speaks,RE,DL,D,,,,,72.0
2090,Jace,Sternberger,TE,TE,O,,,,,72.0
1429,DeAndre,Baker,CB,DB,D,,,,,71.0
3660,Miles,Boykin,WR,WR,O,,,,,71.0
3847,Parris,Campbell,WR,WR,O,,,,,71.0
1119,D.J.,Chark Jr,WR,WR,O,,,,,71.0
1119,D.J.,Chark,WR,WR,O,,,,72.0,71.0
645,Bryce,Love,HB,RB,O,,,,,71.0
1347,David,Montgomery,HB,RB,O,,,,,71.0
2720,Josh,Oliver,TE,TE,O,,,,,71.0
1673,Drew,Sample,TE,TE,O,,,,,71.0
1441,Deebo,Samuel,WR,WR,O,,,,,71.0
2334,Jawaan,Taylor,RT,OL,O,,,,,71.0
179,Andre,Dillard,LT,OL,O,,,,,70.0
830,Chauncey,Gardner-Johnson,FS,DB,D,,,,,70.0
3539,Mecole,Hardman,WR,WR,O,,,,,70.0
2766,Justice,Hill,HB,RB,O,,,,,70.0
901,Chris,Lindstrom,RG,OL,O,,,,,70.0
901,Chris,Lindstrom,RG,OL,O,,,,,70.0
4640,Terry,McLaurin,WR,WR,O,,,,,70.0
2023,Hunter,Renfrow,WR,WR,O,,,,,70.0
4135,Rock,Ya-Sin,CB,DB,D,,,,,70.0
4424,Sione,Takitaki,LOLB,LB,D,,,,,70.0
2823,Kahale,Warring,TE,TE,O,,,,,70.0
2515,Joejuan,Williams,CB,DB,D,,,,,70.0
2563,Johnathan,Abram,SS,DB,D,,,,,69.0
5040,Zach,Allen,RE,DL,D,,,,,69.0
385,Ben,Banogu,LE,DL,D,,,,,69.0
388,Ben,Burr-Kirven,MLB,LB,D,,,,,69.0
3115,L.J.,Collier,RE,DL,D,,,,,69.0
1182,Damien,Harris,HB,RB,O,,,,,69.0
1182,Damien,Harris,HB,RB,O,,,,,69.0
4075,Richie,James Jr,WR,WR,O,,,,,69.0
4075,Richie,James,WR,WR,O,,,,68.0,69.0
1749,Elgton,Jenkins,RG,OL,O,,,,,69.0
1889,Gary,Jennings,WR,WR,O,,,,,69.0
1599,Diontae,Johnson,WR,WR,O,,,,,69.0
1599,Diontae,Johnson,WR,WR,O,,,,,69.0
414,Benny,Snell Jr,HB,RB,O,,,,,69.0
2799,Justin,Layne,CB,DB,D,,,,,69.0
1341,David,Long,CB,DB,D,,,,,69.0
2753,Julian,Love,CB,DB,D,,,,,69.0
2753,Julian,Love,CB,DB,D,,,,,69.0
1841,Foster,Moreau,TE,TE,O,,,,,69.0
4782,Trayvon,Mullen,CB,DB,D,,,,,69.0
4092,Riley,Ridley,WR,WR,O,,,,,69.0
1166,Dalton,Risner,C,OL,O,,,,,69.0
2120,Jahlani,Tavai,MLB,LB,D,,,,,69.0
1447,Deionte,Thompson,FS,DB,D,,,,,69.0
2749,Juan,Thornhill,FS,DB,D,,,,,69.0
1679,Drue,Tranquill,MLB,LB,D,,,,,69.0
4808,Trevon,Wesco,TE,TE,O,,,,,69.0
828,Chase,Winovich,RE,DL,D,,,,,69.0
985,Cody,Barton,LOLB,LB,D,,,,,68.0
4410,Shilique,Calhoun,LE,DL,D,,,,,68.0
4410,Shilique,Calhoun,ROLB,LB,D,,69.0,67.0,70.0,68.0
443,Blake,Cashman,MLB,LB,D,,,,,68.0
2189,Jamel,Dean,CB,DB,D,,,,,68.0
3609,Mike,Edwards,FS,DB,D,,,,,68.0
3609,Mike,Edwards,FS,DB,D,,,,,68.0
163,Amani,Hooker,SS,DB,D,,,,,68.0
2145,Jalen,Hurd,WR,WR,O,,,,,68.0
3249,Lonnie,Johnson Jr,CB,DB,D,,,,,68.0
1381,Dawson,Knox,TE,TE,O,,,,,68.0
136,Alexander,Mattison,HB,RB,O,,,,,68.0
164,Amani,Oruwariye,CB,DB,D,,,,,68.0
5055,Zach,Pascal,WR,WR,O,,,,,68.0
4734,Tony,Pollard,HB,RB,O,,,,,68.0
1920,Germaine,Pratt,MLB,LB,D,,,,,68.0
4587,Taylor,Rapp,SS,DB,D,,,,,68.0
2938,Kendall,Sheffield,CB,DB,D,,,,,68.0
1259,Darius,Slayton,WR,WR,O,,,,,68.0
4048,Renell,Wren,DT,DL,D,,,,,68.0
4145,Rodney,Anderson,HB,RB,O,,,,,67.0
4145,Rodney,Anderson,HB,RB,O,,,,,67.0
3439,Marquise,Blair,SS,DB,D,,,,,67.0
4718,Tony,Brown,CB,DB,D,,,,,67.0
3536,Maxx,Crosby,RE,DL,D,,,,,67.0
1955,Greg,Gaines,DT,DL,D,,,,,67.0
1764,Emanuel,Hall,WR,WR,O,,,,,67.0
2917,Kelvin,Harmon,WR,WR,O,,,,,67.0
4981,Will,Harris,FS,DB,D,,,,,67.0
2880,KeeSean,Johnson,WR,WR,O,,,,,67.0
1661,Dre'Mont,Jones,RE,DL,D,,,,,67.0
2040,Iman,Lewis-Marshall,CB,DB,D,,,,,67.0
1668,Drew,Lock,QB,QB,O,,,,,67.0
1384,Daylon,Mack,DT,DL,D,,,,,67.0
2829,Kaleb,McGary,RT,OL,O,,,,,67.0
2044,Isaac,Nauta,TE,TE,O,,,,,67.0
1678,Dru,Samia,RG,OL,O,,,,,67.0
4716,Tommy,Sweeney,TE,TE,O,,,,,67.0
426,Billy,Brown,TE,TE,O,,,,,66.0
337,Austin,Bryant,LE,DL,D,,,,,66.0
2567,Johnnie,Dixon,WR,WR,O,,,,,66.0
4765,Travis,Fulgham,WR,WR,O,,,,,66.0
3141,Lamont,Gaillard,C,OL,O,,,,,66.0
4980,Will,Grier,QB,QB,O,,,,,66.0
4455,Stanley,Morgan Jr,WR,WR,O,,,,,66.0
1135,D.J.,Reed Jr,FS,DB,D,,,,,66.0
1135,D.J.,Reed,CB,DB,D,,,,68.0,66.0
4373,Shareef,Miller,RE,DL,D,,,,,66.0
461,Bobby,Okereke,MLB,LB,D,,,,,66.0
663,Byron,Pringle,WR,WR,O,,,,,66.0
4404,Sheldrick,Redwine,FS,DB,D,,,,,66.0
311,Armon,Watts,DT,DL,D,,,,,66.0
1584,Dexter,Williams,HB,RB,O,,,,,66.0
4781,Trayveon,Williams,HB,RB,O,,,,,66.0
3050,Khari,Willis,FS,DB,D,,,,,66.0
685,Caleb,Wilson,TE,TE,O,,,,,66.0
685,Caleb,Wilson,TE,TE,O,,,,,66.0
4264,Ryquell,Armstead,HB,RB,O,,,,,65.0
1923,Geron,Christian Sr,LT,OL,O,,,,,65.0
1923,Geron,Christian,LT,OL,O,,,,68.0,65.0
1455,Demarcus,Christmas,DT,DL,D,,,,,65.0
4216,Ryan,Connelly,MLB,LB,D,,,,,65.0
3712,Nate,Davis,RG,OL,O,,,,,65.0
1954,Greg,Dortch,WR,WR,O,,,,,65.0
1541,DeShon,Elliott,FS,DB,D,,,,,65.0
1541,Deshon,Elliott,FS,DB,D,,,,67.0,65.0
3699,Myles,Gaskin,HB,RB,O,,,,,65.0
3895,Phil,Haynes,LG,OL,O,,,,,65.0
2246,Jaquan,Johnson,FS,DB,D,,,,,65.0
248,Anthony,Johnson,WR,WR,O,,,,,65.0
3057,Kingsley,Keke,RE,DL,D,,,,,65.0
2647,Jordan,Miller,CB,DB,D,,,,,65.0
2156,Jalin,Moore,HB,RB,O,,,,,65.0
3532,Max,Scharping,LT,OL,O,,,,,65.0
2820,Kaden,Smith,TE,TE,O,,,,,65.0
4588,Taylor,Stallworth,DT,DL,D,,,,,65.0
2288,Jason,Cabinda,MLB,LB,D,,,,,64.0
5022,Xavier,Crawford,CB,DB,D,,,,,64.0
1539,Deshaun,Davis,MLB,LB,D,,,,,64.0
3562,Michael,Deiter,LG,OL,O,,,,,64.0
454,Bobby,Evans Jr,LT,OL,O,,,,,64.0
1925,Gerri,Green,LE,DL,D,,,,,64.0
3235,Lil'Jordan,Humphrey,WR,WR,O,,,,,64.0
4879,Tyree,Jackson,QB,QB,O,,,,,64.0
2498,Joe,Jackson,RE,DL,D,,,,,64.0
2498,Joe,Jackson,RE,DL,D,,,,,64.0
4950,Vosean,Joseph,MLB,LB,D,,,,,64.0
943,Christian,Miller,ROLB,LB,D,,,,,64.0
1592,Dillon,Mitchell,WR,WR,O,,,,,64.0
3918,Qadree,Ollison,HB,RB,O,,,,,64.0
401,Ben,Powers,LG,OL,O,,,,,64.0
1636,Dontavius,Russell,DT,DL,D,,,,,64.0
2657,Jordan,Scarlett,HB,RB,O,,,,,64.0
707,Cameron,Smith,MLB,LB,D,,,,,64.0
3657,Mike,Weber,HB,RB,O,,,,,64.0
3284,Mack,Wilson,MLB,LB,D,,,,,64.0
933,Chris,Worley,ROLB,LB,D,,,,,64.0
113,Alex,Barnes,HB,RB,O,,,,,63.0
4878,Tyre,Brady,WR,WR,O,,,,,63.0
2048,Isaiah,Buggs,RE,DL,D,,,,,63.0
3298,Malik,Carney,RE,DL,D,,,,,63.0
656,Byron,Cowart,DT,DL,D,,,,,63.0
2168,Jamal,Custis,WR,WR,O,,,,,63.0
1765,Emeke,Egbule,LOLB,LB,D,,,,,63.0
5048,Zach,Gentry,TE,TE,O,,,,,63.0
715,Carl,Granderson,LE,DL,D,,,,,63.0
1662,Dre,Greenlaw,MLB,LB,D,,,,,63.0
1753,Elijah,Holyfield,HB,RB,O,,,,,63.0
4768,Travis,Homer,HB,RB,O,,,,,63.0
102,Albert,Huggins Jr,DT,DL,D,,,,,63.0
1296,Darryl,Johnson Jr,LE,DL,D,,,,,63.0
1218,Daniel,Jones,QB,QB,O,,,,,63.0
2607,Jonathan,Ledbetter,LE,DL,D,,,,,63.0
1383,Dax,Raymond,TE,TE,O,,,,,63.0
4849,Ty,Summers,MLB,LB,D,,,,,63.0
2930,Ken,Webster,CB,DB,D,,,,,63.0
446,Blessuan,Austin,CB,DB,D,,,,,62.0
2932,Kendall,Blanton,TE,TE,O,,,,,62.0
2630,Jordan,Brown,CB,DB,D,,,,,62.0
3995,Rashad,Fenton,CB,DB,D,,,,,62.0
1217,Daniel,Helm,TE,TE,O,,,,,62.0
1173,DaMarkus,Lodge,WR,WR,O,,,,,62.0
144,Alize,Mack,TE,TE,O,,,,,62.0
4190,Ross,Pierschbacher,C,OL,O,,,,,62.0
5017,Wyatt,Ray,LE,DL,D,,,,,62.0
213,Andrew,Wingard,FS,DB,D,,,,,62.0
1224,Daniel,Wise,DT,DL,D,,,,,62.0
1161,Dakota,Allen,MLB,LB,D,,,,,61.0
3079,Kris,Boyd,CB,DB,D,,,,,61.0
5032,Yodny,Cajuste,LT,OL,O,,,,,61.0
2014,Hjalte,Froholdt,LG,OL,O,,,,,61.0
4296,Saquan,Hampton,SS,DB,D,,,,,61.0
2146,Jalen,Jelks,LE,DL,D,,,,,61.0
920,Chris,Slayton,LE,DL,D,,,,,61.0
2347,Jaylen,Smith,WR,WR,O,,,,,61.0
5070,Zedrick,Woods,SS,DB,D,,,,,61.0
4635,Terry,Beckner Jr,LE,DL,D,,,,,60.0
381,Beau,Benzschawel,RG,OL,O,,,,,60.0
178,Andre,Chachere,CB,DB,D,,,,,60.0
2493,Joe,Giles-Harris,MLB,LB,D,,,,,60.0
1342,David,Long Jr,MLB,LB,D,,,,,60.0
3402,Mark,McLaurin Jr,SS,DB,D,,,,,60.0
694,Cam,Phillips,WR,WR,O,,,,,60.0
2057,Isaiah,Prince,RT,OL,O,,,,,60.0
1632,Donovan,Wilson,SS,DB,D,,,,,60.0
3268,Lukas,Denis,FS,DB,D,,,,,59.0
1329,David,Edwards,RT,OL,O,,,,,59.0
3396,Mark,Fields,CB,DB,D,,,,,59.0
143,Alijah,Holder,CB,DB,D,,,,,59.0
1515,Derrick,Baity Jr,CB,DB,D,,,,,58.0
2838,Kameron,Kelly,SS,DB,D,,,,,58.0
1536,Derwin,Gray,LT,OL,O,,,,,57.0
1625,Donnell,Greene,LT,OL,O,,,,,57.0
1890,Gary,Johnson,MLB,LB,D,,,,,57.0
1890,Gary,Johnson,MLB,LB,D,,,,,57.0
4267,Saivion,Smith,CB,DB,D,,,,,57.0
2271,Jarrett,Stidham,QB,QB,O,,,,,57.0
2579,Jojo,Wicker,DT,DL,D,,,,,57.0
5059,Zack,Bailey,LG,OL,O,,,,,56.0
4220,Ryan,Finley,QB,QB,O,,,,,56.0
897,Chris,Jones,CB,DB,D,,,,,56.0
4249,Ryan,Pope,RT,OL,O,,,,,56.0
584,Brett,Rypien,QB,QB,O,,,,,56.0
4999,William,Sweet,RT,OL,O,,,,,56.0
964,Clayton,Thorson,QB,QB,O,,,,,56.0
4747,Trace,McSorley,QB,QB,O,,,,,55.0
2529,John,Atkins,DT,DL,D,,,,,54.0
2100,Jackson,Barton,LT,OL,O,,,,,54.0
3755,Nick,Fitzgerald,QB,QB,O,,,,,54.0
2006,Henre',Toliver,CB,DB,D,,,,,54.0
527,Brandon,Knight,RT,OL,O,,,,,53.0
3103,Kyle,Shurmur,QB,QB,O,,,,,52.0
821,Chase,Litton,QB,QB,O,,,,,45.0
3827,Orson,Charles,TE,TE,O,76.0,,,,67.0
745,Cassanova,McKinzy,MLB,LB,D,,57.0,,,65.0
182,Andre,Ellington,HB,RB,O,77.0,78.0,,,72.0
623,Brooks,Reed,LOLB,LB,D,80.0,76.0,,,77.0
410,Bennett,Jackson,CB,DB,D,64.0,68.0,,,61.0
5042,Zach,Banner,RT,OL,O,,,71.0,,60.0
4157,Romeo,Okwara,LE,DL,D,,,70.0,,71.0
1244,Dare,Ogunbowale,HB,RB,O,,,65.0,,61.0
653,Bug,Howard,WR,WR,O,,,64.0,,63.0
3870,Paul,Perkins,HB,RB,O,,72.0,77.0,,66.0
2621,Jonathan,Williams,HB,RB,O,,67.0,64.0,,58.0
153,Alonzo,Russell,WR,WR,O,,62.0,62.0,,61.0
2527,Joey,Mbu,DT,DL,D,,59.0,60.0,,62.0
1795,Eric,Reid,FS,DB,D,81.0,77.0,77.0,,76.0
2408,Jeremy,Langford,HB,RB,O,71.0,76.0,74.0,,61.0
3441,Marquise,Goodwin,WR,WR,O,68.0,68.0,73.0,,83.0
4131,Robert,Woods,WR,WR,O,80.0,73.0,78.0,,87.0
625,Bruce,Carter,LOLB,LB,D,78.0,73.0,72.0,,68.0
3565,Michael,Floyd,WR,WR,O,86.0,85.0,75.0,,70.0
3411,Markus,Golden,ROLB,LB,D,64.0,69.0,82.0,,71.0
1043,Corey,Peters,DT,DL,D,80.0,75.0,74.0,,76.0
2320,Jason,Witten,TE,TE,O,93.0,87.0,90.0,,83.0
2178,Jamar,Taylor,CB,DB,D,68.0,70.0,81.0,,70.0
3810,Olivier,Vernon,RE,DL,D,83.0,91.0,88.0,,82.0
2144,Jalen,Collins,CB,DB,D,71.0,71.0,79.0,,66.0
3965,Ra'Shede,Hageman,DT,DL,D,73.0,74.0,75.0,,68.0
2566,Johnathan,Hankins,DT,DL,D,86.0,81.0,76.0,,76.0
2803,Justin,Pugh,RT,OL,O,79.0,84.0,86.0,,73.0
4968,Weston,Richburg,C,OL,O,74.0,88.0,86.0,,70.0
3805,Oday,Aboushi,RT,OL,O,75.0,68.0,74.0,,63.0
3048,Khalil,Mack,LOLB,LB,D,91.0,94.0,97.0,,99.0
4577,Tavon,Austin,WR,WR,O,75.0,80.0,81.0,,73.0
376,Bashaud,Breeland,CB,DB,D,72.0,81.0,75.0,,74.0
2971,Kenny,Vaccaro,SS,DB,D,77.0,80.0,82.0,,81.0
629,Bruce,Irvin,LOLB,LB,D,84.0,81.0,84.0,,74.0
2816,K.J.,Wright,ROLB,LB,D,86.0,88.0,87.0,,81.0
4362,Shamarko,Thomas,SS,DB,D,76.0,72.0,69.0,,68.0
1680,Duane,Brown,LT,OL,O,90.0,86.0,86.0,,82.0
2117,Jaelen,Strong,WR,WR,O,72.0,73.0,73.0,,71.0
74,Adrian,Peterson,HB,RB,O,95.0,91.0,84.0,,83.0
74,Adrian,Peterson,HB,RB,O,95.0,91.0,84.0,,83.0
742,Casey,Hayward Jr,CB,DB,D,,,,91.0,89.0
742,Casey,Hayward,CB,DB,D,85.0,84.0,86.0,91.0,89.0
4993,William,Jackson,CB,DB,D,,,,84.0,84.0
3873,Paul,Richardson Jr,WR,WR,O,,,,84.0,81.0
3873,Paul,Richardson,WR,WR,O,73.0,71.0,75.0,84.0,81.0
3933,Quenton,Nelson,LG,OL,O,,,,83.0,87.0
718,Carl,Lawson,RE,DL,D,,,,82.0,81.0
4297,Saquon,Barkley,HB,RB,O,,,,82.0,91.0
367,Baker,Mayfield,QB,QB,O,,,,81.0,83.0
4184,Roquan,Smith,MLB,LB,D,,,,81.0,81.0
1482,Denzel,Ward,CB,DB,D,,,,80.0,88.0
1537,Derwin,James,SS,DB,D,,,,80.0,86.0
3663,Minkah,Fitzpatrick,CB,DB,D,,,,79.0,80.0
3135,Lamar,Jackson,QB,QB,O,,,,79.0,76.0
4944,Vita,Vea,DT,DL,D,,,,79.0,80.0
2001,Hayden,Hurst,TE,TE,O,,,,78.0,78.0
1534,Derrius,Guice,HB,RB,O,,,,78.0,78.0
3636,Mike,McGlinchey,RT,OL,O,,,,78.0,83.0
2728,Josh,Rosen,QB,QB,O,,,,78.0,70.0
3611,Mike,Gesicki,TE,TE,O,,,,77.0,75.0
4435,Sony,Michel,HB,RB,O,,,,77.0,84.0
2060,Isaiah,Wynn,LT,OL,O,,,,77.0,73.0
3070,Kolton,Miller,RT,OL,O,,,,77.0,71.0
1034,Corey,Clement,HB,RB,O,,,,77.0,75.0
2126,Jaire,Alexander,CB,DB,D,,,,77.0,83.0
1131,D.J.,Moore,WR,WR,O,,,,77.0,81.0
691,Calvin,Ridley,WR,WR,O,,,,77.0,79.0
3753,Nick,Chubb,HB,RB,O,,,,76.0,85.0
4575,Taven,Bryan,DT,DL,D,,,,76.0,75.0
3991,Rashaan,Evans,MLB,LB,D,,,,76.0,77.0
1022,Connor,Williams,LG,OL,O,,,,76.0,71.0
1848,Frank,Ragnow,C,OL,O,,,,76.0,79.0
3989,Rashaad,Penny,HB,RB,O,,,,76.0,78.0
1240,Dante,Pettis,WR,WR,O,,,,76.0,80.0
4274,Sam,Darnold,QB,QB,O,,,,75.0,74.0
4790,Tremaine,Edmunds,MLB,LB,D,,,,75.0,74.0
3387,Mark,Andrews,TE,TE,O,,,,75.0,79.0
429,Billy,Price,C,OL,O,,,,75.0,71.0
4876,Tyquan,Lewis,RE,DL,D,,,,75.0,72.0
2804,Justin,Reid,SS,DB,D,,,,75.0,84.0
1072,Courtland,Sutton,WR,WR,O,,,,75.0,76.0
2706,Josh,Jackson,CB,DB,D,,,,75.0,75.0
3621,Mike,Hughes,CB,DB,D,,,,75.0,70.0
3330,Marcus,Davenport,LE,DL,D,,,,75.0,72.0
2678,Josh,Allen,QB,QB,O,,,,74.0,74.0
4614,Terrell,Edmunds,SS,DB,D,,,,74.0,74.0
2224,James,Washington,WR,WR,O,,,,74.0,75.0
339,Austin,Corbett,RG,OL,O,,,,74.0,70.0
3797,Nyheim,Hines,HB,RB,O,,,,74.0,77.0
4958,Wayne,Gallman Jr,HB,RB,O,,,,74.0,74.0
4958,Wayne,Gallman,HB,RB,O,,,73.0,74.0,74.0
4911,Vernon,Butler Jr,DT,DL,D,,,,74.0,69.0
4911,Vernon,Butler,DT,DL,D,,74.0,75.0,74.0,69.0
2202,James,Daniels,C,OL,O,,,,74.0,77.0
1639,Donte,Jackson,CB,DB,D,,,,74.0,80.0
253,Anthony,Miller,WR,WR,O,,,,74.0,75.0
4196,Royce,Freeman,HB,RB,O,,,,73.0,75.0
3568,Michael,Gallup,WR,WR,O,,,,73.0,78.0
2988,Kerryon,Johnson,HB,RB,O,,,,73.0,81.0
3280,M.J.,Stewart Jr,CB,DB,D,,,,73.0,69.0
2055,Isaiah,Oliver,CB,DB,D,,,,73.0,71.0
940,Christian,Kirk,WR,WR,O,,,,73.0,76.0
1682,Duke,Dawson Jr,CB,DB,D,,,,72.0,67.0
3407,Mark,Walton Jr,HB,RB,O,,,,72.0,68.0
3467,Mason,Rudolph,QB,QB,O,,,,72.0,65.0
2906,Keke,Coutee,WR,WR,O,,,,72.0,73.0
1529,Derrick,Nnadi,DT,DL,D,,,,72.0,76.0
601,Brian,O'Neill,LT,OL,O,,,,72.0,70.0
4370,Shaquem,Griffin,ROLB,LB,D,,,,72.0,69.0
2831,Kalen,Ballage,HB,RB,O,,,,71.0,70.0
1994,Harrison,Phillips,DT,DL,D,,,,71.0,74.0
4275,Sam,Hubbard,LE,DL,D,,,,71.0,73.0
774,Chad,Thomas,RE,DL,D,,,,71.0,66.0
2794,Justin,Jackson,HB,RB,O,,,,71.0,73.0
449,Bo,Scarbrough,HB,RB,O,,,,71.0,62.0
1426,Deadrin,Senat,DT,DL,D,,,,71.0,71.0
4977,Will,Dissly,TE,TE,O,,,,71.0,73.0
1858,Fred,Warner,MLB,LB,D,,,,71.0,74.0
2431,Jerome,Baker,LOLB,LB,D,,,,70.0,76.0
567,Braxton,Berrios,WR,WR,O,,,,70.0,69.0
227,Anthony,Averett,CB,DB,D,,,,70.0,67.0
3302,Malik,Jefferson,ROLB,LB,D,,,,70.0,68.0
2972,Kenny,Young,MLB,LB,D,,,,70.0,71.0
2627,Jordan,Akins,TE,TE,O,,,,70.0,71.0
281,Antonio,Callaway,WR,WR,O,,,,70.0,75.0
2665,Jordan,Wilkins,HB,RB,O,,,,70.0,71.0
1210,Dane,Cruikshank,CB,DB,D,,,,70.0,66.0
4832,Troy,Fumagalli,TE,TE,O,,,,70.0,70.0
4180,Ronnie,Harrison,SS,DB,D,,,,70.0,71.0
2047,Isaac,Yiadom,CB,DB,D,,,,70.0,68.0
304,Arden,Key,LE,DL,D,,,,70.0,70.0
361,B.J.,Hill,LE,DL,D,,,,70.0,74.0
2733,Josh,Sweat,RE,DL,D,,,,70.0,70.0
760,Cedrick,Wilson,WR,WR,O,,,,70.0,69.0
760,Cedrick,Wilson,WR,WR,O,,,,70.0,69.0
3433,Marquez,Valdes-Scantling,WR,WR,O,,,,70.0,73.0
2158,Jalyn,Holmes,DT,DL,D,,,,70.0,65.0
2031,Ian,Thomas,TE,TE,O,,,,70.0,73.0
4011,Rasheem,Green,RE,DL,D,,,,70.0,68.0
2548,John,Kelly,HB,RB,O,,,,70.0,66.0
1692,Durham,Smythe,TE,TE,O,,,,69.0,67.0
3848,Parry,Nickerson,CB,DB,D,,,,69.0,69.0
5018,Wyatt,Teller,RG,OL,O,,,,69.0,70.0
199,Andrew,Brown,DT,DL,D,,,,69.0,65.0
2143,Jaleel,Scott,WR,WR,O,,,,69.0,68.0
1272,Darrell,Daniels,TE,TE,O,,,,69.0,68.0
1712,Dylan,Cantrell,WR,WR,O,,,,69.0,69.0
2796,Justin,Jones,DT,DL,D,,,,69.0,66.0
351,Avonte,Maddox,CB,DB,D,,,,69.0,78.0
1167,Dalton,Schultz,TE,TE,O,,,,69.0,71.0
4829,Troy,Apke,FS,DB,D,,,,69.0,66.0
4823,Trey,Quinn,WR,WR,O,,,,69.0,70.0
3992,Rashaan,Gaulden,FS,DB,D,,,,69.0,67.0
3436,Marquis,Haynes,LE,DL,D,,,,69.0,66.0
2094,Jack,Cichy,ROLB,LB,D,,,,69.0,62.0
4230,Ryan,Izzo,TE,TE,O,,,,68.0,69.0
2641,Jordan,Lasley,WR,WR,O,,,,68.0,66.0
331,Auden,Tate,WR,WR,O,,,,68.0,69.0
1486,Deon,Cain,WR,WR,O,,,,68.0,67.0
3321,Marcell,Ateman,WR,WR,O,,,,68.0,69.0
3767,Nick,Nelson,CB,DB,D,,,,68.0,69.0
309,Armani,Watts,FS,DB,D,,,,68.0,63.0
3820,Oren,Burks,MLB,LB,D,,,,68.0,65.0
2212,James,Looney,DT,DL,D,,,,68.0,63.0
4856,Tyler,Conklin,TE,TE,O,,,,68.0,68.0
2520,Joel,Iyiegbuniwe,MLB,LB,D,,,,68.0,65.0
2332,Javon,Wims,WR,WR,O,,,,68.0,68.0
2839,Kamrin,Moore,CB,DB,D,,,,68.0,63.0
2664,Jordan,Whitehead,SS,DB,D,,,,68.0,65.0
3548,Micah,Kiser,MLB,LB,D,,,,68.0,66.0
3808,Ogbonnia,Okoronkwo,ROLB,LB,D,,,,68.0,68.0
2976,Kentavius,Street,LE,DL,D,,,,68.0,65.0
3325,Marcus,Allen,SS,DB,D,,,,67.0,62.0
952,Chukwuma,Okorafor,RT,OL,O,,,,67.0,66.0
1255,Darius,Phillips,CB,DB,D,,,,67.0,65.0
1894,Genard,Avery,LOLB,LB,D,,,,67.0,76.0
3456,Martinas,Rankin,LT,OL,O,,,,67.0,63.0
2675,Josey,Jewell,MLB,LB,D,,,,67.0,71.0
1646,Dorian,O'Daniel,MLB,LB,D,,,,67.0,69.0
2676,Josh,Adams,HB,RB,O,,,,67.0,72.0
3748,Nick,Bawden,FB,RB,O,,,,67.0,67.0
58,Ade,Aruna,LE,DL,D,,,,67.0,63.0
2944,Kendrick,Norton,DT,DL,D,,,,67.0,62.0
3734,Natrell,Jamerson,FS,DB,D,,,,67.0,64.0
2673,Joseph,Noteboom,LT,OL,O,,,,67.0,65.0
2661,Jordan,Thomas,TE,TE,O,,,,66.0,72.0
4987,Will,Richardson Jr,RT,OL,O,,,,66.0,56.0
871,Chris,Covington,ROLB,LB,D,,,,66.0,62.0
1948,Grant,Haley,CB,DB,D,,,,66.0,70.0
1369,David,Wells,TE,TE,O,,,,66.0,67.0
1234,Danny,Johnson,CB,DB,D,,,,66.0,62.0
1004,Cole,Madison,RG,OL,O,,,,66.0,54.0
4680,Tim,Settle,DT,DL,D,,,,66.0,64.0
1001,Colby,Gossett,LG,OL,O,,,,66.0,64.0
587,Brian,Allen,C,OL,O,,,,66.0,62.0
4785,Tre,Flowers,SS,DB,D,,,,66.0,79.0
2182,Jamarco,Jones,LT,OL,O,,,,66.0,61.0
945,Christian,Sam,MLB,LB,D,,,,65.0,63.0
3503,Matt,Skura,C,OL,O,,,,65.0,70.0
4426,Skai,Moore,ROLB,LB,D,,,,65.0,62.0
3269,Luke,Falk,QB,QB,O,,,,65.0,52.0
3932,Quenton,Meeks,CB,DB,D,,,,65.0,61.0
511,Brandon,Facyson,CB,DB,D,,,,65.0,60.0
4305,Scott,Quessenberry,C,OL,O,,,,65.0,61.0
1269,Darrel,Williams,HB,RB,O,,,,65.0,63.0
4003,Rashard,Fant,CB,DB,D,,,,65.0,59.0
2016,Holton,Hill,CB,DB,D,,,,65.0,71.0
4078,Rick,Leonard,RT,OL,O,,,,65.0,55.0
3323,Marcell,Harris,SS,DB,D,,,,65.0,66.0
1491,Deontay,Burnett,WR,WR,O,,,,64.0,66.0
2741,Joshua,Kalu,CB,DB,D,,,,64.0,60.0
148,Allen,Lazard,WR,WR,O,,,,64.0,64.0
780,Chandon,Sullivan,CB,DB,D,,,,64.0,63.0
4418,Simmie,Cobbs Jr,WR,WR,O,,,,64.0,63.0
2012,Hercules,Mata'afa,LE,DL,D,,,,64.0,60.0
193,Andre,Smith,MLB,LB,D,,,,64.0,62.0
193,Andre,Smith,MLB,LB,D,,,,64.0,62.0
4133,Roc,Thomas,HB,RB,O,,,,64.0,64.0
4599,Tegray,Scales,MLB,LB,D,,,,64.0,60.0
3919,Quadree,Henderson,WR,WR,O,,,,63.0,61.0
1025,Cooper,Rush,QB,QB,O,,,,63.0,53.0
4503,Steven,Mitchell Jr,WR,WR,O,,,,63.0,61.0
1231,Danny,Etling,QB,QB,O,,,,62.0,50.0
3247,Logan,Woodside,QB,QB,O,,,,62.0,47.0
2883,Keishawn,Bierria,MLB,LB,D,,,,62.0,58.0
3476,Matt,Dickerson,LE,DL,D,,,,62.0,58.0
4321,Sean,Chandler,FS,DB,D,,,,62.0,64.0
4245,Ryan,Nall,HB,RB,O,,,,62.0,58.0
3082,Kurt,Benkert,QB,QB,O,,,,62.0,47.0
1941,Godwin,Igwebuike,SS,DB,D,,,,62.0,60.0
4559,Tanner,Lee,QB,QB,O,,,,61.0,46.0
3934,Quin,Blanding,SS,DB,D,,,,61.0,57.0
3514,Matthew,Thomas,MLB,LB,D,,,,60.0,59.0
3514,Matthew,Thomas,MLB,LB,D,,,,60.0,59.0
4582,Taylor,Hearn,RG,OL,O,,,,60.0,53.0
3757,Nick,Gates,LT,OL,O,,,,59.0,49.0
2964,Kenny,Ladler,FS,DB,D,63.0,,,63.0,58.0
4794,Trent,Murphy,RE,DL,D,,81.0,,81.0,77.0
4746,Tra,Carson,HB,RB,O,,62.0,,54.0,56.0
3025,Kevin,Peterson,CB,DB,D,,61.0,,67.0,61.0
1399,DeAndrew,White,WR,WR,O,66.0,65.0,,66.0,63.0
3556,Michael,Burton,FB,RB,O,64.0,83.0,,63.0,65.0
2083,Jabaal,Sheard,DT,DL,D,84.0,88.0,,89.0,82.0
4125,Robert,Quinn,RE,DL,D,93.0,89.0,,81.0,78.0
4453,Stanley,Jean-Baptiste,CB,DB,D,68.0,66.0,,68.0,63.0
746,Cassius,Marsh,RE,DL,D,66.0,67.0,,72.0,72.0
4060,Rhett,Ellison,TE,TE,O,74.0,72.0,,77.0,76.0
5052,Zach,Line,FB,RB,O,72.0,72.0,,73.0,74.0
3447,Marshon,Lattimore,CB,DB,D,,,76.0,90.0,87.0
4054,Reuben,Foster,MLB,LB,D,,,76.0,87.0,75.0
112,Alex,Anzalone,ROLB,LB,D,,,68.0,74.0,74.0
2264,Jarrad,Davis,MLB,LB,D,,,74.0,77.0,72.0
1736,Eddie,Jackson,SS,DB,D,,,71.0,80.0,91.0
3893,Pharaoh,Brown,TE,TE,O,,,68.0,69.0,68.0
276,Antone,Exum Jr,FS,DB,D,,,71.0,68.0,68.0
3377,Mario,Edwards Jr,RE,DL,D,,,76.0,80.0,70.0
1434,Dede,Westbrook,WR,WR,O,,,75.0,80.0,79.0
2131,Jake,Butt,TE,TE,O,,,74.0,74.0,75.0
1433,Deatrich,Wise Jr,RE,DL,D,,,69.0,74.0,72.0
4756,Travin,Dural,WR,WR,O,,,63.0,61.0,59.0
4532,T.J.,McDonald Jr,SS,DB,D,,,76.0,76.0,73.0
4532,T.J.,McDonald,SS,DB,D,82.0,,76.0,76.0,73.0
2738,Joshua,Dobbs,QB,QB,O,,,72.0,69.0,63.0
4024,Rayshawn,Jenkins,FS,DB,D,,,70.0,68.0,65.0
2940,Kendell,Beckwith,MLB,LB,D,,,69.0,75.0,71.0
4560,Tanner,Vallejo,LOLB,LB,D,,,63.0,66.0,66.0
3211,Leonard,Fournette,HB,RB,O,,,81.0,87.0,81.0
3300,Malik,Hooker,FS,DB,D,,,76.0,78.0,82.0
161,Alvin,Kamara,HB,RB,O,,,76.0,88.0,90.0
2593,Jonathan,Allen,LE,DL,D,,,73.0,79.0,82.0
1374,Davis,Webb,QB,QB,O,,,73.0,68.0,57.0
285,Antonio,Garcia,LT,OL,O,,,71.0,68.0,59.0
1833,Fabian,Moreau,CB,DB,D,,,70.0,73.0,73.0
28,Aaron,Jones,HB,RB,O,,,70.0,75.0,81.0
4926,Vince,Biegel,LOLB,LB,D,,,68.0,71.0,68.0
852,Chris,Carson,HB,RB,O,,,66.0,75.0,87.0
1168,Dalvin,Cook,HB,RB,O,,,80.0,85.0,85.0
4536,T.J.,Watt,ROLB,LB,D,,,74.0,80.0,82.0
1624,Donnel,Pumphrey Jr,HB,RB,O,,,73.0,75.0,68.0
4284,Samaje,Perine,HB,RB,O,,,72.0,76.0,71.0
4596,Tedric,Thompson,FS,DB,D,,,72.0,70.0,74.0
2162,Jamaal,Williams,HB,RB,O,,,72.0,75.0,76.0
666,C.J.,Beathard,QB,QB,O,,,72.0,70.0,59.0
3737,Nazair,Jones,DT,DL,D,,,71.0,75.0,69.0
3017,Kevin,King,CB,DB,D,,,71.0,77.0,76.0
1233,Danny,Isidora,RG,OL,O,,,68.0,68.0,62.0
2151,Jalen,Reeves-Maybin,LOLB,LB,D,,,67.0,68.0,66.0
3786,Noah,Brown,WR,WR,O,,,67.0,68.0,70.0
4803,Treston,DeCoud,CB,DB,D,,,66.0,70.0,65.0
2401,Jeremy,Clark,CB,DB,D,,,64.0,66.0,58.0
1064,Cory,Littleton,ROLB,LB,D,,,62.0,68.0,75.0
1835,Fadol,Brown,LE,DL,D,,,62.0,67.0,62.0
2985,Kerry,Hyder Jr,LE,DL,D,,,78.0,78.0,70.0
2088,Jabrill,Peppers,SS,DB,D,,,76.0,78.0,84.0
4549,Takkarist,McKinley,LE,DL,D,,,75.0,82.0,78.0
2846,Kareem,Hunt,HB,RB,O,,,75.0,89.0,90.0
3354,Marcus,Maye,SS,DB,D,,,74.0,78.0,78.0
3941,Quincy,Wilson,CB,DB,D,,,74.0,72.0,74.0
2779,Justin,Evans,FS,DB,D,,,73.0,71.0,75.0
2725,Josh,Reynolds,WR,WR,O,,,72.0,73.0,75.0
1116,D'Onta,Foreman,HB,RB,O,,,71.0,75.0,73.0
1756,Elijah,McGuire,HB,RB,O,,,70.0,72.0,69.0
1742,Eddie,Vanderdoes,LE,DL,D,,,69.0,73.0,68.0
4223,Ryan,Glasgow,DT,DL,D,,,68.0,72.0,69.0
2054,Isaiah,McKenzie,WR,WR,O,,,67.0,70.0,71.0
4406,Shelton,Gibson,WR,WR,O,,,67.0,67.0,70.0
349,Aviante,Collins,RT,OL,O,,,65.0,69.0,64.0
3512,Matthew,Dayes,HB,RB,O,,,63.0,64.0,57.0
490,Branden,Jackson,RE,DL,D,,,61.0,69.0,64.0
3806,Odell,Beckham Jr,WR,WR,O,,,93.0,95.0,96.0
3698,Myles,Garrett,RE,DL,D,,,83.0,88.0,91.0
942,Christian,McCaffrey,HB,RB,O,,,81.0,87.0,91.0
1685,Duke,Johnson Jr,HB,RB,O,,,80.0,83.0,80.0
1685,Duke,Johnson,HB,RB,O,73.0,,80.0,83.0,80.0
1350,David,Njoku,TE,TE,O,,,78.0,81.0,82.0
1821,Evan,Engram,TE,TE,O,,,75.0,85.0,84.0
1494,Derek,Barnett,RE,DL,D,,,75.0,80.0,76.0
1910,Gerald,Everett,TE,TE,O,,,75.0,77.0,79.0
2710,Josh,Jones,FS,DB,D,,,74.0,74.0,71.0
2959,Kenny,Golladay,WR,WR,O,,,74.0,78.0,83.0
62,Adoree',Jackson,CB,DB,D,,,74.0,83.0,83.0
2642,Jordan,Leggett,TE,TE,O,,,72.0,71.0,70.0
1901,George,Kittle,TE,TE,O,,,72.0,77.0,90.0
1169,Dalvin,Tomlinson,DT,DL,D,,,71.0,82.0,80.0
2201,James,Conner,HB,RB,O,,,71.0,73.0,83.0
4895,Tyus,Bowser,LOLB,LB,D,,,71.0,72.0,72.0
76,Ahkello,Witherspoon,CB,DB,D,,,71.0,75.0,71.0
4684,Tim,Williams,ROLB,LB,D,,,71.0,73.0,74.0
1686,Duke,Riley,ROLB,LB,D,,,71.0,71.0,68.0
4797,Trent,Taylor,WR,WR,O,,,70.0,76.0,74.0
681,Caleb,Brantley,DT,DL,D,,,70.0,70.0,66.0
709,Cameron,Sutton,CB,DB,D,,,69.0,69.0,67.0
3675,Montae,Nicholson,SS,DB,D,,,68.0,76.0,71.0
2379,Jehu,Chesson,WR,WR,O,,,68.0,67.0,65.0
1754,Elijah,Hood,HB,RB,O,,,65.0,60.0,55.0
2035,Ifeadi,Odenigbo,RE,DL,D,,,65.0,69.0,62.0
2776,Justin,Davis,HB,RB,O,,,64.0,70.0,67.0
4561,Tanzel,Smart,DT,DL,D,,,63.0,68.0,64.0
2981,Keon,Hatcher,WR,WR,O,,,62.0,60.0,62.0
3935,Quincy,Adeboyejo,WR,WR,O,,,62.0,63.0,62.0
320,Arthur,Maulet,CB,DB,D,,,61.0,66.0,61.0
3462,Marvin,Jones Jr,WR,WR,O,,,84.0,87.0,86.0
3462,Marvin,Jones,WR,WR,O,78.0,82.0,84.0,87.0,86.0
4403,Sheldon,Richardson,ROLB,LB,D,,,81.0,83.0,84.0
4403,Sheldon,Richardson,RE,DL,D,92.0,86.0,81.0,83.0,84.0
1540,Deshaun,Watson,QB,QB,O,,,76.0,82.0,82.0
838,Chidobe,Awuzie,CB,DB,D,,,76.0,81.0,80.0
1595,Dion,Dawkins,RT,OL,O,,,76.0,77.0,77.0
3419,Marlon,Humphrey,CB,DB,D,,,75.0,80.0,85.0
652,Budda,Baker,FS,DB,D,,,74.0,79.0,80.0
2624,Jonnu,Smith,TE,TE,O,,,74.0,74.0,74.0
4208,Ryan,Anderson,LOLB,LB,D,,,73.0,72.0,70.0
796,Charles,Harris,RE,DL,D,,,73.0,78.0,72.0
3421,Marlon,Mack,HB,RB,O,,,72.0,77.0,82.0
611,Briean,Boddy-Calhoun,CB,DB,D,,,71.0,80.0,75.0
2411,Jeremy,McNichols,HB,RB,O,,,71.0,65.0,60.0
2414,Jeremy,Sprinkle,TE,TE,O,,,71.0,69.0,69.0
4326,Sean,Harlow,LG,OL,O,,,70.0,65.0,57.0
3283,Mack,Hollins,WR,WR,O,,,69.0,71.0,71.0
1757,Elijah,Qualls,DT,DL,D,,,69.0,68.0,62.0
4531,T.J.,Logan,HB,RB,O,,,69.0,72.0,71.0
2713,Josh,Malone,WR,WR,O,,,68.0,70.0,67.0
2051,Isaiah,Ford,WR,WR,O,,,67.0,70.0,68.0
4281,Sam,Tevi,RT,OL,O,,,66.0,63.0,60.0
4360,Shalom,Luani,SS,DB,D,,,63.0,66.0,62.0
4088,Riley,Bullough,MLB,LB,D,,,61.0,67.0,61.0
2426,Jermaine,Whitehead,FS,DB,D,,,59.0,61.0,66.0
4592,Ted,Ginn Jr,WR,WR,O,,,79.0,82.0,80.0
1769,Emmanuel,Ogbah,LE,DL,D,,,74.0,78.0,76.0
799,Charles,Leno Jr,LT,OL,O,,,73.0,79.0,83.0
799,Charles,Leno,LT,OL,O,65.0,,73.0,79.0,83.0
1104,Curtis,Samuel,WR,WR,O,,,73.0,74.0,78.0
1981,Haason,Reddick,MLB,LB,D,,,73.0,75.0,74.0
2748,JuJu,Smith-Schuster,WR,WR,O,,,73.0,80.0,88.0
4598,Teez,Tabor,CB,DB,D,,,73.0,74.0,68.0
3731,Nathan,Peterman,QB,QB,O,,,72.0,68.0,50.0
3966,Raekwon,McMillan,ROLB,LB,D,,,72.0,73.0,74.0
934,Chris,Wormley,LE,DL,D,,,72.0,70.0,71.0
2925,Ken,Crawley,CB,DB,D,,,71.0,82.0,75.0
3584,Michael,Roberts,TE,TE,O,,,71.0,73.0,72.0
1050,Corn,Elder,CB,DB,D,,,69.0,70.0,65.0
4013,Rasul,Douglas,CB,DB,D,,,68.0,75.0,72.0
1188,Damontae,Kazee,CB,DB,D,,,68.0,73.0,79.0
4825,Treyvon,Hester,DT,DL,D,,,65.0,71.0,68.0
585,Brian,Allen,CB,DB,D,,,65.0,69.0,63.0
2350,Jayon,Brown,MLB,LB,D,,,64.0,68.0,75.0
3716,Nate,Hairston,CB,DB,D,,,64.0,72.0,69.0
1991,Hardy,Nickerson,MLB,LB,D,,,62.0,65.0,66.0
1874,Gareon,Conley,CB,DB,D,,,75.0,77.0,79.0
3803,Obi,Melifonwu,FS,DB,D,,,75.0,75.0,72.0
5046,Zach,Cunningham,ROLB,LB,D,,,71.0,79.0,76.0
1382,Dawuane,Smoot,RE,DL,D,,,71.0,72.0,70.0
1449,Delano,Hill,FS,DB,D,,,68.0,69.0,67.0
731,Carlos,Watkins,DT,DL,D,,,68.0,72.0,66.0
1003,Cole,Hikutini,TE,TE,O,,,67.0,68.0,67.0
91,Al-Quadin,Muhammad,RE,DL,D,,,65.0,68.0,66.0
387,Ben,Braden,LG,OL,O,,,63.0,61.0,52.0
2394,Jeremiah,Ledbetter,DT,DL,D,,,63.0,71.0,67.0
3095,Kyle,Fuller,C,OL,O,,,62.0,61.0,55.0
2167,Jamal,Carter,FS,DB,D,,,62.0,65.0,61.0
4921,Victor,Bolden Jr,WR,WR,O,,,61.0,64.0,63.0
1212,Daniel,Brunskill,RT,OL,O,,,61.0,62.0,53.0
735,Carroll,Phillips,LE,DL,D,,,60.0,70.0,66.0
1258,Darius,Slay Jr,CB,DB,D,,,89.0,91.0,89.0
1258,Darius,Slay,CB,DB,D,84.0,90.0,89.0,91.0,89.0
3672,Mohamed,Sanu Sr,WR,WR,O,,,82.0,82.0,82.0
3672,Mohamed,Sanu,WR,WR,O,79.0,,82.0,82.0,82.0
2165,Jamal,Adams,SS,DB,D,,,81.0,86.0,90.0
1037,Corey,Davis,WR,WR,O,,,79.0,80.0,82.0
4254,Ryan,Switzer,WR,WR,O,,,74.0,74.0,74.0
3852,Pat,Elflein,C,OL,O,,,73.0,75.0,74.0
1413,DeMarcus,Walker,LE,DL,D,,,70.0,72.0,68.0
4371,Shaquill,Griffin,CB,DB,D,,,70.0,80.0,80.0
4821,Trey,Hendrickson,LE,DL,D,,,69.0,76.0,73.0
4937,Vincent,Taylor,DT,DL,D,,,65.0,70.0,71.0
4110,Robert,Davis,WR,WR,O,,,65.0,63.0,63.0
316,Artavis,Scott,WR,WR,O,,,64.0,62.0,61.0
1129,D.J.,Jones,DT,DL,D,,,64.0,70.0,67.0
3909,Pita,Taumoepenu,ROLB,LB,D,,,63.0,67.0,64.0
3668,Mitchell,Trubisky,QB,QB,O,,,77.0,74.0,75.0
695,Cam,Robinson,LT,OL,O,,,76.0,73.0,69.0
2666,Jordan,Willis,RE,DL,D,,,76.0,78.0,73.0
1421,DeShone,Kizer,QB,QB,O,,,75.0,72.0,63.0
5025,Xavier,Woods,SS,DB,D,,,69.0,77.0,77.0
2142,Jaleel,Johnson,DT,DL,D,,,69.0,70.0,67.0
1157,Daeshon,Hall,RE,DL,D,,,69.0,72.0,67.0
266,Anthony,Walker Jr,MLB,LB,D,,,66.0,71.0,69.0
951,Chuck,Clark,FS,DB,D,,,65.0,65.0,65.0
826,Chase,Roullier,C,OL,O,,,63.0,68.0,75.0
3425,Marquel,Lee,MLB,LB,D,,,63.0,69.0,72.0
1998,Harvey,Langi,MLB,LB,D,,,59.0,68.0,64.0
1840,Forrest,Lamp,LG,OL,O,,,79.0,78.0,73.0
4590,Taywan,Taylor,WR,WR,O,,,77.0,76.0,78.0
2744,Jourdan,Lewis,CB,DB,D,,,75.0,79.0,74.0
4542,Taco,Charlton,RE,DL,D,,,75.0,77.0,75.0
2045,Isaac,Rochell,DT,DL,D,,,68.0,71.0,67.0
3493,Matt,Milano,MLB,LB,D,,,65.0,76.0,77.0
1204,Dan,Skipper,RT,OL,O,,,62.0,62.0,53.0
130,Alex,Okafor,LE,DL,D,,,72.0,81.0,76.0
595,Brian,Hill,HB,RB,O,,,72.0,65.0,63.0
2234,Jamie,Collins Sr,LOLB,LB,D,,,85.0,76.0,73.0
2234,Jamie,Collins,LOLB,LB,D,90.0,88.0,85.0,76.0,73.0
3801,O.J.,Howard,TE,TE,O,,,82.0,79.0,84.0
3683,Montravius,Adams,DT,DL,D,,,72.0,71.0,66.0
1029,Cordrea,Tankersley,CB,DB,D,,,72.0,74.0,67.0
389,Ben,Gedeon,MLB,LB,D,,,65.0,76.0,74.0
4433,Solomon,Thomas,DT,DL,D,,,79.0,78.0,74.0
882,Chris,Godwin,WR,WR,O,,,75.0,79.0,81.0
4585,Taylor,Moton,RG,OL,O,,,73.0,67.0,80.0
4555,Tank,Carradine,LE,DL,D,77.0,,77.0,79.0,67.0
4608,Terrance,Mitchell,CB,DB,D,66.0,,79.0,75.0,76.0
2238,Jamil,Douglas,LG,OL,O,70.0,,65.0,66.0,59.0
3756,Nick,Foles,QB,QB,O,78.0,,71.0,80.0,77.0
1358,David,Quessenberry,RG,OL,O,73.0,,66.0,66.0,60.0
2150,Jalen,Ramsey,CB,DB,D,,82.0,86.0,97.0,96.0
1829,Ezekiel,Elliott,HB,RB,O,,80.0,90.0,92.0,94.0
2522,Joey,Bosa,LE,DL,D,,79.0,88.0,90.0,88.0
4183,Ronnie,Stanley,LT,OL,O,,79.0,80.0,79.0,85.0
2095,Jack,Conklin,RT,OL,O,,79.0,86.0,81.0,78.0
1442,DeForest,Buckner,RE,DL,D,,78.0,79.0,86.0,87.0
1035,Corey,Coleman,WR,WR,O,,78.0,78.0,79.0,72.0
2022,Hunter,Henry,TE,TE,O,,78.0,82.0,88.0,86.0
3156,Laremy,Tunsil,LG,OL,O,,78.0,78.0,77.0,84.0
2867,Keanu,Neal,SS,DB,D,,77.0,83.0,89.0,88.0
2252,Jared,Goff,QB,QB,O,,77.0,73.0,83.0,83.0
2692,Josh,Doctson,WR,WR,O,,77.0,75.0,78.0,77.0
4402,Sheldon,Rankins,DT,DL,D,,77.0,78.0,80.0,83.0
3210,Leonard,Floyd,ROLB,LB,D,,76.0,77.0,79.0,77.0
4232,Ryan,Kelly,C,OL,O,,76.0,79.0,76.0,83.0
2349,Jaylon,Smith,MLB,LB,D,,76.0,75.0,75.0,85.0
737,Carson,Wentz,QB,QB,O,,76.0,79.0,86.0,82.0
1750,Eli,Apple,CB,DB,D,,76.0,77.0,74.0,76.0
3700,Myles,Jack,ROLB,LB,D,,76.0,75.0,84.0,83.0
4580,Taylor,Decker,LT,OL,O,,76.0,82.0,77.0,76.0
2850,Karl,Joseph,SS,DB,D,,76.0,81.0,83.0,78.0
4367,Shaq,Lawson,LE,DL,D,,75.0,76.0,77.0,78.0
4124,Robert,Nkemdiche,LE,DL,D,,75.0,76.0,74.0,75.0
3285,Mackensie,Alexander,CB,DB,D,,75.0,73.0,73.0,74.0
3155,Laquon,Treadwell,WR,WR,O,,75.0,73.0,73.0,72.0
2740,Joshua,Garnett,RG,OL,O,,74.0,69.0,70.0,63.0
4039,Reggie,Ragland,ROLB,LB,D,,74.0,73.0,79.0,73.0
3880,Paxton,Lynch,QB,QB,O,,74.0,72.0,70.0,57.0
941,Christian,Kirksey,MLB,LB,D,,74.0,82.0,77.0,75.0
4484,Sterling,Shepard,WR,WR,O,,74.0,80.0,82.0,81.0
674,C.J.,Prosise,HB,RB,O,,74.0,74.0,71.0,66.0
1520,Derrick,Henry,HB,RB,O,,74.0,79.0,86.0,83.0
1292,Darron,Lee,MLB,LB,D,,73.0,72.0,73.0,73.0
2957,Kenny,Clark,DT,DL,D,,73.0,75.0,88.0,90.0
2266,Jarran,Reed,DT,DL,D,,73.0,73.0,79.0,81.0
3765,Nick,Martin,C,OL,O,,73.0,74.0,71.0,70.0
1575,Devontae,Booker,HB,RB,O,,72.0,73.0,76.0,72.0
5019,Xavien,Howard,CB,DB,D,,72.0,74.0,75.0,83.0
0,A'Shawn,Robinson,DT,DL,D,,72.0,72.0,77.0,77.0
1018,Connor,Cook,QB,QB,O,,72.0,69.0,65.0,51.0
2951,Kenneth,Dixon,HB,RB,O,,72.0,76.0,74.0,76.0
321,Artie,Burns,CB,DB,D,,72.0,78.0,81.0,71.0
3658,Mike,Williams,WR,WR,O,,71.0,79.0,79.0,81.0
3658,Mike,Williams,WR,WR,O,,71.0,79.0,79.0,81.0
3658,Mike,Williams,WR,WR,O,,71.0,79.0,79.0,81.0
1160,Dak,Prescott,QB,QB,O,,71.0,86.0,82.0,81.0
1446,Deion,Jones,MLB,LB,D,,71.0,81.0,90.0,90.0
2466,Jihad,Ward,LE,DL,D,,71.0,72.0,67.0,63.0
4947,Vonn,Bell,FS,DB,D,,71.0,74.0,74.0,76.0
4323,Sean,Davis,SS,DB,D,,71.0,73.0,73.0,72.0
568,Braxton,Miller,WR,WR,O,,71.0,73.0,73.0,70.0
4853,Tyler,Boyd,WR,WR,O,,70.0,74.0,74.0,83.0
61,Adolphus,Washington,DT,DL,D,,70.0,71.0,70.0,65.0
2807,Justin,Simmons,FS,DB,D,,70.0,72.0,83.0,80.0
992,Cody,Kessler,QB,QB,O,,70.0,75.0,67.0,61.0
2905,KeiVarae,Russell,CB,DB,D,,70.0,69.0,71.0,68.0
2980,Kenyan,Drake,HB,RB,O,,70.0,69.0,82.0,79.0
4962,Wendell,Smallwood,HB,RB,O,,70.0,70.0,68.0,72.0
342,Austin,Hooper,TE,TE,O,,70.0,77.0,80.0,85.0
2315,Jason,Spriggs,LT,OL,O,,70.0,69.0,67.0,61.0
2197,James,Bradberry,CB,DB,D,,70.0,81.0,78.0,79.0
2107,Jacoby,Brissett,QB,QB,O,,70.0,72.0,76.0,71.0
2511,Joe,Thuney,LG,OL,O,,70.0,76.0,79.0,84.0
4860,Tyler,Higbee,TE,TE,O,,70.0,70.0,77.0,79.0
2933,Kendall,Fuller,CB,DB,D,,70.0,73.0,82.0,87.0
3589,Michael,Thomas,WR,WR,O,,70.0,84.0,91.0,95.0
3774,Nick,Vannett,TE,TE,O,,70.0,70.0,71.0,75.0
343,Austin,Johnson,DT,DL,D,,70.0,70.0,74.0,68.0
998,Cody,Whitehair,LG,OL,O,,69.0,86.0,81.0,81.0
3182,Le'Raven,Clark,LT,OL,O,,69.0,66.0,63.0,56.0
3297,Maliek,Collins,DT,DL,D,,69.0,72.0,76.0,74.0
2046,Isaac,Seumalo,LG,OL,O,,69.0,69.0,65.0,70.0
1246,Darian,Thompson,FS,DB,D,,69.0,69.0,71.0,68.0
5030,Yannick,Ngakoue,RE,DL,D,,69.0,77.0,86.0,84.0
2638,Jordan,Jenkins,LOLB,LB,D,,69.0,69.0,79.0,75.0
1945,Graham,Glasgow,C,OL,O,,69.0,69.0,71.0,74.0
620,Bronson,Kaufusi,RE,DL,D,,69.0,69.0,70.0,67.0
620,Bronson,Kaufusi,RE,DL,D,,69.0,69.0,70.0,67.0
124,Alex,Lewis,RT,OL,O,,69.0,70.0,70.0,73.0
4547,Tajae,Sharpe,WR,WR,O,,69.0,76.0,75.0,75.0
5000,Willie,Beavers,LG,OL,O,,69.0,69.0,66.0,55.0
4986,Will,Redmond,CB,DB,D,,68.0,67.0,68.0,63.0
2596,Jonathan,Bullard,RE,DL,D,,68.0,69.0,74.0,68.0
1484,Deon,Bush,SS,DB,D,,68.0,66.0,65.0,63.0
52,Adam,Gotsis,RE,DL,D,,68.0,66.0,75.0,74.0
1791,Eric,Murray,CB,DB,D,,68.0,70.0,68.0,70.0
1999,Hassan,Ridgeway,RE,DL,D,,68.0,69.0,72.0,66.0
231,Anthony,Brown,CB,DB,D,,68.0,79.0,75.0,79.0
4401,Sheldon,Day,DT,DL,D,,68.0,69.0,72.0,70.0
2813,Juston,Burris,CB,DB,D,,68.0,69.0,70.0,61.0
3109,Kyler,Fackrell,LOLB,LB,D,,68.0,71.0,73.0,75.0
1307,Daryl,Worley,CB,DB,D,,68.0,74.0,73.0,73.0
1432,DeAndre,Washington,HB,RB,O,,68.0,74.0,74.0,73.0
5002,Willie,Henry,DT,DL,D,,68.0,66.0,79.0,75.0
4027,Rees,Odhiambo,RG,OL,O,,68.0,66.0,66.0,58.0
242,Anthony,Harris,FS,DB,D,,68.0,67.0,74.0,73.0
198,Andrew,Billings,DT,DL,D,,67.0,68.0,71.0,72.0
217,Andy,Janovich,FB,RB,O,,67.0,82.0,66.0,72.0
1820,Evan,Boehm,C,OL,O,,67.0,68.0,71.0,64.0
3009,Kevin,Hogan,QB,QB,O,,67.0,66.0,69.0,55.0
444,Blake,Martinez,MLB,LB,D,,67.0,74.0,83.0,82.0
2773,Justin,Coleman,CB,DB,D,,67.0,73.0,76.0,77.0
4938,Vincent,Valentine,DT,DL,D,,67.0,70.0,70.0,65.0
4578,Tavon,Young,CB,DB,D,,67.0,80.0,79.0,77.0
2385,Jerald,Hawkins,LT,OL,O,,67.0,66.0,67.0,60.0
4858,Tyler,Ervin,HB,RB,O,,67.0,64.0,65.0,64.0
2360,Jeff,Driskel,QB,QB,O,,66.0,65.0,68.0,61.0
2636,Jordan,Howard,HB,RB,O,,66.0,85.0,85.0,80.0
712,Cardale,Jones,QB,QB,O,,66.0,66.0,66.0,56.0
1020,Connor,McGovern,RG,OL,O,,66.0,66.0,68.0,64.0
1020,Connor,McGovern,RG,OL,O,,66.0,66.0,68.0,64.0
561,Brandon,Williams,CB,DB,D,,66.0,69.0,69.0,68.0
2861,Kavon,Frazier,SS,DB,D,,66.0,65.0,72.0,69.0
2389,Jerell,Adams,TE,TE,O,,66.0,66.0,67.0,66.0
360,B.J.,Goodson,MLB,LB,D,,66.0,65.0,72.0,72.0
549,Brandon,Shell,RT,OL,O,,66.0,69.0,69.0,70.0
271,Anthony,Zettel,RE,DL,D,,66.0,69.0,81.0,73.0
2977,Kentrell,Brothers,MLB,LB,D,,66.0,66.0,67.0,65.0
987,Cody,Core,WR,WR,O,,65.0,68.0,69.0,69.0
3775,Nick,Vigil,MLB,LB,D,,65.0,67.0,71.0,72.0
1523,Derrick,Kindred,SS,DB,D,,65.0,66.0,81.0,73.0
2508,Joe,Schobert,ROLB,LB,D,,65.0,69.0,76.0,79.0
1459,Demarcus,Robinson,WR,WR,O,,65.0,65.0,75.0,74.0
493,Brandon,Allen,QB,QB,O,,65.0,63.0,61.0,46.0
814,Charone,Peake,WR,WR,O,,65.0,66.0,65.0,65.0
2490,Joe,Dahl,LG,OL,O,,65.0,66.0,65.0,56.0
1427,Dean,Lowry,LE,DL,D,,65.0,67.0,75.0,75.0
3518,Maurice,Canady,SS,DB,D,,65.0,64.0,73.0,71.0
907,Chris,Moore,WR,WR,O,,65.0,65.0,71.0,72.0
3726,Nate,Sudfeld,QB,QB,O,,65.0,64.0,64.0,57.0
3958,Quinton,Jefferson,DT,DL,D,,65.0,65.0,69.0,68.0
4867,Tyler,Matakevich,MLB,LB,D,,65.0,64.0,67.0,64.0
1134,D.J.,Reader,DT,DL,D,,65.0,67.0,81.0,78.0
3761,Nick,Kwiatkoski,MLB,LB,D,,64.0,75.0,78.0,76.0
4437,Spencer,Drango,RG,OL,O,,64.0,72.0,68.0,60.0
4064,Ricardo,Louis,WR,WR,O,,64.0,66.0,71.0,70.0
4253,Ryan,Smith,CB,DB,D,,64.0,62.0,73.0,68.0
4253,Ryan,Smith,CB,DB,D,,64.0,62.0,73.0,68.0
2644,Jordan,Lucas,CB,DB,D,,64.0,63.0,68.0,69.0
1390,De'Vondre,Campbell,MLB,LB,D,,64.0,73.0,81.0,79.0
4811,Trevor,Davis,WR,WR,O,,64.0,64.0,69.0,68.0
1331,David,Fluellen,HB,RB,O,,64.0,61.0,60.0,57.0
2352,Jayron,Kearse,SS,DB,D,,64.0,64.0,67.0,64.0
16,Aaron,Burbridge,WR,WR,O,,63.0,67.0,65.0,63.0
3037,Kevon,Seymour,CB,DB,D,,63.0,66.0,76.0,70.0
4004,Rashard,Higgins,WR,WR,O,,63.0,65.0,70.0,73.0
336,Austin,Blythe,C,OL,O,,63.0,62.0,65.0,81.0
2694,Josh,Ferguson,HB,RB,O,,63.0,61.0,65.0,61.0
2147,Jalen,Mills,CB,DB,D,,63.0,70.0,81.0,74.0
2572,Johnny,Holton,WR,WR,O,,63.0,64.0,70.0,68.0
3894,Pharoh,Cooper,WR,WR,O,,63.0,64.0,65.0,64.0
3653,Mike,Thomas,WR,WR,O,,63.0,63.0,63.0,62.0
4469,Stephen,Anderson,TE,TE,O,,63.0,65.0,71.0,69.0
1963,Greg,Mancz,C,OL,O,,63.0,78.0,65.0,61.0
4478,Stephen,Weatherly,RE,DL,D,,63.0,64.0,69.0,70.0
4576,Taveze,Calhoun,CB,DB,D,,62.0,62.0,64.0,55.0
3891,Peyton,Barber,HB,RB,O,,62.0,61.0,71.0,77.0
1549,Devante,Bond,ROLB,LB,D,,62.0,62.0,67.0,65.0
2606,Jonathan,Jones,CB,DB,D,,62.0,62.0,76.0,76.0
5023,Xavier,Grimble,TE,TE,O,,62.0,69.0,73.0,68.0
3622,Mike,Hull,MLB,LB,D,,61.0,63.0,69.0,67.0
2052,Isaiah,Johnson,SS,DB,D,,61.0,60.0,65.0,62.0
1924,Geronimo,Allison,WR,WR,O,,61.0,67.0,71.0,74.0
4834,Troy,Hill,CB,DB,D,,60.0,66.0,71.0,71.0
605,Brian,Price,DT,DL,D,,59.0,57.0,66.0,61.0
4490,Steve,Longa,MLB,LB,D,,58.0,62.0,67.0,63.0
132,Alex,Redmond,C,OL,O,,57.0,58.0,66.0,65.0
2255,Jared,Norris,MLB,LB,D,,57.0,60.0,67.0,61.0
1480,Denver,Kirkland,LG,OL,O,,57.0,69.0,70.0,62.0
2519,Joel,Heath,LE,DL,D,,57.0,65.0,72.0,66.0
2899,Keith,Smith,FB,RB,O,,54.0,77.0,60.0,62.0
307,Arik,Armstead,LE,DL,D,72.0,77.0,75.0,79.0,78.0
441,Blake,Bell,TE,TE,O,65.0,65.0,65.0,62.0,64.0
3604,Mike,Davis,HB,RB,O,71.0,71.0,72.0,73.0,77.0
4912,Vernon,Davis,TE,TE,O,84.0,80.0,80.0,83.0,81.0
437,Blaine,Gabbert,QB,QB,O,72.0,74.0,72.0,70.0,61.0
1751,Eli,Harold,ROLB,LB,D,66.0,70.0,69.0,69.0,71.0
726,Carlos,Hyde,HB,RB,O,77.0,81.0,83.0,82.0,76.0
2503,Joe,Looney,RG,OL,O,68.0,64.0,66.0,64.0,69.0
4906,Vance,McDonald,TE,TE,O,78.0,78.0,77.0,79.0,83.0
2896,Keith,Reaser,CB,DB,D,65.0,66.0,71.0,71.0,65.0
4744,Torrey,Smith,WR,WR,O,86.0,78.0,78.0,78.0,77.0
2509,Joe,Staley,LT,OL,O,94.0,89.0,81.0,90.0,90.0
555,Brandon,Thomas,LG,OL,O,73.0,67.0,67.0,69.0,62.0
2469,Jimmie,Ward,FS,DB,D,73.0,75.0,80.0,77.0,75.0
2585,Jon,Bostic,MLB,LB,D,75.0,68.0,68.0,73.0,70.0
3466,Mason,Foster,MLB,LB,D,76.0,72.0,83.0,74.0,77.0
3094,Kyle,Fuller,CB,DB,D,78.0,80.0,80.0,80.0,89.0
1735,Eddie,Goldman,DT,DL,D,70.0,76.0,81.0,78.0,85.0
2018,Hroniss,Grasu,C,OL,O,69.0,68.0,69.0,64.0,58.0
4227,Ryan,Groy,LG,OL,O,71.0,64.0,72.0,69.0,61.0
156,Alshon,Jeffery,WR,WR,O,90.0,91.0,87.0,90.0,87.0
939,Christian,Jones,MLB,LB,D,65.0,72.0,73.0,74.0,73.0
4407,Sherrick,McManis,CB,DB,D,67.0,69.0,65.0,69.0,69.0
2648,Jordan,Mills,RT,OL,O,74.0,73.0,72.0,72.0,65.0
3035,Kevin,White,WR,WR,O,78.0,74.0,72.0,73.0,72.0
1896,Geno,Atkins,DT,DL,D,89.0,94.0,91.0,91.0,91.0
1934,Giovani,Bernard,HB,RB,O,84.0,85.0,86.0,84.0,79.0
4204,Russell,Bodine,C,OL,O,75.0,69.0,78.0,73.0,67.0
975,Clint,Boling,LG,OL,O,84.0,81.0,77.0,77.0,76.0
4949,Vontaze,Burfict,ROLB,LB,D,86.0,88.0,87.0,87.0,76.0
4055,Rex,Burkhead,HB,RB,O,72.0,71.0,76.0,78.0,76.0
215,Andy,Dalton,QB,QB,O,80.0,87.0,84.0,77.0,80.0
1268,Darqueze,Dennard,CB,DB,D,76.0,75.0,73.0,79.0,77.0
722,Carlos,Dunlap,LE,DL,D,88.0,87.0,86.0,84.0,82.0
4857,Tyler,Eifert,TE,TE,O,81.0,90.0,91.0,89.0,88.0
6,A.J.,Green,WR,WR,O,92.0,93.0,94.0,93.0,90.0
959,Clark,Harris,TE,TE,O,64.0,56.0,56.0,54.0,52.0
3374,Margus,Hunt,LE,DL,D,73.0,65.0,70.0,77.0,75.0
1900,George,Iloka,SS,DB,D,86.0,84.0,75.0,79.0,73.0
1663,Dre,Kirkpatrick,CB,DB,D,77.0,76.0,78.0,80.0,78.0
4864,Tyler,Kroft,TE,TE,O,70.0,71.0,69.0,79.0,78.0
11,A.J.,McCarron,QB,QB,O,72.0,73.0,73.0,71.0,62.0
2730,Josh,Shaw,CB,DB,D,68.0,70.0,72.0,69.0,65.0
1535,Derron,Smith,FS,DB,D,67.0,67.0,65.0,67.0,61.0
4395,Shawn,Williams,SS,DB,D,74.0,75.0,80.0,81.0,79.0
3779,Nigel,Bradham,LOLB,LB,D,83.0,76.0,84.0,85.0,78.0
3913,Preston,Brown,MLB,LB,D,78.0,73.0,74.0,75.0,75.0
4188,Ross,Cockrell,CB,DB,D,73.0,73.0,80.0,76.0,73.0
4169,Ronald,Darby,CB,DB,D,70.0,83.0,79.0,86.0,82.0
3322,Marcell,Dareus,DT,DL,D,94.0,88.0,85.0,84.0,80.0
4480,Stephon,Gilmore,CB,DB,D,86.0,85.0,83.0,87.0,94.0
1030,Cordy,Glenn,LT,OL,O,86.0,89.0,84.0,79.0,74.0
3186,LeSean,McCoy,HB,RB,O,88.0,86.0,92.0,90.0,82.0
3768,Nick,O'Leary,TE,TE,O,69.0,69.0,76.0,73.0,72.0
4884,Tyrod,Taylor,QB,QB,O,72.0,82.0,82.0,81.0,71.0
4290,Sammy,Watkins,WR,WR,O,85.0,87.0,86.0,83.0,82.0
665,C.J.,Anderson,HB,RB,O,85.0,84.0,85.0,81.0,80.0
2841,Kapri,Bibbs,HB,RB,O,65.0,64.0,68.0,66.0,66.0
3254,Lorenzo,Doss,CB,DB,D,65.0,67.0,70.0,67.0,64.0
4942,Virgil,Green,TE,TE,O,82.0,79.0,81.0,76.0,76.0
2364,Jeff,Heuerman,TE,TE,O,71.0,71.0,74.0,74.0,74.0
3301,Malik,Jackson,RE,DL,D,84.0,86.0,83.0,85.0,80.0
993,Cody,Latimer,WR,WR,O,73.0,68.0,68.0,72.0,73.0
535,Brandon,Marshall,MLB,LB,D,84.0,90.0,86.0,77.0,75.0
4946,Von,Miller,LOLB,LB,D,97.0,99.0,99.0,99.0,97.0
485,Bradley,Roby,CB,DB,D,79.0,83.0,77.0,83.0,78.0
4848,Ty,Sambrailo,LT,OL,O,66.0,70.0,70.0,68.0,64.0
1770,Emmanuel,Sanders,WR,WR,O,89.0,88.0,89.0,88.0,88.0
302,Aqib,Talib,CB,DB,D,90.0,90.0,94.0,89.0,87.0
1464,Demaryius,Thomas,WR,WR,O,93.0,87.0,87.0,88.0,82.0
1236,Danny,Trevathan,MLB,LB,D,79.0,85.0,84.0,84.0,80.0
4516,Sylvester,Williams,DT,DL,D,76.0,74.0,72.0,75.0,69.0
1512,Derek,Wolfe,LE,DL,D,82.0,86.0,81.0,83.0,80.0
4758,Travis,Benjamin,WR,WR,O,72.0,78.0,80.0,83.0,79.0
2516,Joel,Bitonio,LG,OL,O,91.0,83.0,84.0,89.0,87.0
2050,Isaiah,Crowell,HB,RB,O,74.0,76.0,82.0,79.0,79.0
700,Cameron,Erving,C,OL,O,73.0,68.0,71.0,66.0,67.0
2494,Joe,Haden,CB,DB,D,90.0,86.0,81.0,85.0,84.0
127,Alex,Mack,C,OL,O,89.0,84.0,91.0,90.0,89.0
369,Barkevious,Mingo,LOLB,LB,D,82.0,76.0,78.0,78.0,74.0
2654,Jordan,Poyer,FS,DB,D,69.0,70.0,70.0,88.0,80.0
1235,Danny,Shelton,DT,DL,D,75.0,72.0,82.0,85.0,74.0
3089,Kwon,Alexander,ROLB,LB,D,63.0,76.0,80.0,80.0,78.0
3174,Lavonte,David,ROLB,LB,D,91.0,86.0,84.0,95.0,90.0
3610,Mike,Evans,WR,WR,O,87.0,86.0,90.0,89.0,91.0
4991,William,Gholston,LE,DL,D,73.0,78.0,76.0,75.0,70.0
3614,Mike,Glennon,QB,QB,O,73.0,71.0,74.0,72.0,61.0
1656,Doug,Martin,HB,RB,O,78.0,90.0,83.0,76.0,78.0
1913,Gerald,McCoy,DT,DL,D,95.0,92.0,90.0,90.0,86.0
88,Akeem,Spence,DT,DL,D,73.0,73.0,73.0,74.0,71.0
3276,Luke,Stocker,TE,TE,O,74.0,73.0,68.0,73.0,73.0
2188,Jameis,Winston,QB,QB,O,81.0,82.0,81.0,80.0,76.0
680,Calais,Campbell,LE,DL,D,95.0,88.0,91.0,92.0,92.0
3161,Larry,Fitzgerald,WR,WR,O,87.0,91.0,90.0,89.0,84.0
1127,D.J.,Humphries,RT,OL,O,74.0,73.0,71.0,76.0,72.0
3624,Mike,Iupati,LG,OL,O,88.0,86.0,77.0,76.0,74.0
4727,Tony,Jefferson,SS,DB,D,77.0,81.0,88.0,84.0,84.0
1339,David,Johnson,FB,RB,O,78.0,74.0,94.0,93.0,87.0
1339,David,Johnson,FB,RB,O,78.0,74.0,94.0,93.0,87.0
4593,Ted,Larsen,C,OL,O,76.0,67.0,69.0,67.0,58.0
457,Bobby,Massie,RT,OL,O,79.0,75.0,73.0,71.0,75.0
4877,Tyrann,Mathieu,FS,DB,D,83.0,96.0,87.0,93.0,87.0
2714,Josh,Mauro,LE,DL,D,60.0,61.0,66.0,72.0,71.0
3860,Patrick,Peterson,CB,DB,D,89.0,91.0,91.0,92.0,92.0
14,A.Q.,Shipley,C,OL,O,77.0,71.0,80.0,74.0,64.0
1674,Drew,Stanton,QB,QB,O,73.0,68.0,66.0,70.0,60.0
2873,Keenan,Allen,WR,WR,O,86.0,88.0,89.0,92.0,89.0
2391,Jeremiah,Attaochu,ROLB,LB,D,73.0,81.0,80.0,73.0,70.0
1121,D.J.,Fluker,RT,OL,O,81.0,74.0,75.0,72.0,81.0
1481,Denzel,Perryman,MLB,LB,D,70.0,76.0,76.0,78.0,74.0
1256,Darius,Philon,LE,DL,D,63.0,65.0,66.0,72.0,70.0
3899,Philip,Rivers,QB,QB,O,90.0,84.0,84.0,87.0,94.0
3862,Patrick,Robinson,CB,DB,D,79.0,78.0,77.0,83.0,82.0
1186,Damion,Square,RE,DL,D,66.0,62.0,69.0,69.0,67.0
2317,Jason,Verrett,CB,DB,D,82.0,88.0,86.0,86.0,82.0
1801,Eric,Weddle,FS,DB,D,96.0,92.0,93.0,86.0,81.0
4854,Tyler,Bray,QB,QB,O,63.0,62.0,60.0,60.0,46.0
867,Chris,Conley,WR,WR,O,70.0,70.0,76.0,76.0,75.0
817,Chase,Daniel,QB,QB,O,72.0,71.0,70.0,67.0,63.0
3903,Phillip,Gaines,CB,DB,D,77.0,75.0,71.0,72.0,69.0
4770,Travis,Kelce,TE,TE,O,91.0,88.0,94.0,95.0,96.0
4504,Steven,Nelson,CB,DB,D,68.0,70.0,74.0,77.0,76.0
3971,Rakeem,Nunez-Roches,RE,DL,D,64.0,60.0,65.0,71.0,65.0
3361,Marcus,Peters,CB,DB,D,74.0,82.0,88.0,87.0,82.0
1634,Dontari,Poe,DT,DL,D,87.0,85.0,79.0,83.0,78.0
260,Anthony,Sherman,FB,RB,O,95.0,81.0,70.0,75.0,77.0
133,Alex,Smith,QB,QB,O,84.0,82.0,81.0,84.0,77.0
1221,Daniel,Sorensen,FS,DB,D,64.0,69.0,75.0,73.0,70.0
4443,Spencer,Ware,FB,RB,O,69.0,75.0,82.0,79.0,77.0
105,Albert,Wilson,WR,WR,O,73.0,74.0,74.0,77.0,79.0
3973,Ramik,Wilson,MLB,LB,D,63.0,65.0,79.0,73.0,66.0
1699,Dwayne,Allen,TE,TE,O,85.0,80.0,80.0,81.0,76.0
2007,Henry,Anderson,RE,DL,D,71.0,76.0,76.0,80.0,79.0
232,Anthony,Castonzo,LT,OL,O,89.0,81.0,83.0,84.0,84.0
3902,Phillip,Dorsett,WR,WR,O,73.0,72.0,73.0,75.0,77.0
963,Clayton,Geathers,SS,DB,D,65.0,70.0,81.0,78.0,78.0
1845,Frank,Gore,HB,RB,O,83.0,79.0,83.0,76.0,81.0
2626,Jonotthan,Harrison,C,OL,O,72.0,73.0,69.0,68.0,65.0
4540,T.Y.,Hilton,WR,WR,O,89.0,89.0,88.0,89.0,91.0
203,Andrew,Luck,QB,QB,O,94.0,88.0,90.0,87.0,92.0
1640,Donte,Moncrief,WR,WR,O,76.0,78.0,80.0,79.0,75.0
1351,David,Parry,DT,DL,D,67.0,68.0,70.0,72.0,65.0
3117,La'el,Collins,LG,OL,O,72.0,78.0,79.0,72.0,76.0
2096,Jack,Crawford,LE,DL,D,73.0,64.0,69.0,71.0,70.0
4888,Tyrone,Crawford,DT,DL,D,82.0,80.0,77.0,80.0,79.0
4764,Travis,Frederick,C,OL,O,91.0,91.0,93.0,96.0,94.0
833,Chaz,Green,RT,OL,O,68.0,68.0,70.0,63.0,54.0
3982,Randy,Gregory,RE,DL,D,73.0,75.0,74.0,76.0,76.0
245,Anthony,Hitchens,LOLB,LB,D,75.0,74.0,74.0,82.0,77.0
658,Byron,Jones,CB,DB,D,73.0,81.0,84.0,80.0,91.0
1458,DeMarcus,Lawrence,LE,DL,D,79.0,81.0,79.0,91.0,89.0
4329,Sean,Lee,ROLB,LB,D,89.0,89.0,91.0,96.0,84.0
5062,Zack,Martin,RG,OL,O,92.0,92.0,95.0,96.0,96.0
4616,Terrell,McClain,DT,DL,D,77.0,73.0,73.0,75.0,67.0
3403,Mark,Nzeocha,ROLB,LB,D,58.0,61.0,64.0,68.0,66.0
4886,Tyron,Smith,LT,OL,O,93.0,97.0,94.0,95.0,94.0
3105,Kyle,Wilber,LOLB,LB,D,77.0,73.0,73.0,70.0,67.0
1185,Damien,Wilson,MLB,LB,D,65.0,68.0,73.0,73.0,70.0
2079,Ja'Wuan,James,RT,OL,O,76.0,75.0,78.0,84.0,78.0
4052,Reshad,Jones,SS,DB,D,92.0,93.0,91.0,91.0,83.0
2281,Jarvis,Landry,WR,WR,O,80.0,87.0,88.0,87.0,84.0
458,Bobby,McCain,CB,DB,D,65.0,71.0,74.0,79.0,76.0
3136,Lamar,Miller,HB,RB,O,84.0,88.0,85.0,85.0,85.0
1422,DeVante,Parker,WR,WR,O,76.0,77.0,81.0,81.0,79.0
2653,Jordan,Phillips,DT,DL,D,65.0,63.0,76.0,74.0,65.0
3646,Mike,Pouncey,C,OL,O,84.0,81.0,77.0,75.0,82.0
2970,Kenny,Stills,WR,WR,O,81.0,74.0,80.0,84.0,84.0
3738,Ndamukong,Suh,DT,DL,D,96.0,93.0,93.0,94.0,85.0
4256,Ryan,Tannehill,QB,QB,O,85.0,79.0,83.0,78.0,74.0
431,Billy,Turner,RG,OL,O,75.0,68.0,68.0,67.0,63.0
1184,Damien,Williams,HB,RB,O,71.0,72.0,76.0,79.0,80.0
3741,Nelson,Agholor,WR,WR,O,74.0,72.0,71.0,84.0,83.0
3055,Kiko,Alonso,MLB,LB,D,87.0,76.0,76.0,73.0,73.0
3471,Matt,Barkley,QB,QB,O,69.0,64.0,72.0,69.0,64.0
2949,Kenjon,Barner,HB,RB,O,67.0,69.0,69.0,76.0,71.0
1839,Fletcher,Cox,RE,DL,D,92.0,93.0,91.0,93.0,96.0
4940,Vinny,Curry,LE,DL,D,81.0,79.0,79.0,83.0,75.0
5047,Zach,Ertz,TE,TE,O,84.0,87.0,85.0,91.0,93.0
3705,Najee,Goode,MLB,LB,D,64.0,64.0,66.0,70.0,63.0
2634,Jordan,Hicks,MLB,LB,D,64.0,74.0,85.0,81.0,80.0
3292,Malcolm,Jenkins,FS,DB,D,85.0,93.0,85.0,94.0,92.0
3152,Lane,Johnson,RT,OL,O,88.0,86.0,90.0,91.0,89.0
2303,Jason,Kelce,C,OL,O,87.0,85.0,76.0,92.0,94.0
3696,Mychal,Kendricks,MLB,LB,D,86.0,85.0,77.0,82.0,81.0
2646,Jordan,Matthews,WR,WR,O,81.0,78.0,81.0,77.0,75.0
1796,Eric,Rowe,CB,DB,D,72.0,74.0,76.0,74.0,72.0
1800,Eric,Tomlinson,TE,TE,O,65.0,64.0,63.0,71.0,69.0
2348,Jaylen,Watkins,CB,DB,D,68.0,68.0,72.0,76.0,72.0
4063,Ricardo,Allen,CB,DB,D,68.0,75.0,81.0,84.0,81.0
67,Adrian,Clayborn,RE,DL,D,78.0,77.0,77.0,84.0,77.0
4642,Tevin,Coleman,HB,RB,O,74.0,75.0,85.0,86.0,83.0
1574,Devonta,Freeman,HB,RB,O,75.0,86.0,89.0,91.0,89.0
2787,Justin,Hardy,WR,WR,O,71.0,69.0,73.0,74.0,73.0
1944,Grady,Jarrett,DT,DL,D,67.0,72.0,82.0,86.0,87.0
2757,Julio,Jones,WR,WR,O,94.0,96.0,98.0,98.0,98.0
3498,Matt,Ryan,QB,QB,O,90.0,84.0,96.0,89.0,89.0
3732,Nathan,Stupar,MLB,LB,D,66.0,71.0,72.0,70.0,63.0
3231,Levine,Toilolo,TE,TE,O,75.0,71.0,70.0,73.0,71.0
1544,Desmond,Trufant,CB,DB,D,90.0,90.0,89.0,93.0,88.0
3916,Prince,Amukamara,CB,DB,D,86.0,83.0,81.0,79.0,81.0
3148,Landon,Collins,SS,DB,D,74.0,75.0,92.0,88.0,83.0
1919,Geremy,Davis,WR,WR,O,66.0,64.0,64.0,64.0,65.0
1776,Ereck,Flowers,LT,OL,O,73.0,76.0,71.0,69.0,65.0
1703,Dwayne,Harris,WR,WR,O,75.0,73.0,71.0,69.0,69.0
1570,Devon,Kennard,LOLB,LB,D,79.0,78.0,80.0,77.0,74.0
1752,Eli,Manning,QB,QB,O,87.0,81.0,80.0,76.0,72.0
3444,Marshall,Newhouse,LT,OL,O,71.0,70.0,71.0,68.0,61.0
4893,Tyson,Alualu,LE,DL,D,76.0,76.0,73.0,77.0,72.0
3550,Michael,Bennett,LE,DL,D,95.0,66.0,90.0,69.0,64.0
442,Blake,Bortles,QB,QB,O,74.0,82.0,77.0,80.0,69.0
3,A.J.,Cann,LG,OL,O,73.0,69.0,72.0,71.0,71.0
17,Aaron,Colvin,CB,DB,D,71.0,78.0,78.0,79.0,75.0
765,Chad,Henne,QB,QB,O,73.0,69.0,67.0,67.0,58.0
147,Allen,Hurns,WR,WR,O,73.0,85.0,81.0,81.0,76.0
45,Abry,Jones,DT,DL,D,68.0,68.0,80.0,77.0,72.0
395,Ben,Koyack,TE,TE,O,64.0,64.0,66.0,73.0,70.0
3423,Marqise,Lee,WR,WR,O,74.0,71.0,80.0,82.0,80.0
3318,Marcedes,Lewis,TE,TE,O,81.0,76.0,77.0,82.0,77.0
530,Brandon,Linder,RG,OL,O,87.0,77.0,85.0,89.0,86.0
151,Allen,Robinson,WR,WR,O,79.0,88.0,87.0,87.0,86.0
4601,Telvin,Smith,ROLB,LB,D,79.0,80.0,82.0,90.0,88.0
4539,T.J.,Yeldon,HB,RB,O,73.0,80.0,79.0,78.0,77.0
2199,James,Carpenter,RG,OL,O,80.0,79.0,82.0,71.0,69.0
1462,Demario,Davis,MLB,LB,D,81.0,76.0,74.0,85.0,85.0
3938,Quincy,Enunwa,WR,WR,O,65.0,63.0,79.0,79.0,79.0
1561,Devin,Smith,WR,WR,O,72.0,70.0,70.0,69.0,67.0
1898,Geno,Smith,QB,QB,O,76.0,73.0,72.0,68.0,58.0
3217,Leonard,Williams,LE,DL,D,80.0,81.0,85.0,84.0,84.0
3370,Marcus,Williams,CB,DB,D,71.0,74.0,74.0,84.0,83.0
610,Brian,Winters,LG,OL,O,69.0,70.0,78.0,69.0,82.0
170,Ameer,Abdullah,HB,RB,O,74.0,78.0,78.0,82.0,74.0
3922,Quandre,Diggs,CB,DB,D,65.0,74.0,71.0,77.0,77.0
1781,Eric,Ebron,TE,TE,O,75.0,76.0,81.0,84.0,86.0
3743,Nevin,Lawson,CB,DB,D,72.0,70.0,80.0,74.0,75.0
1054,Cornelius,Lucas,LT,OL,O,65.0,70.0,69.0,67.0,56.0
4091,Riley,Reiff,LT,OL,O,82.0,83.0,71.0,77.0,67.0
4650,Theo,Riddick,HB,RB,O,75.0,81.0,82.0,84.0,77.0
3513,Matthew,Stafford,QB,QB,O,84.0,85.0,87.0,85.0,79.0
3167,Larry,Warford,RG,OL,O,87.0,74.0,81.0,77.0,80.0
4543,Tahir,Whitehead,MLB,LB,D,82.0,83.0,74.0,84.0,76.0
1871,Gabe,Wright,DT,DL,D,65.0,69.0,70.0,69.0,66.0
1313,Davante,Adams,WR,WR,O,79.0,75.0,84.0,88.0,92.0
3687,Morgan,Burnett,SS,DB,D,86.0,85.0,86.0,84.0,74.0
3977,Randall,Cobb,WR,WR,O,91.0,86.0,87.0,83.0,80.0
3603,Mike,Daniels,RE,DL,D,89.0,92.0,87.0,91.0,87.0
581,Brett,Hundley,QB,QB,O,70.0,70.0,69.0,70.0,65.0
3546,Micah,Hyde,FS,DB,D,79.0,80.0,76.0,92.0,86.0
1311,Datone,Jones,LE,DL,D,74.0,76.0,76.0,71.0,67.0
962,Clay,Matthews,MLB,LB,D,90.0,89.0,82.0,86.0,78.0
1170,Damarious,Randall,CB,DB,D,72.0,76.0,77.0,79.0,86.0
35,Aaron,Rodgers,QB,QB,O,99.0,96.0,98.0,99.0,90.0
4071,Richard,Rodgers,TE,TE,O,74.0,79.0,78.0,76.0,74.0
2138,Jake,Ryan,MLB,LB,D,65.0,70.0,76.0,78.0,78.0
698,Cameron,Artis-Payne,HB,RB,O,69.0,70.0,68.0,69.0,67.0
1728,Ed,Dickson,TE,TE,O,76.0,72.0,70.0,77.0,76.0
1557,Devin,Funchess,WR,WR,O,72.0,74.0,76.0,82.0,80.0
10,A.J.,Klein,ROLB,LB,D,74.0,74.0,72.0,71.0,72.0
3273,Luke,Kuechly,MLB,LB,D,96.0,99.0,98.0,99.0,98.0
4459,Star,Lotulelei,DT,DL,D,87.0,79.0,75.0,76.0,74.0
693,Cam,Newton,QB,QB,O,90.0,94.0,88.0,88.0,84.0
2717,Josh,Norman,CB,DB,D,84.0,94.0,90.0,87.0,81.0
1966,Greg,Olsen,TE,TE,O,92.0,93.0,92.0,92.0,89.0
2862,Kawann,Short,DT,DL,D,83.0,92.0,88.0,89.0,85.0
4368,Shaq,Thompson,ROLB,LB,D,72.0,75.0,83.0,80.0,78.0
4753,Trai,Turner,RG,OL,O,83.0,87.0,77.0,82.0,80.0
1228,Danny,Amendola,WR,WR,O,79.0,83.0,78.0,85.0,81.0
496,Brandon,Bolden,HB,RB,O,73.0,72.0,72.0,68.0,67.0
4704,Tom,Brady,QB,QB,O,97.0,94.0,99.0,99.0,96.0
3296,Malcom,Brown,DT,DL,D,72.0,71.0,78.0,82.0,73.0
3329,Marcus,Cannon,LT,OL,O,72.0,74.0,88.0,82.0,80.0
3857,Patrick,Chung,SS,DB,D,88.0,86.0,77.0,83.0,82.0
2632,Jordan,Devey,LG,OL,O,73.0,65.0,64.0,65.0,58.0
701,Cameron,Fleming,RT,OL,O,72.0,69.0,71.0,68.0,66.0
4820,Trey,Flowers,LE,DL,D,72.0,68.0,82.0,86.0,87.0
898,Chris,Jones,DT,DL,D,71.0,65.0,84.0,87.0,89.0
898,Chris,Jones,DT,DL,D,71.0,65.0,84.0,87.0,89.0
898,Chris,Jones,DT,DL,D,71.0,65.0,84.0,87.0,89.0
1597,Dion,Lewis,HB,RB,O,70.0,80.0,82.0,87.0,84.0
1558,Devin,McCourty,FS,DB,D,94.0,91.0,92.0,92.0,89.0
2656,Jordan,Richards,SS,DB,D,69.0,69.0,67.0,69.0,69.0
3245,Logan,Ryan,CB,DB,D,80.0,84.0,86.0,83.0,82.0
3725,Nate,Solder,LT,OL,O,82.0,84.0,87.0,83.0,75.0
1448,Dekoda,Watson,ROLB,LB,D,74.0,63.0,68.0,71.0,69.0
2226,James,White,HB,RB,O,70.0,75.0,81.0,83.0,86.0
4717,Tony,Bergstrom,LG,OL,O,72.0,69.0,68.0,66.0,60.0
1495,Derek,Carr,QB,QB,O,79.0,83.0,89.0,83.0,80.0
166,Amari,Cooper,WR,WR,O,82.0,83.0,87.0,86.0,89.0
2777,Justin,Ellis,DT,DL,D,74.0,71.0,70.0,80.0,72.0
1126,D.J.,Hayden,CB,DB,D,78.0,70.0,74.0,74.0,73.0
187,Andre,Holmes,WR,WR,O,75.0,73.0,76.0,75.0,72.0
4147,Rodney,Hudson,C,OL,O,89.0,85.0,90.0,95.0,93.0
1868,Gabe,Jackson,LG,OL,O,84.0,83.0,84.0,79.0,77.0
4545,Taiwan,Jones,HB,RB,O,67.0,73.0,72.0,74.0,70.0
3191,Lee,Smith,TE,TE,O,77.0,75.0,74.0,71.0,75.0
982,Clive,Walford,TE,TE,O,72.0,77.0,75.0,73.0,69.0
3554,Michael,Brockers,DT,DL,D,80.0,79.0,81.0,88.0,84.0
2241,Jamon,Brown,LT,OL,O,65.0,68.0,69.0,71.0,68.0
3291,Malcolm,Brown,HB,RB,O,67.0,66.0,65.0,69.0,72.0
2250,Jared,Cook,TE,TE,O,84.0,80.0,85.0,85.0,87.0
22,Aaron,Donald,DT,DL,D,92.0,98.0,99.0,99.0,99.0
1714,E.J.,Gaines,CB,DB,D,79.0,79.0,74.0,80.0,72.0
644,Bryce,Hager,MLB,LB,D,63.0,60.0,60.0,70.0,66.0
4098,Rob,Havenstein,RT,OL,O,70.0,72.0,77.0,79.0,82.0
2244,Janoris,Jenkins,CB,DB,D,81.0,85.0,89.0,88.0,80.0
3138,Lamarcus,Joyner,FS,DB,D,77.0,75.0,82.0,90.0,85.0
739,Case,Keenum,QB,QB,O,72.0,75.0,73.0,81.0,73.0
4331,Sean,Mannion,QB,QB,O,69.0,63.0,61.0,62.0,54.0
110,Alec,Ogletree,LOLB,LB,D,81.0,79.0,77.0,74.0,70.0
1971,Greg,Robinson,LT,OL,O,74.0,77.0,71.0,67.0,70.0
2333,Javorius,Allen,HB,RB,O,71.0,74.0,72.0,74.0,70.0
4620,Terrence,Brooks,FS,DB,D,72.0,72.0,70.0,76.0,69.0
714,Carl,Davis,DT,DL,D,71.0,66.0,66.0,75.0,68.0
2492,Joe,Flacco,QB,QB,O,89.0,81.0,81.0,79.0,74.0
3176,Lawrence,Guy,LE,DL,D,74.0,71.0,75.0,78.0,82.0
2842,Kapron,Lewis-Moore,RE,DL,D,65.0,60.0,61.0,69.0,65.0
673,C.J.,Mosley,MLB,LB,D,88.0,83.0,89.0,84.0,87.0
576,Breshad,Perriman,WR,WR,O,73.0,70.0,74.0,74.0,72.0
107,Aldrick,Robinson,WR,WR,O,69.0,67.0,72.0,74.0,73.0
3499,Matt,Schaub,QB,QB,O,74.0,70.0,69.0,68.0,56.0
2477,Jimmy,Smith,CB,DB,D,88.0,81.0,86.0,89.0,84.0
575,Brent,Urban,RE,DL,D,66.0,64.0,69.0,72.0,70.0
562,Brandon,Williams,DT,DL,D,85.0,84.0,82.0,89.0,86.0
562,Brandon,Williams,DT,DL,D,85.0,84.0,82.0,89.0,86.0
3537,Maxx,Williams,TE,TE,O,74.0,78.0,76.0,74.0,76.0
3443,Marshal,Yanda,RG,OL,O,98.0,97.0,96.0,92.0,91.0
1320,David,Amerson,CB,DB,D,71.0,84.0,82.0,80.0,71.0
3060,Kirk,Cousins,QB,QB,O,73.0,83.0,85.0,82.0,81.0
2239,Jamison,Crowder,WR,WR,O,70.0,74.0,82.0,84.0,79.0
4225,Ryan,Grant,WR,WR,O,68.0,69.0,67.0,78.0,77.0
1418,DeSean,Jackson,WR,WR,O,88.0,84.0,87.0,85.0,85.0
4865,Tyler,Larsen,C,OL,O,65.0,67.0,67.0,70.0,64.0
4441,Spencer,Long,RG,OL,O,71.0,72.0,78.0,74.0,63.0
1015,Colt,McCoy,QB,QB,O,73.0,68.0,67.0,65.0,62.0
3689,Morgan,Moses,LT,OL,O,70.0,78.0,85.0,78.0,75.0
2655,Jordan,Reed,TE,TE,O,82.0,89.0,91.0,94.0,88.0
547,Brandon,Scherff,RT,OL,O,80.0,78.0,86.0,90.0,87.0
925,Chris,Thompson,HB,RB,O,69.0,72.0,77.0,84.0,79.0
4798,Trent,Williams,LT,OL,O,87.0,92.0,95.0,94.0,95.0
1666,Drew,Brees,QB,QB,O,95.0,90.0,92.0,91.0,92.0
492,Brandin,Cooks,WR,WR,O,82.0,83.0,86.0,87.0,87.0
4852,Tyeler,Davison,LE,DL,D,64.0,68.0,72.0,81.0,75.0
704,Cameron,Jordan,RE,DL,D,87.0,90.0,92.0,95.0,91.0
4351,Senio,Kelemete,LG,OL,O,71.0,71.0,69.0,72.0,70.0
214,Andrus,Peat,LT,OL,O,75.0,70.0,74.0,72.0,72.0
409,Benjamin,Watson,TE,TE,O,78.0,81.0,80.0,80.0,82.0
3841,P.J.,Williams,CB,DB,D,69.0,70.0,74.0,76.0,75.0
2771,Justin,Britt,RT,OL,O,76.0,71.0,80.0,78.0,76.0
1844,Frank,Clark,RE,DL,D,64.0,65.0,82.0,81.0,83.0
3397,Mark,Glowinski,LG,OL,O,71.0,69.0,71.0,63.0,74.0
2472,Jimmy,Graham,TE,TE,O,95.0,89.0,93.0,86.0,83.0
2423,Jermaine,Kearse,WR,WR,O,81.0,80.0,80.0,83.0,78.0
4866,Tyler,Lockett,WR,WR,O,72.0,80.0,80.0,82.0,87.0
539,Brandon,Mebane,DT,DL,D,86.0,80.0,82.0,77.0,73.0
4205,Russell,Okung,LT,OL,O,85.0,82.0,73.0,80.0,76.0
3026,Kevin,Pierre-Louis,ROLB,LB,D,70.0,70.0,70.0,72.0,69.0
4659,Thomas,Rawls,HB,RB,O,66.0,80.0,83.0,73.0,66.0
4074,Richard,Sherman,CB,DB,D,97.0,92.0,90.0,90.0,93.0
4207,Russell,Wilson,QB,QB,O,89.0,91.0,90.0,92.0,91.0
3183,Le'Veon,Bell,HB,RB,O,94.0,94.0,97.0,96.0,92.0
279,Antonio,Brown,WR,WR,O,97.0,97.0,97.0,99.0,98.0
233,Anthony,Chickillo,LOLB,LB,D,64.0,62.0,66.0,68.0,68.0
359,B.J.,Finney,C,OL,O,65.0,65.0,73.0,70.0,68.0
3974,Ramon,Foster,LG,OL,O,82.0,82.0,88.0,78.0,82.0
3337,Marcus,Gilbert,RT,OL,O,84.0,83.0,88.0,86.0,84.0
703,Cameron,Heyward,LE,DL,D,88.0,88.0,81.0,88.0,86.0
2455,Jesse,James,TE,TE,O,64.0,67.0,78.0,77.0,78.0
3528,Maurkice,Pouncey,C,OL,O,90.0,88.0,85.0,85.0,85.0
402,Ben,Roethlisberger,QB,QB,O,95.0,93.0,91.0,88.0,85.0
4252,Ryan,Shazier,MLB,LB,D,76.0,79.0,81.0,86.0,84.0
4481,Stephon,Tuitt,RE,DL,D,73.0,78.0,83.0,86.0,85.0
138,Alfred,Blue,HB,RB,O,74.0,76.0,75.0,68.0,73.0
937,Christian,Covington,RE,DL,D,62.0,66.0,70.0,75.0,73.0
1393,DeAndre,Hopkins,WR,WR,O,88.0,93.0,91.0,94.0,99.0
596,Brian,Hoyer,QB,QB,O,73.0,73.0,75.0,69.0,64.0
2847,Kareem,Jackson,CB,DB,D,84.0,78.0,78.0,78.0,86.0
3012,Kevin,Johnson,CB,DB,D,74.0,74.0,80.0,74.0,72.0
394,Ben,Jones,C,OL,O,75.0,74.0,83.0,80.0,78.0
406,Benardrick,McKinney,LOLB,LB,D,72.0,77.0,82.0,78.0,83.0
4969,Whitney,Mercilus,ROLB,LB,D,80.0,88.0,87.0,81.0,83.0
4708,Tom,Savage,QB,QB,O,70.0,65.0,72.0,71.0,55.0
219,Angelo,Blackson,DT,DL,D,65.0,61.0,63.0,70.0,68.0
5044,Zach,Brown,MLB,LB,D,75.0,82.0,85.0,88.0,81.0
2764,Jurrell,Casey,RE,DL,D,92.0,93.0,86.0,89.0,86.0
1153,DaQuan,Jones,LE,DL,D,68.0,68.0,78.0,81.0,76.0
3351,Marcus,Mariota,QB,QB,O,78.0,79.0,80.0,79.0,79.0
348,Avery,Williamson,MLB,LB,D,77.0,78.0,79.0,83.0,85.0
96,Al,Woods,DT,DL,D,76.0,74.0,74.0,83.0,77.0
4965,Wesley,Woodyard,MLB,LB,D,77.0,87.0,82.0,80.0,79.0
447,Blidi,Wreh-Wilson,CB,DB,D,72.0,71.0,71.0,72.0,62.0
228,Anthony,Barr,LOLB,LB,D,85.0,88.0,79.0,84.0,82.0
4594,Teddy,Bridgewater,QB,QB,O,82.0,81.0,79.0,78.0,73.0
4522,T.J.,Clemmings,RT,OL,O,71.0,69.0,68.0,67.0,61.0
4462,Stefon,Diggs,WR,WR,O,71.0,79.0,86.0,90.0,93.0
1828,Everson,Griffen,RE,DL,D,89.0,88.0,86.0,92.0,85.0
1225,Danielle,Hunter,RE,DL,D,65.0,72.0,86.0,84.0,86.0
3238,Linval,Joseph,DT,DL,D,84.0,89.0,86.0,90.0,86.0
1788,Eric,Kendricks,MLB,LB,D,72.0,76.0,80.0,79.0,78.0
1028,Cordarrelle,Patterson,WR,WR,O,73.0,70.0,78.0,76.0,75.0
5024,Xavier,Rhodes,CB,DB,D,86.0,80.0,88.0,92.0,86.0
3102,Kyle,Rudolph,TE,TE,O,81.0,81.0,85.0,86.0,85.0
1995,Harrison,Smith,FS,DB,D,93.0,94.0,93.0,97.0,94.0
4361,Shamar,Stephen,DT,DL,D,70.0,65.0,65.0,72.0,69.0
4750,Trae,Waynes,CB,DB,D,75.0,73.0,75.0,80.0,78.0
2262,Jarius,Wright,WR,WR,O,76.0,75.0,73.0,76.0,75.0
