fms_id,espn_id,full_name,first_name,last_name,position,position_group,section,college,draft_year,selection_number,position_rank,position_group_rank,section_rank,drafting_team,home_city,home_state,home_country,college_weight_pounds,college_height_inches,forty,vertical,bench,broad,threecone,shuttle,rushing_games,rushing_rec_td,rushing_rec_yards,rushing_receptions,rushing_rush_att,rushing_rush_td,rushing_rush_yds,rushing_scrim_plays,rushing_scrim_tds,rushing_scrim_yds,rushing_seasons,max_madden
113,3886636.0,Alex Barnes,Alex,Barnes,RB,RB,O,Kansas State,2019,,,,,,Pittsburg,KS        ,USA,226,72,4.59,38.5,34.0,126.0,6.95,4.1,35,0,223,25,458,25,2616,483,25,2839,4,63.0
136,4048244.0,Alexander Mattison,Alexander,Mattison,RB,RB,O,Boise State,2019,,,,,,San Bernardino,CA        ,USA,221,71,4.67,35.0,22.0,127.0,7.13,4.29,38,1,511,60,581,33,2829,641,34,3340,3,68.0
414,,Benny Snell,Benny,Snell,RB,RB,O,Kentucky,2019,,,,,,,,,224,70,4.66,29.5,16.0,119.0,7.07,4.33,39,0,216,29,737,48,3873,766,48,4089,3,69.0
645,3931398.0,Bryce Love,Bryce,Love,RB,RB,O,Stanford,2019,,,,,,Wake Forest,NC        ,USA,200,69,,,18.0,,,,49,2,465,49,569,30,3865,618,32,4330,4,71.0
1182,3925347.0,Damien Harris,Damien,Harris,RB,RB,O,Alabama,2019,,,,,,Richmond,KY        ,USA,216,70,4.57,37.0,16.0,121.0,,,54,2,407,52,477,23,3070,529,25,3477,4,69.0
1275,3916151.0,Darrell Henderson,Darrell,Henderson,RB,RB,O,Memphis,2019,,,,,,Midland City,AL        ,USA,208,68,4.49,33.5,22.0,121.0,,,38,8,758,63,431,36,3545,494,44,4303,3,72.0
1347,4035538.0,David Montgomery,David,Montgomery,RB,RB,O,Iowa State,2019,,,,,,Cincinnati,OH        ,USA,222,70,4.63,28.5,15.0,121.0,,,37,0,582,71,624,26,2925,695,26,3507,3,71.0
1560,4040761.0,Devin Singletary,Devin,Singletary,RB,RB,O,Florida Atlantic,2019,,,,,,Deerfield Beach,FL        ,USA,203,67,4.66,35.0,15.0,117.0,7.32,4.4,38,1,397,51,714,66,4287,765,67,4684,3,72.0
1584,3932449.0,Dexter Williams,Dexter,Williams,RB,RB,O,Notre Dame,2019,,,,,,Orlando,FL        ,USA,212,71,4.57,36.0,17.0,130.0,7.0,4.16,35,2,162,22,257,20,1636,279,22,1798,4,66.0
1753,4035006.0,Elijah Holyfield,Elijah,Holyfield,RB,RB,O,Georgia,2019,,,,,,College Park,GA        ,USA,217,70,4.78,29.5,26.0,118.0,,,27,0,63,7,215,9,1340,222,9,1403,3,63.0
2156,3123675.0,Jalin Moore,Jalin,Moore,RB,RB,O,Appalachian State,2019,,,,,,Shelby,NC        ,USA,212,70,,,27.0,,,,40,1,235,23,582,33,3570,605,34,3805,4,65.0
2228,3884368.0,James Williams,James,Williams,RB,RB,O,Washington State,2019,,,,,,Burbank,CA        ,USA,197,69,4.58,36.5,,118.0,7.01,4.25,39,8,1437,202,316,19,1540,518,27,2977,4,
2657,3915115.0,Jordan Scarlett,Jordan,Scarlett,RB,RB,O,Florida,2019,,,,,,Fort Lauderdale,FL        ,USA,208,71,4.47,30.0,21.0,116.0,7.37,4.63,35,0,108,15,344,12,1846,359,12,1954,4,64.0
2707,4047365.0,Josh Jacobs,Josh,Jacobs,RB,RB,O,Alabama,2019,,,,,,Tulsa,OK        ,USA,220,70,,,,,,,40,5,571,48,251,16,1491,299,21,2062,3,74.0
2766,4038441.0,Justice Hill,Justice,Hill,RB,RB,O,Oklahoma State,2019,,,,,,Tulsa,OK        ,USA,198,70,4.4,40.0,21.0,130.0,,,36,1,304,49,632,30,3539,681,31,3843,3,70.0
2843,3929927.0,Karan Higdon,Karan,Higdon,RB,RB,O,Michigan,2019,,,,,,Sarasota,FL        ,USA,206,69,4.49,34.0,21.0,123.0,,,39,0,177,16,471,27,2616,487,27,2793,4,
3242,3929828.0,Lj Scott,Lj,Scott,RB,RB,O,Michigan State,2019,,,,,,Youngstown,OH        ,USA,227,72,,33.0,21.0,120.0,7.27,4.34,43,2,403,43,610,25,2855,653,27,3258,4,
3657,3915536.0,Mike Weber,Mike,Weber,RB,RB,O,Ohio State,2019,,,,,,Detroit,MI        ,USA,211,70,4.47,33.5,22.0,,,,38,1,297,54,455,24,2676,509,25,2973,4,64.0
3662,4045163.0,Miles Sanders,Miles,Sanders,RB,RB,O,Penn State,2019,,,,,,Pittsburgh,PA        ,USA,211,71,4.49,36.0,20.0,124.0,6.89,4.19,36,1,193,32,276,12,1649,308,13,1842,3,72.0
3699,3886818.0,Myles Gaskin,Myles,Gaskin,RB,RB,O,Washington,2019,,,,,,Lynnwood,WA        ,USA,205,69,4.58,35.5,24.0,118.0,7.19,4.27,52,5,465,65,945,57,5323,1010,62,5788,4,65.0
3751,3843406.0,Nick Brossette,Nick,Brossette,RB,RB,O,LSU,2019,,,,,,Baton Rouge,LA        ,USA,209,71,4.72,35.5,15.0,118.0,7.38,4.44,31,0,77,15,286,14,1345,301,14,1422,4,
3918,3123944.0,Qadree Ollison,Qadree,Ollison,RB,RB,O,Pittsburgh,2019,,,,,,Niagara Falls,NY        ,USA,228,73,4.58,29.5,19.0,114.0,7.53,4.31,49,3,375,50,529,29,2859,579,32,3234,4,64.0
4145,3705353.0,Rodney Anderson,Rodney,Anderson,RB,RB,O,Oklahoma,2019,,,,,,Katy,TX        ,USA,224,72,,,25.0,,,,17,5,281,17,200,16,1285,217,21,1566,3,67.0
4264,3923397.0,Ryquell Armstead,Ryquell,Armstead,RB,RB,O,Temple,2019,,,,,,Millville,NJ        ,USA,220,71,4.45,30.0,22.0,114.0,7.02,4.29,46,0,175,29,573,34,2812,602,34,2987,4,65.0
4734,3916148.0,Tony Pollard,Tony,Pollard,RB,RB,O,Memphis,2019,,,,,,Memphis,TN        ,USA,210,72,4.52,35.0,13.0,121.0,,,40,9,1292,104,139,9,941,243,18,2233,4,68.0
4768,4037457.0,Travis Homer,Travis,Homer,RB,RB,O,Miami,2019,,,,,,West Palm Beach,FL        ,USA,201,70,4.48,39.5,17.0,130.0,7.07,4.31,33,1,405,37,334,12,1995,371,13,2400,3,63.0
4781,4035222.0,Trayveon Williams,Trayveon,Williams,RB,RB,O,Texas A&M,2019,,,,,,Houston,TX        ,USA,206,68,4.51,33.0,19.0,121.0,7.44,4.44,38,1,561,66,600,34,3615,666,35,4176,3,66.0
90,545423.0,Akrum Wadley,Akrum,Wadley,RB,RB,O,Iowa,2018,300.0,16.0,17.0,88.0,,Ewa Beach,HI        ,USA,194,70,4.54,32.0,12.0,,,,39,7,761,71,536,28,2872,607,35,3633,4,68.0
449,3126367.0,Bo Scarbrough,Bo,Scarbrough,RB,RB,O,Alabama,2018,236.0,14.0,14.0,80.0,DAL,Ewa Beach,HI        ,USA,228,73,4.52,40.0,14.0,129.0,,4.34,31,0,131,21,267,20,1512,288,20,1643,3,71.0
927,,Chris Warren,Chris,Warren,RB,RB,O,Texas,2018,300.0,17.0,18.0,95.0,,,,,247,74,4.69,33.0,25.0,121.0,6.98,4.18,0,0,0,0,0,0,0,0,0,0,0,
1269,559594.0,Darrel Williams,Darrel,Williams,RB,RB,O,LSU,2018,300.0,18.0,19.0,97.0,,Ewa Beach,HI        ,USA,225,72,4.72,32.0,22.0,109.0,,4.21,44,0,462,38,321,19,1651,359,19,2113,4,65.0
1463,3128800.0,Demario Richard,Demario,Richard,RB,RB,O,Arizona State,2018,300.0,19.0,20.0,100.0,,Ewa Beach,HI        ,USA,218,69,4.7,29.5,12.0,115.0,,,47,7,662,69,647,26,3202,716,33,3864,4,
1534,3843750.0,Derrius Guice,Derrius,Guice,RB,RB,O,LSU,2018,59.0,7.0,7.0,29.0,WAS,Ewa Beach,HI        ,USA,224,70,4.49,31.5,15.0,,,,35,3,250,32,471,29,3074,503,32,3324,3,78.0
1593,3116375.0,Dimitri Flowers,Dimitri,Flowers,RB,RB,O,Oklahoma,2018,300.0,20.0,21.0,102.0,,North Richland Hills,TX        ,USA,248,74,4.83,30.5,17.0,109.0,7.45,4.53,0,0,0,0,0,0,0,0,0,0,0,
1628,,Donnie Ernsberger,Donnie,Ernsberger,RB,RB,O,Western Michigan,2018,300.0,21.0,22.0,103.0,,,,,241,75,4.78,31.0,15.0,114.0,7.09,4.34,0,0,0,0,0,0,0,0,0,0,0,
2277,3129453.0,Jarvion Franklin,Jarvion,Franklin,RB,RB,O,Western Michigan,2018,300.0,22.0,23.0,105.0,,Ewa Beach,HI        ,USA,239,71,4.63,30.0,18.0,109.0,6.93,4.31,52,4,670,61,942,52,4867,1003,56,5537,4,62.0
2548,3915381.0,John Kelly,John,Kelly,RB,RB,O,Tennessee,2018,176.0,13.0,13.0,67.0,LAR,Ewa Beach,HI        ,USA,216,70,,35.0,15.0,120.0,7.13,4.51,29,0,350,43,327,15,1573,370,15,1923,3,70.0
2665,550016.0,Jordan Wilkins,Jordan,Wilkins,RB,RB,O,Ole Miss,2018,169.0,12.0,12.0,65.0,IND,Ewa Beach,HI        ,USA,216,73,,36.0,16.0,117.0,,4.27,38,1,322,32,279,14,1751,311,15,2073,3,71.0
2676,3932420.0,Josh Adams,Josh,Adams,RB,RB,O,Notre Dame,2018,300.0,23.0,24.0,108.0,,Ewa Beach,HI        ,USA,213,74,,,18.0,,,,37,2,336,41,480,20,3201,521,22,3537,3,72.0
2775,4039226.0,Justin Crawford,Justin,Crawford,RB,RB,O,West Virginia,2018,300.0,24.0,25.0,109.0,,Ewa Beach,HI        ,USA,199,71,4.64,33.5,11.0,122.0,,,25,1,106,22,354,11,2244,376,12,2350,2,60.0
2794,3116136.0,Justin Jackson,Justin,Jackson,RB,RB,O,Northwestern,2018,251.0,15.0,16.0,85.0,LAC,Ewa Beach,HI        ,USA,199,72,4.52,38.5,13.0,122.0,6.81,4.07,51,1,858,122,1142,41,5440,1264,42,6298,4,73.0
2831,3128774.0,Kalen Ballage,Kalen,Ballage,RB,RB,O,Arizona State,2018,131.0,11.0,11.0,54.0,MIA,Ewa Beach,HI        ,USA,228,73,4.46,33.5,15.0,122.0,6.91,4.35,46,2,684,82,450,27,1984,532,29,2668,4,71.0
2840,3121597.0,Kamryn Pettway,Kamryn,Pettway,RB,RB,O,Auburn,2018,300.0,25.0,26.0,110.0,,Ewa Beach,HI        ,USA,233,72,4.74,33.5,22.0,116.0,,,16,0,58,6,285,13,1529,291,13,1587,3,
2988,3916925.0,Kerryon Johnson,Kerryon,Johnson,RB,RB,O,Auburn,2018,43.0,6.0,6.0,24.0,DET,Ewa Beach,HI        ,USA,213,71,,40.0,11.0,126.0,7.07,4.29,36,2,478,55,519,32,2494,574,34,2972,3,81.0
3096,545512.0,Kyle Hicks,Kyle,Hicks,RB,RB,O,TCU,2018,300.0,26.0,27.0,114.0,,Ewa Beach,HI        ,USA,204,70,4.63,36.5,13.0,122.0,,,47,4,930,102,444,19,2101,546,23,3031,4,
3173,550316.0,Lavon Coleman,Lavon,Coleman,RB,RB,O,Washington,2018,300.0,27.0,28.0,115.0,,Ewa Beach,HI        ,USA,215,71,4.65,33.0,23.0,120.0,,,46,3,252,31,374,12,2000,405,15,2252,4,
3407,3917846.0,Mark Walton,Mark,Walton,RB,RB,O,Miami,2018,112.0,10.0,10.0,48.0,CIN,Ewa Beach,HI        ,USA,202,70,4.6,31.5,18.0,118.0,,,31,2,624,56,395,26,2006,451,28,2630,3,72.0
3753,3128720.0,Nick Chubb,Nick,Chubb,RB,RB,O,Georgia,2018,35.0,4.0,4.0,19.0,CLE,Ewa Beach,HI        ,USA,227,71,4.52,38.5,29.0,128.0,7.09,4.25,47,4,361,31,758,44,4769,789,48,5130,4,85.0
3797,,Nyheim Hines,Nyheim,Hines,RB,RB,O,North Carolina St.,2018,104.0,9.0,9.0,45.0,IND,,,,198,68,4.38,35.5,,119.0,7.18,4.35,38,1,933,89,258,13,1400,347,14,2333,3,77.0
3989,3139925.0,Rashaad Penny,Rashaad,Penny,RB,RB,O,San Diego State,2018,27.0,2.0,2.0,15.0,SEA,Ewa Beach,HI        ,USA,220,71,4.46,32.5,13.0,120.0,,,51,6,479,42,488,38,3656,530,44,4135,4,78.0
4133,,Roc Thomas,Roc,Thomas,RB,RB,O,Jacksonville State,2018,300.0,28.0,29.0,123.0,,,,,198,70,4.56,35.5,16.0,125.0,,,20,1,230,18,86,3,475,104,4,705,2,64.0
4171,,Ronald Jones,Ronald,Jones,RB,RB,O,USC,2018,38.0,5.0,5.0,20.0,TAM,,,,205,71,4.65,36.5,,,,,40,3,302,32,591,39,3619,623,42,3921,3,
4196,3122672.0,Royce Freeman,Royce,Freeman,RB,RB,O,Oregon,2018,71.0,8.0,8.0,33.0,DEN,Ewa Beach,HI        ,USA,229,71,4.54,34.0,17.0,118.0,6.9,4.16,51,4,814,79,947,60,5621,1026,64,6435,4,75.0
4245,3127335.0,Ryan Nall,Ryan,Nall,RB,RB,O,Oregon State,2018,300.0,29.0,30.0,124.0,,Ewa Beach,HI        ,USA,232,74,4.58,33.0,15.0,122.0,6.95,4.16,30,4,563,56,385,24,2216,441,28,2779,3,62.0
4297,3929630.0,Saquon Barkley,Saquon,Barkley,RB,RB,O,Penn State,2018,2.0,1.0,1.0,2.0,NYG,Ewa Beach,HI        ,USA,233,72,4.4,41.0,29.0,,,4.24,38,8,1195,102,671,43,3843,773,51,5038,3,91.0
4435,3128721.0,Sony Michel,Sony,Michel,RB,RB,O,Georgia,2018,31.0,3.0,3.0,16.0,NWE,Ewa Beach,HI        ,USA,214,71,4.54,,22.0,,,4.21,47,6,621,64,590,33,3613,654,39,4234,4,84.0
28,,Aaron Jones,Aaron,Jones,RB,RB,O,UTEP,2017,182.0,17.0,17.0,67.0,GNB,,,,208,69,4.56,37.5,16.0,127.0,6.82,4.2,35,7,646,71,658,33,4114,729,40,4760,5,81.0
161,,Alvin Kamara,Alvin,Kamara,RB,RB,O,Tennessee,2017,67.0,4.0,4.0,21.0,NOR,,,,214,70,4.56,39.5,15.0,131.0,,,24,7,683,74,210,16,1294,284,23,1977,2,90.0
595,,Brian Hill,Brian,Hill,RB,RB,O,Wyoming,2017,156.0,14.0,14.0,57.0,ATL,,,,219,73,4.54,34.0,15.0,125.0,7.03,4.32,37,0,403,41,775,35,4287,816,35,4690,3,72.0
852,,Chris Carson,Chris,Carson,RB,RB,O,Oklahoma State,2017,249.0,19.0,20.0,81.0,SEA,,,,218,72,4.58,37.0,23.0,130.0,,,21,1,298,30,213,13,1076,243,14,1374,2,87.0
942,,Christian McCaffrey,Christian,McCaffrey,RB,RB,O,Stanford,2017,8.0,2.0,2.0,5.0,CAR,,,,202,71,4.48,37.5,10.0,121.0,6.57,4.22,37,10,1206,99,632,21,3922,731,31,5128,3,91.0
1034,,Corey Clement,Corey,Clement,RB,RB,O,Wisconsin,2017,300.0,21.0,22.0,92.0,,,,,220,70,4.68,28.5,19.0,115.0,,,39,2,279,29,576,36,3092,605,38,3371,4,77.0
1116,,D'Onta Foreman,D'Onta,Foreman,RB,RB,O,Texas,2017,89.0,6.0,6.0,30.0,HOU,,,,233,72,,,18.0,,,,27,0,146,13,431,20,2774,444,20,2920,3,75.0
1168,,Dalvin Cook,Dalvin,Cook,RB,RB,O,Florida State,2017,41.0,3.0,3.0,15.0,MIN,,,,210,70,4.49,30.5,22.0,116.0,7.27,4.53,38,2,935,79,687,46,4464,766,48,5399,3,85.0
1244,,Dare Ogunbowale,Dare,Ogunbowale,RB,RB,O,Wisconsin,2017,300.0,22.0,23.0,96.0,,,,,213,71,4.65,35.0,14.0,120.0,6.99,4.34,40,2,507,60,319,13,1518,379,15,2025,4,65.0
1389,,De'Veon Smith,De'Veon,Smith,RB,RB,O,Michigan,2017,300.0,23.0,24.0,99.0,,,,,223,71,,29.0,22.0,108.0,7.3,4.56,41,1,251,38,495,22,2235,533,23,2486,4,65.0
1566,,Devine Redding,Devine,Redding,RB,RB,O,Indiana,2017,300.0,24.0,25.0,100.0,,,,,205,68,4.76,30.5,16.0,116.0,7.18,4.46,33,2,245,40,508,17,2252,548,19,2497,3,
1624,,Donnel Pumphrey,Donnel,Pumphrey,RB,RB,O,San Diego State,2017,132.0,10.0,10.0,43.0,PHI,,,,176,68,4.48,33.5,5.0,117.0,,,54,5,1039,99,1059,62,6405,1158,67,7444,4,75.0
1754,,Elijah Hood,Elijah,Hood,RB,RB,O,North Carolina,2017,242.0,18.0,19.0,78.0,OAK,,,,232,72,,,18.0,,,,33,0,211,40,430,29,2580,470,29,2791,3,65.0
1756,,Elijah McGuire,Elijah,McGuire,RB,RB,O,Louisiana,2017,300.0,25.0,26.0,102.0,,,,,214,70,4.53,36.0,15.0,120.0,7.26,4.56,51,10,1394,130,710,42,4301,840,52,5695,4,72.0
2118,,Jahad Thomas,Jahad,Thomas,RB,RB,O,Temple,2017,300.0,26.0,28.0,109.0,,,,,190,70,4.62,32.0,11.0,116.0,,,46,8,998,69,563,30,2599,632,38,3597,4,
2162,,Jamaal Williams,Jamaal,Williams,RB,RB,O,BYU,2017,134.0,11.0,11.0,45.0,GNB,,,,212,72,4.59,30.0,,123.0,7.25,4.53,43,1,567,60,726,35,3901,786,36,4468,4,76.0
2201,,James Conner,James,Conner,RB,RB,O,Pittsburgh,2017,105.0,7.0,7.0,34.0,PIT,,,,233,73,4.65,29.0,20.0,113.0,,,39,4,412,30,668,52,3733,698,56,4145,4,83.0
2411,,Jeremy McNichols,Jeremy,McNichols,RB,RB,O,Boise State,2017,162.0,15.0,15.0,58.0,TAM,,,,214,69,4.49,35.5,,121.0,6.93,4.28,34,11,1089,103,571,44,3205,674,55,4294,3,71.0
2514,,Joe Williams,Joe,Williams,RB,RB,O,Utah,2017,121.0,9.0,9.0,40.0,SFO,,,,210,71,4.41,35.0,14.0,125.0,7.19,4.19,19,0,191,20,314,13,1884,334,13,2075,2,72.0
2776,,Justin Davis,Justin,Davis,RB,RB,O,USC,2017,300.0,27.0,29.0,116.0,,,,,208,73,,,21.0,,,,43,2,400,46,461,19,2465,507,21,2865,4,70.0
2846,,Kareem Hunt,Kareem,Hunt,RB,RB,O,Toledo,2017,86.0,5.0,5.0,28.0,KAN,,,,216,70,4.62,36.5,18.0,119.0,,,44,1,555,73,782,44,4945,855,45,5500,4,90.0
3211,3843640.0,Leonard Fournette,Leonard,Fournette,RB,RB,O,LSU,2017,4.0,1.0,1.0,2.0,JAX,New Orleans,LA        ,USA,240,72,4.51,28.5,,,,,32,1,526,41,616,40,3830,657,41,4356,3,87.0
3421,4044109.0,Marlon Mack,Marlon,Mack,RB,RB,O,South Florida,2017,143.0,13.0,13.0,52.0,IND,Punta Gorda,FL        ,USA,213,71,4.5,35.5,15.0,125.0,,,36,1,498,65,586,32,3609,651,33,4107,3,82.0
3512,,Matthew Dayes,Matthew,Dayes,RB,RB,O,NC State,2017,252.0,20.0,21.0,82.0,CLE,,,,205,69,4.47,28.0,18.0,109.0,,,45,6,937,98,550,34,2856,648,40,3793,4,64.0
4203,,Rushel Shell III,Rushel,Shell,RB,RB,O,West Virginia,2017,300.0,28.0,30.0,127.0,,,,,227,70,4.74,32.5,21.0,,,,35,0,341,49,450,20,2010,499,20,2351,3,
4284,,Samaje Perine,Samaje,Perine,RB,RB,O,Oklahoma,2017,114.0,8.0,8.0,37.0,WAS,,,,233,71,4.65,33.0,30.0,116.0,7.26,4.37,36,2,321,40,685,49,4122,725,51,4443,3,76.0
4456,,Stanley Williams,Stanley,Williams,RB,RB,O,Kentucky,2017,300.0,29.0,31.0,132.0,,,,,190,67,4.51,36.0,18.0,121.0,6.86,4.18,33,2,292,38,367,18,2513,405,20,2805,3,
4531,,T.J. Logan,T.J.,Logan,RB,RB,O,North Carolina,2017,179.0,16.0,16.0,65.0,ARI,,,,196,69,4.37,33.5,17.0,121.0,,,49,4,663,76,398,19,2165,474,23,2828,4,72.0
4958,,Wayne Gallman,Wayne,Gallman,RB,RB,O,Clemson,2017,140.0,12.0,12.0,50.0,NYG,,,,215,72,4.6,29.5,21.0,120.0,7.17,4.28,42,2,486,66,675,34,3416,741,36,3902,3,74.0
118,,Alex Collins,Alex,Collins,RB,RB,O,Arkansas,2016,171.0,13.0,13.0,68.0,SEA,,,,217,70,4.59,28.5,18.0,113.0,,,38,0,167,27,665,36,3703,692,36,3870,3,81.0
560,,Brandon Wilds,Brandon,Wilds,RB,RB,O,South Carolina,2016,300.0,17.0,19.0,94.0,,,,,220,73,4.54,36.5,21.0,118.0,7.08,4.33,41,3,540,59,379,13,1844,438,16,2384,4,65.0
674,,C.J. Prosise,C.J.,Prosise,RB,RB,O,Notre Dame,2016,90.0,4.0,4.0,31.0,SEA,,,,220,72,4.48,35.5,,121.0,,,32,3,896,62,167,12,1155,229,15,2051,3,74.0
1219,,Daniel Lasco,Daniel,Lasco,RB,RB,O,California,2016,237.0,15.0,17.0,85.0,NOR,,,,209,72,4.46,41.5,23.0,135.0,7.22,4.26,41,2,458,48,348,18,1872,396,20,2330,4,68.0
1432,,Deandre Washington,Deandre,Washington,RB,RB,O,Texas Tech,2016,143.0,8.0,8.0,55.0,OAK,,,,204,68,4.49,34.5,24.0,116.0,7.03,4.2,49,4,1091,124,605,23,3411,729,27,4502,4,74.0
1520,,Derrick Henry,Derrick,Henry,RB,RB,O,Alabama,2016,45.0,2.0,2.0,17.0,TEN,,,,247,75,4.54,37.0,22.0,130.0,7.2,4.38,39,3,285,17,602,42,3591,619,45,3876,3,86.0
1569,,Devon Johnson,Devon,Johnson,RB,RB,O,Marshall,2016,300.0,18.0,20.0,105.0,,,,,238,72,4.64,,,,,,43,6,423,27,305,25,2373,332,31,2796,4,62.0
1575,,Devontae Booker,Devontae,Booker,RB,RB,O,Utah,2016,136.0,7.0,7.0,52.0,DEN,,,,219,71,4.56,,22.0,,,,23,2,622,80,560,21,2773,640,23,3395,2,76.0
1829,,Ezekiel Elliott,Ezekiel,Elliott,RB,RB,O,Ohio State,2016,4.0,1.0,1.0,3.0,DAL,,,,225,72,4.47,32.5,,118.0,,,35,1,449,58,592,43,3961,650,44,4410,3,94.0
2621,4242179.0,Jonathan Williams,Jonathan,Williams,RB,RB,O,Arkansas,2016,156.0,12.0,12.0,63.0,BUF,Punta Gorda,FL        ,USA,220,71,4.56,,16.0,,,,36,6,345,26,406,16,2321,432,22,2666,4,67.0
2636,,Jordan Howard,Jordan,Howard,RB,RB,O,Indiana,2016,150.0,10.0,10.0,59.0,CHI,,,,230,72,4.57,34.0,16.0,122.0,,,32,3,261,24,647,24,3681,671,27,3942,3,85.0
2694,,Josh Ferguson,Josh,Ferguson,RB,RB,O,Illinois,2016,300.0,19.0,22.0,117.0,,,,,198,69,4.48,34.5,21.0,120.0,,,47,8,1507,168,505,18,2586,673,26,4093,5,65.0
2892,,Keith Marshall,Keith,Marshall,RB,RB,O,Georgia,2016,242.0,16.0,18.0,87.0,WAS,,,,219,71,4.31,30.5,25.0,,,,33,3,225,24,253,12,1379,277,15,1604,4,71.0
2922,,Kelvin Taylor,Kelvin,Taylor,RB,RB,O,Florida,2016,211.0,14.0,16.0,80.0,SFO,,,,207,70,4.6,32.0,15.0,113.0,,,35,0,179,24,486,23,2108,510,23,2287,3,67.0
2951,,Kenneth Dixon,Kenneth,Dixon,RB,RB,O,Louisiana Tech,2016,134.0,6.0,6.0,50.0,BAL,,,,215,70,4.56,37.5,18.0,121.0,6.97,4.28,47,15,969,87,802,72,4483,889,87,5452,4,76.0
2980,,Kenyan Drake,Kenyan,Drake,RB,RB,O,Alabama,2016,73.0,3.0,3.0,24.0,MIA,,,,210,73,4.45,34.5,10.0,123.0,7.04,4.21,41,4,570,46,233,18,1495,279,22,2065,4,82.0
3870,,Paul Perkins,Paul,Perkins,RB,RB,O,UCLA,2016,149.0,9.0,9.0,58.0,NYG,,,,208,70,4.54,32.0,19.0,124.0,,,39,3,739,80,621,29,3488,701,32,4227,3,77.0
3891,,Peyton Barber,Peyton,Barber,RB,RB,O,Auburn,2016,300.0,20.0,23.0,124.0,,,,,228,70,4.64,32.5,20.0,111.0,7.0,4.21,18,0,112,11,248,13,1071,259,13,1183,2,77.0
4359,,Shadrach Thornton,Shadrach,Thornton,RB,RB,O,NC State,2016,300.0,21.0,25.0,129.0,,,,,217,72,4.75,31.0,12.0,116.0,6.85,4.21,36,2,504,61,513,19,2572,574,21,3076,4,
4746,,Tra Carson,Tra,Carson,RB,RB,O,Texas A&M,2016,300.0,22.0,27.0,133.0,,,,,227,71,4.63,,19.0,,,,46,1,305,42,473,20,2329,515,21,2634,4,62.0
4788,,Tre Madden,Tre,Madden,RB,RB,O,USC,2016,300.0,23.0,28.0,134.0,,,,,223,72,4.53,,24.0,,,,32,5,334,32,223,8,1155,255,13,1489,3,70.0
4858,,Tyler Ervin,Tyler,Ervin,RB,RB,O,San Jose State,2016,119.0,5.0,5.0,44.0,HOU,,,,192,70,4.41,39.0,17.0,130.0,,,47,4,783,87,528,19,2803,615,23,3586,5,67.0
4962,,Wendell Smallwood,Wendell,Smallwood,RB,RB,O,West Virginia,2016,153.0,11.0,11.0,61.0,PHI,,,,208,70,4.47,33.5,14.0,120.0,6.83,4.28,38,0,618,68,425,12,2462,493,12,3080,3,72.0
170,,Ameer Abdullah,Ameer,Abdullah,RB,RB,O,Nebraska,2015,54.0,4.0,4.0,20.0,DET,,,,205,69,4.6,42.5,24.0,130.0,6.79,3.95,53,7,690,73,813,39,4588,886,46,5278,4,82.0
355,,B.J. Catalon,B.J.,Catalon,RB,RB,O,TCU,2015,300.0,19.0,22.0,87.0,,,,,186,67,4.57,36.0,,114.0,6.9,4.15,32,2,393,48,328,16,1644,376,18,2037,3,
570,,Braylon Heard,Braylon,Heard,RB,RB,O,Kentucky,2015,300.0,20.0,23.0,91.0,,,,,198,70,4.63,30.5,19.0,116.0,7.19,4.4,30,0,127,25,149,8,828,174,8,955,3,
698,,Cameron Artis-Payne,Cameron,Artis-Payne,RB,RB,O,Auburn,2015,174.0,14.0,16.0,64.0,CAR,,,,212,70,4.53,36.5,,118.0,7.13,,26,0,151,14,394,19,2218,408,19,2369,2,70.0
1327,,David Cobb,David,Cobb,RB,RB,O,Minnesota,2015,138.0,11.0,12.0,54.0,TEN,,,,229,71,4.81,38.5,17.0,121.0,,,35,0,339,34,563,20,2896,597,20,3235,4,71.0
1339,,David Johnson,David,Johnson,RB,RB,O,Northern Iowa,2015,241.0,18.0,21.0,80.0,PIT,,,,260,73,4.73,32.5,21.0,113.0,7.28,4.43,0,0,0,0,0,0,0,0,0,0,0,94.0
1438,,Dee Hart,Dee,Hart,RB,RB,O,Colorado State,2015,300.0,21.0,24.0,103.0,,,,,199,67,4.8,33.0,,113.0,7.2,4.38,27,2,207,20,237,17,1441,257,19,1648,3,
1606,,Dominique Brown,Dominique,Brown,RB,RB,O,Louisville,2015,300.0,22.0,25.0,106.0,,,,,234,74,4.63,,17.0,,,,43,2,443,50,419,16,1795,469,18,2238,4,66.0
1685,,Duke Johnson,Duke,Johnson,RB,RB,O,Miami,2015,77.0,6.0,6.0,33.0,CLE,,,,207,69,4.54,33.5,,121.0,,,33,4,719,69,526,26,3519,595,30,4238,3,83.0
2123,,Jahwan Edwards,Jahwan,Edwards,RB,RB,O,Ball State,2015,300.0,23.0,26.0,112.0,,,,,220,69,4.8,35.5,16.0,117.0,7.63,4.5,48,0,361,57,884,51,4558,941,51,4919,4,66.0
2333,,Javorius Allen,Javorius,Allen,RB,RB,O,USC,2015,125.0,9.0,10.0,51.0,BAL,,,,221,72,4.53,35.5,11.0,121.0,6.96,4.28,29,2,710,63,417,25,2306,480,27,3016,3,74.0
2337,,Jay Ajayi,Jay,Ajayi,RB,RB,O,Boise State,2015,149.0,12.0,13.0,58.0,MIA,,,,221,72,4.57,39.0,19.0,121.0,7.1,4.1,38,5,771,73,678,50,3796,751,55,4567,3,87.0
2408,,Jeremy Langford,Jeremy,Langford,RB,RB,O,Michigan State,2015,106.0,8.0,8.0,43.0,CHI,,,,208,72,4.42,34.5,,118.0,7.22,4.32,49,1,219,39,577,40,2967,616,41,3186,4,76.0
2727,,Josh Robinson,Josh,Robinson,RB,RB,O,Mississippi State,2015,205.0,15.0,17.0,73.0,IND,,,,217,68,4.7,32.0,21.0,113.0,,,38,1,493,43,323,15,1997,366,16,2490,3,67.0
2854,,Karlos Williams,Karlos,Williams,RB,RB,O,Florida State,2015,155.0,13.0,14.0,59.0,BUF,,,,230,73,4.48,33.5,16.0,117.0,7.16,4.46,51,1,328,37,241,22,1419,278,23,1747,4,69.0
2960,,Kenny Hilliard,Kenny,Hilliard,RB,RB,O,LSU,2015,235.0,17.0,20.0,77.0,HOU,,,,226,72,4.83,27.0,,111.0,7.17,4.4,48,1,69,11,302,27,1557,313,28,1626,4,62.0
3291,,Malcolm Brown,Malcolm,Brown,RB,RB,O,Texas,2015,300.0,24.0,27.0,117.0,,,,,224,71,4.62,34.5,19.0,117.0,6.86,4.15,44,3,382,51,630,24,2678,681,27,3060,4,72.0
3359,,Marcus Murphy,Marcus,Murphy,RB,RB,O,Missouri,2015,230.0,16.0,18.0,75.0,NOR,,,,198,69,4.61,29.0,11.0,109.0,,4.4,52,2,318,50,337,16,1957,387,18,2275,4,70.0
3485,,Matt Jones,Matt,Jones,RB,RB,O,Florida,2015,95.0,7.0,7.0,40.0,WAS,,,,231,74,4.61,31.5,20.0,112.0,,4.2,28,1,100,19,297,11,1431,316,12,1531,3,77.0
3542,,Melvin Gordon,Melvin,Gordon,RB,RB,O,Wisconsin,2015,15.0,2.0,2.0,10.0,SDG,,,,215,73,4.52,35.0,19.0,126.0,7.04,4.07,45,4,228,22,631,45,4915,653,49,5143,4,87.0
3563,,Michael Dyer,Michael,Dyer,RB,RB,O,Louisville,2015,300.0,25.0,28.0,118.0,,,,,218,68,4.58,34.0,26.0,120.0,,,41,0,64,8,578,22,3039,586,22,3103,4,65.0
3604,,Mike Davis,Mike,Davis,RB,RB,O,South Carolina,2015,126.0,10.0,11.0,52.0,SFO,,,,217,69,4.61,34.0,17.0,116.0,7.0,4.18,25,2,755,70,454,22,2440,524,24,3195,3,77.0
4539,,T.J. Yeldon,T.J.,Yeldon,RB,RB,O,Alabama,2015,36.0,3.0,3.0,16.0,JAX,,,,226,73,4.61,36.0,22.0,117.0,7.19,4.22,39,2,494,46,576,37,3322,622,39,3816,3,80.0
4627,,Terrence Magee,Terrence,Magee,RB,RB,O,LSU,2015,300.0,26.0,29.0,124.0,,,,,213,68,4.62,37.0,22.0,115.0,7.52,4.37,40,0,227,24,226,12,1330,250,12,1557,4,69.0
4642,,Tevin Coleman,Tevin,Coleman,RB,RB,O,Indiana,2015,73.0,5.0,5.0,30.0,ATL,,,,206,71,4.4,,22.0,,,,33,0,383,54,452,28,3219,506,28,3602,3,86.0
4659,,Thomas Rawls,Thomas,Rawls,RB,RB,O,Central Michigan,2015,300.0,27.0,30.0,125.0,,,,,215,69,4.65,35.5,15.0,116.0,,,28,0,99,11,283,15,1436,294,15,1535,4,83.0
4695,,Todd Gurley,Todd,Gurley,RB,RB,O,Georgia,2015,10.0,1.0,1.0,7.0,STL,,,,222,73,4.52,,17.0,,,,30,6,615,65,510,36,3285,575,42,3900,3,80.0
4824,4035222.0,Trey Williams,Trey,Williams,RB,RB,O,Texas A&M,2015,300.0,28.0,31.0,127.0,,Houston,TX        ,USA,195,67,4.49,33.5,18.0,119.0,6.84,4.12,36,1,330,38,204,18,1343,242,19,1673,3,67.0
53,,Adam Muema,Adam,Muema,RB,RB,O,San Diego State,2014,300.0,15.0,16.0,86.0,,,,,202,70,4.56,,,,,,32,2,248,29,535,34,2955,564,36,3203,3,
138,,Alfred Blue,Alfred,Blue,RB,RB,O,LSU,2014,181.0,10.0,10.0,69.0,HOU,,,,223,74,4.63,32.0,13.0,121.0,7.15,4.5,41,0,105,16,209,11,1253,225,11,1358,4,76.0
195,,Andre Williams,Andre,Williams,RB,RB,O,Boston College,2014,113.0,6.0,6.0,52.0,NYG,,,,230,71,4.56,38.0,,129.0,7.27,4.06,44,0,60,10,704,28,3739,714,28,3799,4,73.0
278,,Antonio Andrews,Antonio,Andrews,RB,RB,O,Western Kentucky,2014,300.0,16.0,17.0,90.0,,,,,225,70,4.82,29.5,20.0,106.0,7.24,4.49,42,3,963,85,618,29,3674,703,32,4637,4,76.0
433,,Bishop Sankey,Bishop,Sankey,RB,RB,O,Washington,2014,54.0,1.0,1.0,23.0,TEN,,,,209,69,4.49,35.5,26.0,126.0,6.75,4.0,38,1,567,67,644,37,3496,711,38,4063,3,75.0
726,,Carlos Hyde,Carlos,Hyde,RB,RB,O,Ohio State,2014,57.0,3.0,3.0,26.0,SFO,,,,230,72,4.62,34.5,19.0,114.0,,,41,4,271,34,523,37,3198,557,41,3469,4,83.0
1184,,Damien Williams,Damien,Williams,RB,RB,O,Oklahoma,2014,300.0,17.0,18.0,105.0,,,,,222,71,4.45,35.5,16.0,121.0,7.37,4.25,22,1,410,43,290,18,1499,333,19,1909,2,80.0
1331,,David Fluellen,David,Fluellen,RB,RB,O,Toledo,2014,300.0,18.0,19.0,106.0,,,,,224,71,4.72,36.5,,120.0,6.9,,43,2,662,80,561,28,3336,641,30,3998,4,64.0
1385,,De'Anthony Thomas,De'Anthony,Thomas,RB,RB,O,Nebraska,2014,124.0,8.0,8.0,58.0,KAN,,,,174,69,4.39,32.0,8.0,124.0,,,37,15,1296,113,243,26,1890,356,41,3186,3,
1574,,Devonta Freeman,Devonta,Freeman,RB,RB,O,Florida State,2014,103.0,5.0,5.0,47.0,ATL,,,,206,68,4.58,31.5,,118.0,7.11,4.26,40,1,475,47,404,30,2255,451,31,2730,3,91.0
2009,,Henry Josey,Henry,Josey,RB,RB,O,Missouri,2014,300.0,19.0,20.0,108.0,,,,,194,68,4.43,34.5,20.0,118.0,7.07,4.13,37,1,175,24,395,30,2771,419,31,2946,3,
2050,,Isaiah Crowell,Isaiah,Crowell,RB,RB,O,Alabama State,2014,300.0,20.0,21.0,110.0,,,,,224,71,4.57,38.0,23.0,117.0,,,12,1,59,8,185,5,850,193,6,909,1,82.0
2226,,James White,James,White,RB,RB,O,Wisconsin,2014,130.0,9.0,9.0,59.0,NWE,,,,204,69,4.57,32.0,23.0,114.0,7.05,4.2,52,3,670,73,643,45,4015,716,48,4685,4,86.0
2227,,"James Wilder, Jr.",James,"Wilder,",RB,RB,O,Florida State,2014,300.0,21.0,23.0,115.0,,,,,232,75,4.65,35.0,18.0,121.0,6.92,4.24,39,2,182,24,226,20,1363,250,22,1545,3,
2405,,Jeremy Hill,Jeremy,Hill,RB,RB,O,LSU,2014,55.0,2.0,2.0,24.0,CIN,,,,233,73,4.56,29.0,20.0,113.0,,,24,0,254,26,345,28,2156,371,28,2410,2,86.0
2438,,Jerome Smith,Jerome,Smith,RB,RB,O,Syracuse,2014,300.0,22.0,24.0,116.0,,,,,220,71,4.84,36.0,14.0,118.0,7.53,4.6,38,1,161,17,464,16,2219,481,17,2380,3,67.0
2818,,Ka'Deem Carey,Ka'Deem,Carey,RB,RB,O,NC State,2014,117.0,7.0,7.0,54.0,CHI,,,,207,69,4.69,32.5,19.0,115.0,7.08,4.38,36,4,679,77,743,48,4239,820,52,4918,3,74.0
2841,,Kapri Bibbs,Kapri,Bibbs,RB,RB,O,Colorado State,2014,300.0,23.0,25.0,122.0,,,,,212,69,4.67,29.0,24.0,106.0,,,14,0,59,8,281,31,1741,289,31,1800,1,68.0
3128,,Lache Seastrunk,Lache,Seastrunk,RB,RB,O,Baylor,2014,186.0,11.0,11.0,72.0,WAS,,,,201,69,4.51,41.5,15.0,134.0,,,24,1,107,9,289,18,2189,298,19,2296,2,66.0
3120,,LaDarius Perkins,LaDarius,Perkins,RB,RB,O,Mississippi State,2014,300.0,24.0,26.0,124.0,,,,,195,67,4.46,35.5,23.0,124.0,7.08,4.3,50,10,714,68,530,15,2554,598,25,3268,4,
3385,,Marion Grice,Marion,Grice,RB,RB,O,Arizona State,2014,201.0,12.0,12.0,74.0,SDG,,,,208,72,4.67,,,,,,24,14,863,91,294,25,1675,385,39,2538,2,70.0
4416,,Silas Redd,Silas,Redd,RB,RB,O,USC,2014,300.0,25.0,29.0,133.0,,,,,212,70,4.7,37.0,18.0,122.0,,,43,2,225,32,569,19,2959,601,21,3184,4,71.0
4509,,Storm Johnson,Storm,Johnson,RB,RB,O,UCF,2014,222.0,14.0,14.0,79.0,JAX,,,,209,72,4.6,35.5,16.0,118.0,,,36,3,289,41,335,19,1765,376,22,2054,3,70.0
4667,,Tim Cornett,Tim,Cornett,RB,RB,O,UNLV,2014,300.0,26.0,30.0,136.0,,,,,209,72,4.48,34.5,,125.0,7.01,4.26,50,2,424,67,769,35,3733,836,37,4157,4,
4789,,Tre Mason,Tre,Mason,RB,RB,O,Auburn,2014,75.0,4.0,4.0,33.0,STL,,,,207,68,4.5,38.5,,126.0,,4.15,38,1,249,19,516,32,2979,535,33,3228,3,79.0
4859,,Tyler Gaffney,Tyler,Gaffney,RB,RB,O,Stanford,2014,204.0,13.0,13.0,75.0,CAR,,,,220,71,4.49,36.5,,116.0,6.78,4.18,49,4,264,32,486,33,2500,518,37,2764,4,69.0
182,,Andre Ellington,Andre,Ellington,RB,RB,O,Clemson,2013,187.0,15.0,15.0,60.0,ARI,,,,199,69,4.61,34.0,,122.0,,,49,2,505,59,621,33,3436,680,35,3941,4,78.0
665,,C.J. Anderson,C.J.,Anderson,RB,RB,O,California,2013,300.0,22.0,24.0,83.0,,,,,224,68,4.6,32.0,17.0,119.0,7.15,4.12,25,2,350,22,198,12,1135,220,14,1485,2,85.0
925,,Chris Thompson,Chris,Thompson,RB,RB,O,Florida State,2013,154.0,11.0,11.0,51.0,WAS,,,,192,67,4.42,,21.0,,,,39,1,430,45,277,14,1735,322,15,2165,4,84.0
949,,Christine Michael,Christine,Michael,RB,RB,O,Texas A&M,2013,62.0,5.0,5.0,21.0,SEA,,,,220,70,4.54,43.0,27.0,125.0,6.69,4.02,40,1,323,44,529,34,2791,573,35,3114,4,76.0
957,,Cierre Wood,Cierre,Wood,RB,RB,O,Notre Dame,2013,300.0,23.0,25.0,86.0,,,,,213,71,4.56,37.5,16.0,124.0,,,37,2,384,52,450,16,2447,502,18,2831,3,
1125,,D.J. Harper,D.J.,Harper,RB,RB,O,Boise State,2013,300.0,24.0,26.0,91.0,,,,,211,69,4.52,33.5,23.0,120.0,7.07,4.35,54,2,396,54,547,39,2779,601,41,3175,6,
1738,,Eddie Lacy,Eddie,Lacy,RB,RB,O,Alabama,2013,61.0,4.0,4.0,20.0,GNB,,,,231,71,4.55,,,,,,38,2,338,35,355,30,2402,390,32,2740,3,90.0
1906,,George Winn,George,Winn,RB,RB,O,Cincinnati,2013,300.0,25.0,27.0,96.0,,,,,218,70,4.75,34.5,22.0,119.0,,,37,0,159,19,321,15,1710,340,15,1869,4,69.0
1934,,Giovani Bernard,Giovani,Bernard,RB,RB,O,North Carolina,2013,37.0,1.0,1.0,12.0,CIN,,,,202,68,4.53,33.5,19.0,122.0,6.91,4.12,23,6,852,92,423,25,2481,515,31,3333,2,86.0
2335,,Jawan Jamison,Jawan,Jamison,RB,RB,O,Rutgers,2013,228.0,20.0,22.0,72.0,WAS,,,,203,67,4.68,29.0,20.0,110.0,,,25,2,385,36,486,13,1972,522,15,2357,2,
2565,,Johnathan Franklin,Johnathan,Franklin,RB,RB,O,UCLA,2013,125.0,7.0,7.0,42.0,GNB,,,,205,70,4.49,31.5,18.0,115.0,6.89,4.31,53,3,517,58,788,31,4403,846,34,4920,4,
2674,,Joseph Randle,Joseph,Randle,RB,RB,O,Oklahoma State,2013,151.0,10.0,10.0,50.0,DAL,,,,204,72,4.63,35.0,,123.0,,,39,3,917,108,564,40,3085,672,43,4002,3,75.0
2949,,Kenjon Barner,Kenjon,Barner,RB,RB,O,Oregon,2013,182.0,14.0,14.0,58.0,CAR,,,,196,69,4.52,35.5,20.0,122.0,6.87,4.2,49,7,591,54,582,41,3623,636,48,4214,4,76.0
2989,,Kerwynn Williams,Kerwynn,Williams,RB,RB,O,Utah State,2013,230.0,21.0,23.0,73.0,IND,,,,195,68,4.48,35.0,17.0,118.0,7.15,4.15,49,5,870,64,382,22,2515,446,27,3385,4,79.0
3063,,Knile Davis,Knile,Davis,RB,RB,O,Arkansas,2013,96.0,6.0,6.0,32.0,KAN,,,,227,71,4.37,33.5,31.0,121.0,6.96,4.38,36,2,297,32,349,19,1862,381,21,2159,3,80.0
3183,,Le'Veon Bell,Le'Veon,Bell,RB,RB,O,Michigan State,2013,48.0,2.0,2.0,16.0,PIT,,,,230,73,4.6,31.5,24.0,118.0,6.75,4.24,40,1,531,78,671,33,3346,749,34,3877,3,97.0
3349,,Marcus Lattimore,Marcus,Lattimore,RB,RB,O,South Carolina,2013,131.0,8.0,8.0,44.0,SFO,,,,221,71,4.65,,,,,,29,3,767,74,555,38,2677,629,41,3444,3,
3515,,Matthew Tucker,Matthew,Tucker,RB,RB,O,TCU,2013,300.0,26.0,29.0,114.0,,,,,221,72,4.55,35.5,17.0,118.0,,,51,1,262,29,494,33,2602,523,34,2864,4,66.0
3566,,Michael Ford,Michael,Ford,RB,RB,O,LSU,2013,300.0,27.0,30.0,115.0,,,,,210,69,4.5,38.5,25.0,130.0,6.87,4.25,37,1,69,8,243,13,1392,251,14,1461,3,
3613,,Mike Gillislee,Mike,Gillislee,RB,RB,O,Florida,2013,164.0,13.0,13.0,54.0,MIA,,,,208,71,4.55,30.5,15.0,119.0,7.12,4.4,49,2,182,23,389,20,2072,412,22,2254,4,77.0
3626,,Mike James,Mike,James,RB,RB,O,Miami,2013,189.0,16.0,16.0,61.0,TAM,,,,223,70,4.53,35.0,28.0,115.0,,4.62,50,5,585,67,304,17,1340,371,22,1925,4,72.0
3678,,Montee Ball,Montee,Ball,RB,RB,O,Wisconsin,2013,58.0,3.0,3.0,18.0,DEN,,,,214,70,4.66,32.0,15.0,118.0,6.88,4.4,49,6,598,59,924,77,5140,983,83,5738,4,76.0
3679,,Montel Harris,Montel,Harris,RB,RB,O,Temple,2013,300.0,28.0,31.0,116.0,,,,,208,68,4.68,32.5,19.0,113.0,6.95,4.18,50,3,467,59,973,39,4789,1032,42,5256,5,
3818,,Onterio McCalebb,Onterio,McCalebb,RB,RB,O,Auburn,2013,300.0,29.0,32.0,117.0,,,,,168,70,4.34,34.0,,121.0,,,50,3,620,63,406,24,2586,469,27,3206,4,
4018,,Ray Graham,Ray,Graham,RB,RB,O,Pittsburgh,2013,300.0,30.0,33.0,120.0,,,,,199,69,4.8,32.5,18.0,112.0,7.17,4.21,46,4,799,98,595,32,3271,693,36,4070,4,
4055,,Rex Burkhead,Rex,Burkhead,RB,RB,O,Nebraska,2013,190.0,17.0,17.0,62.0,CIN,,,,214,70,4.73,39.0,21.0,125.0,6.85,4.09,44,5,507,60,635,30,3329,695,35,3836,4,78.0
4103,,Robbie Rouse,Robbie,Rouse,RB,RB,O,Fresno State,2013,300.0,31.0,34.0,122.0,,,,,190,66,4.8,34.0,15.0,114.0,6.97,4.25,50,5,794,110,898,37,4647,1008,42,5441,4,
4443,,Spencer Ware,Spencer,Ware,RB,RB,O,LSU,2013,194.0,18.0,18.0,63.0,SEA,,,,228,70,4.62,,,,,,36,2,404,39,295,10,1249,334,12,1653,3,82.0
4464,,Stefphon Jefferson,Stefphon,Jefferson,RB,RB,O,Nevada,2013,300.0,32.0,35.0,125.0,,,,,213,70,4.68,31.0,15.0,117.0,6.97,4.44,33,1,218,29,448,30,2338,477,31,2556,3,
4465,,Stepfan Taylor,Stepfan,Taylor,RB,RB,O,Stanford,2013,140.0,9.0,9.0,47.0,ARI,,,,214,69,4.76,30.0,17.0,110.0,7.13,4.5,53,5,778,97,843,40,4300,940,45,5078,4,73.0
4650,,Theo Riddick,Theo,Riddick,RB,RB,O,Notre Dame,2013,199.0,19.0,19.0,65.0,DET,,,,201,70,4.68,32.0,,118.0,,,45,8,1263,120,244,5,1169,364,13,2432,4,84.0
5038,,Zac Stacy,Zac,Stacy,RB,RB,O,Vanderbilt,2013,160.0,12.0,12.0,52.0,STL,,,,216,68,4.55,33.0,27.0,122.0,6.7,4.17,45,0,415,46,581,30,3143,627,30,3558,4,76.0
140,,Alfred Morris,Alfred,Morris,RB,RB,O,Florida Atlantic,2012,173.0,12.0,14.0,64.0,WAS,,,,219,70,4.63,35.5,16.0,117.0,7.01,4.19,47,4,300,30,733,27,3529,763,31,3829,4,84.0
417,,Bernard Pierce,Bernard,Pierce,RB,RB,O,Temple,2012,84.0,7.0,7.0,30.0,BAL,,,,218,72,4.45,36.5,17.0,123.0,7.07,4.28,34,1,178,19,663,53,3570,682,54,3748,3,72.0
496,,Brandon Bolden,Brandon,Bolden,RB,RB,O,Ole Miss,2012,300.0,17.0,20.0,89.0,,,,,222,71,4.55,38.0,21.0,119.0,6.96,4.44,48,6,807,76,486,27,2594,562,33,3401,4,73.0
914,,Chris Polk,Chris,Polk,RB,RB,O,Washington,2012,300.0,18.0,21.0,92.0,,,,,215,70,4.52,31.5,,111.0,7.13,4.21,40,4,683,79,799,26,4049,878,30,4732,4,74.0
915,,Chris Rainey,Chris,Rainey,RB,RB,O,Florida,2012,159.0,10.0,12.0,59.0,PIT,,,,180,68,4.36,36.5,16.0,120.0,6.5,3.93,53,6,795,69,396,13,2464,465,19,3259,5,
1107,,Cyrus Gray,Cyrus,Gray,RB,RB,O,Texas A&M,2012,182.0,13.0,15.0,67.0,KAN,,,,206,70,4.4,32.5,21.0,114.0,7.17,,49,6,776,103,632,30,3298,735,36,4074,4,66.0
1196,,Dan Herron,Dan,Herron,RB,RB,O,Ohio State,2012,191.0,14.0,16.0,71.0,CIN,,,,213,70,4.57,35.0,22.0,117.0,6.97,4.04,41,1,309,44,592,32,2869,636,33,3178,4,
1279,,Darrell Scott,Darrell,Scott,RB,RB,O,South Florida,2012,300.0,19.0,22.0,95.0,,,,,231,72,4.68,31.5,,,,,27,1,309,28,263,6,1252,291,7,1561,3,
1370,,David Wilson,David,Wilson,RB,RB,O,Virginia Tech,2012,32.0,3.0,3.0,12.0,NYG,,,,206,70,4.38,41.0,,132.0,7.09,4.12,40,5,363,37,462,18,2662,499,23,3025,3,
1373,,Davin Meggett,Davin,Meggett,RB,RB,O,Maryland,2012,300.0,20.0,23.0,97.0,,,,,211,68,4.5,35.0,23.0,118.0,7.14,4.32,50,2,454,46,485,18,2411,531,20,2865,4,
1656,,Doug Martin,Doug,Martin,RB,RB,O,Boise State,2012,31.0,2.0,2.0,11.0,TAM,,,,223,69,4.46,36.0,28.0,120.0,6.79,4.16,51,4,715,67,617,43,3431,684,47,4146,5,90.0
1745,,Edwin Baker,Edwin,Baker,RB,RB,O,Michigan State,2012,250.0,16.0,19.0,82.0,SDG,,,,204,68,4.44,35.0,20.0,111.0,7.27,4.31,35,1,125,15,462,19,2293,477,20,2418,3,67.0
1842,,Fozzy Whittaker,Fozzy,Whittaker,RB,RB,O,Maryland,2012,300.0,21.0,24.0,103.0,,,,,193,69,4.49,,20.0,,,,9,1,145,16,66,6,386,82,7,531,1,70.0
2056,,Isaiah Pead,Isaiah,Pead,RB,RB,O,Cincinnati,2012,50.0,4.0,4.0,18.0,STL,,,,197,70,4.39,33.0,,116.0,6.95,4.32,44,6,721,87,545,27,3288,632,33,4009,4,67.0
2465,4250573.0,Jewel Hampton,Jewel,Hampton,RB,RB,O,Southern Illinois,2012,300.0,22.0,25.0,112.0,,Sanford,FL        ,USA,218,69,4.56,,26.0,,,,15,1,6,3,118,8,577,121,9,583,2,
2590,,Jonas Gray,Jonas,Gray,RB,RB,O,Notre Dame,2012,300.0,23.0,26.0,114.0,,,,,223,70,4.58,,20.0,,,,34,0,105,11,189,12,1100,200,12,1205,4,72.0
3136,,Lamar Miller,Lamar,Miller,RB,RB,O,Miami,2012,97.0,8.0,8.0,36.0,MIA,,,,212,71,4.34,33.0,,,,,23,1,181,28,335,15,1918,363,16,2099,2,88.0
3123,,LaMichael James,LaMichael,James,RB,RB,O,Oregon,2012,61.0,5.0,5.0,21.0,SFO,,,,194,68,4.35,35.0,15.0,123.0,6.88,4.12,37,4,586,51,771,53,5082,822,57,5668,3,66.0
3199,,Lennon Creer,Lennon,Creer,RB,RB,O,Louisiana Tech,2012,300.0,24.0,27.0,124.0,,,,,219,71,4.67,33.5,21.0,110.0,7.26,4.4,46,1,297,48,519,24,2621,567,25,2918,4,
3317,,Marc Tyler,Marc,Tyler,RB,RB,O,USC,2012,300.0,25.0,28.0,126.0,,,,,219,71,4.7,30.5,19.0,110.0,,,32,2,245,29,334,15,1751,363,17,1996,4,
3596,,Mike Ball,Mike,Ball,RB,RB,O,Nevada,2012,300.0,26.0,29.0,130.0,,,,,206,68,4.54,36.0,21.0,112.0,7.1,4.23,32,4,116,23,196,12,1183,219,16,1299,3,
4130,,Robert Turbin,Robert,Turbin,RB,RB,O,Utah State,2012,106.0,9.0,9.0,41.0,SEA,,,,222,70,4.42,36.0,28.0,122.0,7.16,4.31,38,11,845,67,565,40,3315,632,51,4160,4,78.0
4181,,Ronnie Hillman,Ronnie,Hillman,RB,RB,O,San Diego State,2012,67.0,6.0,6.0,24.0,DEN,,,,200,69,4.42,37.0,17.0,,,,26,2,338,33,573,36,3243,606,38,3581,2,76.0
4570,,Tauren Poole,Tauren,Poole,RB,RB,O,Tennessee,2012,300.0,27.0,30.0,138.0,,,,,205,70,4.48,34.0,24.0,118.0,7.36,4.19,50,1,343,45,423,16,1898,468,17,2241,4,
4606,,Terrance Ganaway,Terrance,Ganaway,RB,RB,O,Baylor,2012,202.0,15.0,17.0,75.0,NYJ,,,,239,71,4.61,37.5,,119.0,7.15,4.25,51,1,133,12,473,34,2592,485,35,2725,4,
4795,,Trent Richardson,Trent,Richardson,RB,RB,O,Alabama,2012,3.0,1.0,1.0,3.0,CLE,,,,228,69,4.48,,,,,,38,7,730,68,540,35,3130,608,42,3860,3,75.0
4918,,Vick Ballard,Vick,Ballard,RB,RB,O,Mississippi State,2012,170.0,11.0,13.0,63.0,IND,,,,219,70,4.59,33.0,23.0,115.0,7.03,4.19,25,2,293,30,379,29,2157,409,31,2450,2,72.0
120,,Alex Green,Alex,Green,RB,RB,O,Hawaii,2011,96.0,8.0,8.0,36.0,GNB,,,,225,72,4.45,34.0,20.0,114.0,6.91,4.15,27,2,461,38,232,20,1652,270,22,2113,2,
146,,Allen Bradford,Allen,Bradford,RB,RB,O,USC,2011,187.0,19.0,22.0,72.0,TAM,,,,242,71,4.53,29.0,28.0,113.0,6.97,4.39,52,4,176,14,267,16,1585,281,20,1761,5,
224,,Anthony Allen,Anthony,Allen,RB,RB,O,Georgia Tech,2011,225.0,21.0,25.0,80.0,BAL,,,,228,73,4.56,41.5,24.0,120.0,6.79,4.06,52,5,401,33,546,33,3036,579,38,3437,4,
308,,Armando Allen,Armando,Allen,RB,RB,O,Notre Dame,2011,300.0,22.0,28.0,89.0,,,,,199,68,4.59,,23.0,,,,42,3,833,119,469,8,2144,588,11,2977,4,
421,,Bilal Powell,Bilal,Powell,RB,RB,O,Louisville,2011,126.0,12.0,13.0,47.0,NYJ,,,,207,70,4.51,,18.0,,,,42,3,344,45,436,19,2338,481,22,2682,4,81.0
546,,Brandon Saine,Brandon,Saine,RB,RB,O,Ohio State,2011,300.0,23.0,29.0,91.0,,,,,220,71,4.4,34.5,22.0,113.0,6.98,4.25,49,8,616,55,301,9,1408,356,17,2024,4,
1148,,Da'Rel Scott,Da'Rel,Scott,RB,RB,O,Maryland,2011,221.0,20.0,24.0,79.0,NYG,,,,211,71,4.4,34.0,19.0,117.0,7.15,4.2,41,4,509,48,430,17,2401,478,21,2910,4,
1181,,Damien Berry,Damien,Berry,RB,RB,O,Miami,2011,300.0,24.0,30.0,96.0,,,,,211,70,4.58,33.5,23.0,120.0,7.0,4.12,44,1,165,15,283,13,1515,298,14,1680,4,
1223,,Daniel Thomas,Daniel,Thomas,RB,RB,O,Kansas State,2011,62.0,5.0,5.0,24.0,MIA,,,,230,72,4.62,,21.0,,,,25,0,428,52,545,30,2850,597,30,3278,2,72.0
1284,,Darren Evans,Darren,Evans,RB,RB,O,Virginia Tech,2011,300.0,25.0,31.0,98.0,,,,,227,72,4.56,35.0,26.0,111.0,6.96,4.46,28,0,217,26,438,22,2119,464,22,2336,2,
1451,,Delone Carter,Delone,Carter,RB,RB,O,Syracuse,2011,119.0,11.0,11.0,43.0,IND,,,,222,69,4.54,37.0,27.0,120.0,6.92,4.07,42,1,208,28,646,24,3104,674,25,3312,4,
1410,,DeMarco Murray,DeMarco,Murray,RB,RB,O,Oklahoma,2011,71.0,6.0,6.0,28.0,DAL,,,,213,72,4.37,34.5,21.0,124.0,7.28,4.18,50,13,1571,157,759,50,3685,916,63,5256,4,94.0
1525,,Derrick Locke,Derrick,Locke,RB,RB,O,Kentucky,2011,300.0,26.0,32.0,103.0,,,,,188,68,4.37,37.5,16.0,118.0,6.98,4.15,40,3,883,95,518,22,2618,613,25,3501,4,
1597,,Dion Lewis,Dion,Lewis,RB,RB,O,Pittsburgh,2011,149.0,16.0,18.0,56.0,PHI,,,,193,67,4.56,34.5,17.0,112.0,6.9,4.18,25,1,405,52,544,30,2860,596,31,3265,2,87.0
1824,,Evan Royster,Evan,Royster,RB,RB,O,Penn State,2011,177.0,17.0,20.0,67.0,WAS,,,,212,72,4.65,34.0,20.0,113.0,7.07,4.18,50,3,562,61,686,29,3932,747,32,4494,4,
1947,,Graig Cooper,Graig,Cooper,RB,RB,O,Miami,2011,300.0,27.0,33.0,104.0,,,,,205,70,4.6,,18.0,114.0,6.66,4.03,46,3,402,66,465,13,2383,531,16,2785,4,
2114,,Jacquizz Rodgers,Jacquizz,Rodgers,RB,RB,O,Oregon State,2011,145.0,15.0,17.0,54.0,ATL,,,,196,66,4.59,33.0,,113.0,7.31,4.26,36,5,1056,151,788,46,3877,939,51,4933,3,78.0
2235,,Jamie Harper,Jamie,Harper,RB,RB,O,Clemson,2011,130.0,13.0,14.0,48.0,TEN,,,,233,71,4.53,36.5,24.0,120.0,7.16,4.39,39,3,398,50,311,12,1311,361,15,1709,3,
2535,,John Clay,John,Clay,RB,RB,O,Wisconsin,2011,300.0,28.0,35.0,116.0,,,,,230,72,4.83,29.0,,111.0,,,37,0,72,11,629,41,3413,640,41,3485,3,
2577,,Johnny White,Johnny,White,RB,RB,O,North Carolina,2011,133.0,14.0,15.0,50.0,BUF,,,,209,70,4.5,32.5,,117.0,7.07,4.31,46,1,510,47,246,8,1262,293,9,1772,4,
2662,,Jordan Todman,Jordan,Todman,RB,RB,O,Connecticut,2011,183.0,18.0,21.0,71.0,SDG,,,,203,69,4.4,38.0,25.0,126.0,7.24,4.18,37,0,283,42,616,31,3179,658,31,3462,3,73.0
2934,,Kendall Hunter,Kendall,Hunter,RB,RB,O,Oklahoma State,2011,115.0,10.0,10.0,42.0,SFO,,,,199,67,4.46,35.0,24.0,122.0,6.74,4.21,46,2,519,63,708,37,4181,771,39,4700,4,74.0
3379,,Mario Fannin,Mario,Fannin,RB,RB,O,Auburn,2011,300.0,29.0,36.0,121.0,,,,,231,70,4.37,37.5,21.0,115.0,6.99,4.21,51,9,985,97,233,11,1366,330,20,2351,4,
3400,,Mark Ingram,Mark,Ingram,RB,RB,O,Alabama,2011,28.0,1.0,1.0,12.0,NOR,,,,215,69,4.62,31.5,21.0,118.0,7.13,4.62,39,4,670,60,572,42,3261,632,46,3931,3,84.0
3470,,Matt Asiata,Matt,Asiata,RB,RB,O,Utah,2011,300.0,30.0,37.0,124.0,,,,,229,71,4.77,30.0,22.0,104.0,7.09,4.37,31,2,394,54,379,24,1748,433,26,2142,4,75.0
3659,,Mikel Leshoure,Mikel,Leshoure,RB,RB,O,Illinois,2011,57.0,4.0,4.0,21.0,DET,,,,227,72,4.56,38.0,21.0,122.0,6.82,4.4,33,5,439,37,424,23,2557,461,28,2996,3,
3791,,Noel Devine,Noel,Devine,RB,RB,O,West Virginia,2011,300.0,31.0,38.0,126.0,,,,,179,67,4.43,,24.0,,,,51,2,710,98,728,29,4315,826,31,5025,4,
4191,,Roy Helu,Roy,Helu,RB,RB,O,Nebraska,2011,105.0,9.0,9.0,40.0,WAS,,,,219,71,4.4,36.5,11.0,119.0,6.67,4.01,0,0,0,0,0,0,0,0,0,0,0,
4259,,Ryan Williams,Ryan,Williams,RB,RB,O,Virginia Tech,2011,38.0,2.0,2.0,15.0,ARI,,,,212,69,4.59,40.0,19.0,123.0,6.96,4.18,23,2,289,26,403,30,2132,429,32,2421,2,73.0
4365,,Shane Vereen,Shane,Vereen,RB,RB,O,California,2011,56.0,3.0,3.0,20.0,NWE,,,,210,70,4.49,34.0,31.0,115.0,6.95,4.28,38,6,674,74,556,29,2834,630,35,3508,3,82.0
4378,,Shaun Draughn,Shaun,Draughn,RB,RB,O,North Carolina,2011,300.0,32.0,39.0,137.0,,,,,213,71,4.73,34.0,21.0,118.0,7.15,4.2,47,1,268,50,451,10,2070,501,11,2338,4,74.0
4485,,Stevan Ridley,Stevan,Ridley,RB,RB,O,LSU,2011,73.0,7.0,7.0,29.0,NWE,,,,225,71,4.65,36.0,18.0,118.0,6.78,4.21,39,0,94,17,306,19,1419,323,19,1513,3,76.0
4545,,Taiwan Jones,Taiwan,Jones,RB,RB,O,Eastern Washington,2011,300.0,33.0,40.0,138.0,,,,,194,72,4.33,,13.0,,,,0,0,0,0,0,0,0,0,0,0,0,74.0
4903,4361444.0,Vai Taua,Vai,Taua,RB,RB,O,Nevada,2011,300.0,34.0,41.0,142.0,,Lompoc,CA        ,USA,213,69,4.65,34.5,20.0,112.0,6.89,4.18,45,8,571,61,711,45,4588,772,53,5159,4,
180,,Andre Dixon,Andre,Dixon,RB,RB,O,Connecticut,2010,300.0,12.0,13.0,74.0,,,,,205,73,4.56,40.0,,117.0,6.99,4.19,38,2,400,37,415,17,1958,452,19,2358,4,
238,,Anthony Dixon,Anthony,Dixon,RB,RB,O,Mississippi State,2010,173.0,8.0,9.0,54.0,SFO,,,,233,73,4.67,33.0,15.0,121.0,7.09,4.49,48,4,449,56,910,42,3994,966,46,4443,4,
403,,Ben Tate,Ben,Tate,RB,RB,O,Auburn,2010,58.0,5.0,5.0,19.0,HOU,,,,220,71,4.34,40.5,26.0,124.0,6.91,4.12,47,0,336,53,678,24,3321,731,24,3657,4,
541,,Brandon Minor,Brandon,Minor,RB,RB,O,Michigan,2010,300.0,13.0,14.0,78.0,,,,,214,72,4.59,,,,,,43,2,70,10,331,20,1658,341,22,1728,4,
675,,C.J. Spiller,C.J.,Spiller,RB,RB,O,Clemson,2010,9.0,1.0,1.0,4.0,BUF,,,,196,71,4.37,,18.0,,,,52,11,1420,123,606,32,3547,729,43,4967,4,82.0
803,,Charles Scott,Charles,Scott,RB,RB,O,LSU,2010,200.0,11.0,12.0,65.0,PHI,,,,238,71,4.68,30.5,,111.0,6.98,4.47,43,3,260,31,424,32,2317,455,35,2577,4,
1253,,Darius Marshall,Darius,Marshall,RB,RB,O,Marshall,2010,300.0,15.0,16.0,89.0,,,,,190,69,4.59,35.5,14.0,109.0,,4.39,34,0,244,42,574,19,2857,616,19,3101,3,
2122,,Jahvid Best,Jahvid,Best,RB,RB,O,California,2010,30.0,3.0,3.0,12.0,DET,,,,199,70,4.34,32.5,18.0,113.0,6.75,4.17,31,6,533,62,364,29,2668,426,35,3201,3,
2221,,James Starks,James,Starks,RB,RB,O,Buffalo,2010,193.0,10.0,11.0,61.0,GNB,,,,218,74,4.5,36.0,15.0,119.0,6.89,4.23,36,3,898,127,698,34,3140,825,37,4038,3,79.0
2324,,Javarris James,Javarris,James,RB,RB,O,Miami,2010,300.0,16.0,17.0,95.0,,,,,212,72,4.58,36.0,21.0,115.0,,,46,1,503,55,505,18,2162,560,19,2665,4,
2505,,Joe McKnight,Joe,McKnight,RB,RB,O,USC,2010,112.0,7.0,7.0,38.0,NYJ,,,,198,71,4.4,36.5,18.0,120.0,,,36,2,542,66,347,13,2213,413,15,2755,3,
2602,,Jonathan Dwyer,Jonathan,Dwyer,RB,RB,O,Georgia Tech,2010,188.0,9.0,10.0,59.0,PIT,,,,229,71,4.64,33.0,15.0,107.0,7.56,4.67,40,1,263,15,517,35,3226,532,36,3489,3,
2882,559594.0,Keiland Williams,Keiland,Williams,RB,RB,O,LSU,2010,300.0,17.0,18.0,101.0,,Ewa Beach,HI        ,USA,233,71,4.52,,,,,,47,2,273,28,299,17,1699,327,19,1972,4,
2901,,Keith Toston,Keith,Toston,RB,RB,O,Oklahoma State,2010,300.0,18.0,19.0,102.0,,,,,213,72,4.66,32.0,22.0,110.0,,4.67,49,3,507,51,473,27,2725,524,30,3232,4,
3184,,LeGarrette Blount,LeGarrette,Blount,RB,RB,O,Oregon,2010,300.0,19.0,20.0,108.0,,,,,241,72,4.7,35.0,18.0,117.0,6.85,4.49,16,0,15,4,159,19,1084,163,19,1099,2,87.0
3251,,Lonyae Miller,Lonyae,Miller,RB,RB,O,Fresno State,2010,300.0,20.0,21.0,109.0,,,,,221,71,4.43,36.5,26.0,120.0,7.2,4.54,45,0,91,14,374,20,2062,388,20,2153,4,
3676,,Montario Hardesty,Montario,Hardesty,RB,RB,O,Tennessee,2010,59.0,6.0,6.0,20.0,CLE,,,,225,72,4.49,41.0,21.0,124.0,6.87,4.14,49,1,405,38,560,26,2391,598,27,2796,5,
4238,,Ryan Mathews,Ryan,Mathews,RB,RB,O,Fresno State,2010,12.0,2.0,2.0,6.0,SDG,,,,218,72,4.37,36.0,19.0,121.0,7.0,4.33,31,2,268,19,534,39,3280,553,41,3548,3,84.0
4396,,Shawnbrey McNeal,Shawnbrey,McNeal,RB,RB,O,SMU,2010,300.0,21.0,25.0,128.0,,,,,194,69,4.53,36.0,14.0,117.0,,,28,2,283,31,269,15,1340,300,17,1623,3,
4447,,Stafon Johnson,Stafon,Johnson,RB,RB,O,USC,2010,300.0,22.0,26.0,131.0,,,,,214,71,4.62,35.5,13.0,118.0,,,31,0,65,12,271,19,1552,283,19,1617,4,
4692,,Toby Gerhart,Toby,Gerhart,RB,RB,O,Stanford,2010,51.0,4.0,4.0,18.0,MIN,,,,231,72,4.5,38.0,22.0,118.0,6.94,4.25,38,0,395,39,671,44,3522,710,44,3917,4,73.0
176,,Andre Brown,Andre,Brown,RB,RB,O,NC State,2009,129.0,8.0,9.0,50.0,NYG,,,,224,72,4.37,37.0,24.0,115.0,7.35,4.33,44,2,631,70,523,22,2539,593,24,3170,4,
249,,Anthony Kimble,Anthony,Kimble,RB,RB,O,Stanford,2009,300.0,14.0,18.0,83.0,,,,,216,72,4.54,36.0,17.0,122.0,7.08,4.4,39,3,485,60,415,18,1940,475,21,2425,4,
305,,Arian Foster,Arian,Foster,RB,RB,O,Tennessee,2009,300.0,15.0,19.0,85.0,,,,,226,73,4.69,,23.0,,,,47,2,742,83,650,23,2964,733,25,3706,4,91.0
378,,Beanie Wells,Beanie,Wells,RB,RB,O,Ohio State,2009,31.0,3.0,3.0,18.0,ARI,,,,235,73,4.38,33.5,25.0,128.0,,,36,0,84,15,585,30,3382,600,30,3466,3,
491,,Branden Ore,Branden,Ore,RB,RB,O,West Liberty,2009,300.0,16.0,20.0,87.0,,,,,214,71,4.61,36.0,21.0,112.0,7.35,4.44,38,2,399,43,617,31,2776,660,33,3175,3,
757,,Cedric Peerman,Cedric,Peerman,RB,RB,O,Virginia,2009,185.0,11.0,14.0,63.0,BAL,,,,216,69,4.34,40.0,27.0,117.0,6.99,4.29,41,1,344,66,382,15,1749,448,16,2093,4,72.0
909,,Chris Ogbonnaya,Chris,Ogbonnaya,RB,RB,O,Texas,2009,211.0,13.0,16.0,68.0,STL,,,,220,72,4.57,35.0,19.0,111.0,6.85,4.29,47,3,792,75,140,8,597,215,11,1389,4,
1615,,Donald Brown,Donald,Brown,RB,RB,O,Connecticut,2009,27.0,2.0,2.0,14.0,IND,,,,210,70,4.46,41.5,,125.0,6.93,4.1,37,2,276,48,698,33,3800,746,35,4076,3,76.0
1885,,Gartrell Johnson,Gartrell,Johnson,RB,RB,O,Colorado State,2009,134.0,9.0,10.0,53.0,SDG,,,,219,70,4.67,34.0,20.0,114.0,,,30,2,396,45,472,18,2471,517,20,2867,4,
1935,,Glen Coffee,Glen,Coffee,RB,RB,O,Alabama,2009,74.0,6.0,6.0,29.0,SFO,,,,209,72,4.5,36.0,24.0,121.0,7.35,4.51,35,2,351,42,410,14,2107,452,16,2458,3,
2029,,Ian Johnson,Ian,Johnson,RB,RB,O,Boise State,2009,300.0,17.0,23.0,110.0,,,,,212,71,4.41,33.0,26.0,116.0,6.93,4.18,49,1,642,60,753,58,4183,813,59,4825,4,
2203,,James Davis,James,Davis,RB,RB,O,Clemson,2009,195.0,12.0,15.0,65.0,CLE,,,,218,71,4.45,32.0,17.0,109.0,7.15,4.37,50,2,441,51,753,47,3881,804,49,4322,4,
2329,,Javon Ringer,Javon,Ringer,RB,RB,O,Michigan State,2009,173.0,10.0,13.0,60.0,TEN,,,,205,69,4.5,34.0,23.0,115.0,6.87,4.11,45,1,719,96,843,34,4398,939,35,5117,4,
2393,,Jeremiah Johnson,Jeremiah,Johnson,RB,RB,O,Oregon,2009,300.0,18.0,25.0,114.0,,,,,209,69,4.57,35.0,20.0,115.0,,,40,1,303,36,349,30,2336,385,31,2639,4,
2824,,Kahlil Bell,Kahlil,Bell,RB,RB,O,UCLA,2009,300.0,19.0,26.0,118.0,,,,,212,71,4.74,34.5,15.0,114.0,6.87,4.2,37,1,196,29,395,17,1741,424,18,1937,4,
3064,,Knowshon Moreno,Knowshon,Moreno,RB,RB,O,Georgia,2009,12.0,1.0,1.0,8.0,DEN,,,,217,71,4.5,35.5,25.0,115.0,6.84,4.27,26,2,645,53,498,30,2734,551,32,3379,2,
3075,,Kory Sheets,Kory,Sheets,RB,RB,O,Purdue,2009,300.0,20.0,27.0,120.0,,,,,208,71,4.39,37.0,15.0,121.0,7.18,4.39,50,5,814,108,664,48,3341,772,53,4155,4,
3186,,LeSean McCoy,LeSean,McCoy,RB,RB,O,Pittsburgh,2009,53.0,4.0,4.0,25.0,PHI,,,,198,70,4.5,,,,,,25,1,549,65,584,35,2816,649,36,3365,2,92.0
3420,,Marlon Lucky,Marlon,Lucky,RB,RB,O,Nebraska,2009,300.0,21.0,28.0,122.0,,,,,216,71,4.5,33.5,18.0,114.0,7.1,,50,4,1379,135,515,22,2393,650,26,3772,4,
3615,,Mike Goodson,Mike,Goodson,RB,RB,O,Texas A&M,2009,111.0,7.0,7.0,44.0,CAR,,,,208,72,4.43,39.5,14.0,118.0,6.89,4.22,36,7,860,90,374,13,1964,464,20,2824,3,
3839,,P.J. Hill,P.J.,Hill,RB,RB,O,Wisconsin,2009,300.0,22.0,29.0,126.0,,,,,222,70,4.63,,,,,,37,2,358,39,770,42,3942,809,44,4300,3,
3998,,Rashad Jennings,Rashad,Jennings,RB,RB,O,Liberty,2009,300.0,23.0,30.0,129.0,,,,,231,73,4.52,34.0,29.0,120.0,6.86,4.2,8,0,35,5,86,1,411,91,1,446,1,80.0
4412,,Shonn Greene,Shonn,Greene,RB,RB,O,Iowa,2009,65.0,5.0,5.0,28.0,NYJ,,,,227,70,4.55,37.0,19.0,121.0,7.1,4.4,34,0,72,11,376,22,2228,387,22,2300,3,
4882,,Tyrell Sutton,Tyrell,Sutton,RB,RB,O,Northwestern,2009,300.0,24.0,32.0,138.0,,,,,211,68,4.64,33.0,,114.0,6.94,4.32,40,6,1244,149,731,31,3886,880,37,5130,4,
149,,Allen Patrick,Allen,Patrick,RB,RB,O,Oklahoma,2008,240.0,20.0,23.0,86.0,BAL,,,,198,73,4.55,,,,,,36,1,64,14,367,14,1906,381,15,1970,3,
225,,Anthony Alridge,Anthony,Alridge,RB,RB,O,Houston,2008,300.0,21.0,24.0,93.0,,,,,170,69,4.36,30.5,,134.0,6.88,,39,9,997,74,363,22,2595,437,31,3592,3,
384,,BenJarvus Green-Ellis,BenJarvus,Green-Ellis,RB,RB,O,Ole Miss,2008,300.0,22.0,25.0,96.0,,,,,219,71,4.6,30.5,24.0,114.0,,,47,1,316,39,920,25,3869,959,26,4185,4,
687,,Calvin Dawson,Calvin,Dawson,RB,RB,O,Louisiana Monroe,2008,300.0,23.0,26.0,101.0,,,,,199,68,4.5,,,,,,46,0,580,72,663,30,3378,735,30,3958,4,
773,,Chad Simpson,Chad,Simpson,RB,RB,O,Morgan State,2008,300.0,24.0,28.0,103.0,,,,,216,69,4.4,32.5,,124.0,,,13,0,0,0,17,0,86,17,0,86,2,
832,,Chauncey Washington,Chauncey,Washington,RB,RB,O,USC,2008,213.0,17.0,19.0,78.0,JAX,,,,211,71,4.45,,,,,,32,2,158,17,371,19,1778,388,21,1936,3,
896,,Chris Johnson,Chris,Johnson,RB,RB,O,East Carolina,2008,24.0,5.0,5.0,12.0,TEN,,,,197,71,4.24,35.0,,130.0,,,47,10,1296,125,624,32,2982,749,42,4278,4,75.0
1061,,Cory Boyd,Cory,Boyd,RB,RB,O,South Carolina,2008,238.0,19.0,22.0,85.0,TAM,,,,213,72,4.52,33.5,25.0,118.0,6.97,4.24,46,5,1303,117,464,23,2267,581,28,3570,4,
1242,,Dantrell Savage,Dantrell,Savage,RB,RB,O,Oklahoma State,2008,300.0,25.0,29.0,109.0,,,,,187,68,4.53,32.5,13.0,117.0,,,22,2,307,35,349,17,2092,384,19,2399,2,
1286,,Darren McFadden,Darren,McFadden,RB,RB,O,Arkansas,2008,4.0,1.0,1.0,3.0,OAK,,,,211,73,4.33,33.0,,128.0,,,38,2,365,46,785,41,4590,831,43,4955,3,79.0
1836,,Felix Jones,Felix,Jones,RB,RB,O,Arkansas,2008,22.0,3.0,3.0,10.0,DAL,,,,207,70,4.44,33.5,,124.0,6.9,4.19,38,3,383,39,386,20,2956,425,23,3339,3,
2149,,Jalen Parmele,Jalen,Parmele,RB,RB,O,Toledo,2008,176.0,15.0,17.0,69.0,MIA,,,,224,71,4.47,34.0,19.0,125.0,6.96,4.29,44,1,350,41,589,28,3119,630,29,3469,4,
2161,,Jamaal Charles,Jamaal,Charles,RB,RB,O,Texas,2008,73.0,9.0,10.0,34.0,KAN,,,,200,71,4.38,30.5,,122.0,6.8,4.22,38,3,539,49,533,36,3328,582,39,3867,3,94.0
2616,,Jonathan Stewart,Jonathan,Stewart,RB,RB,O,Oregon,2008,13.0,2.0,2.0,5.0,CAR,,,,235,70,4.46,36.5,28.0,128.0,,,36,4,334,49,516,27,2891,565,31,3225,3,87.0
2781,,Justin Forsett,Justin,Forsett,RB,RB,O,California,2008,233.0,18.0,21.0,82.0,SEA,,,,194,68,4.62,26.5,26.0,112.0,6.96,,49,1,386,41,567,26,3220,608,27,3606,4,87.0
2834,,Kalvin McRae,Kalvin,McRae,RB,RB,O,Ohio,2008,300.0,26.0,31.0,129.0,,,,,203,69,4.69,25.5,,109.0,,,48,4,824,84,903,45,4398,987,49,5222,4,
3031,,Kevin Smith,Kevin,Smith,RB,RB,O,UCF,2008,64.0,8.0,8.0,30.0,DET,,,,217,73,4.53,32.0,,120.0,6.74,4.49,36,1,444,55,905,45,4679,960,46,5123,3,
3078,,Kregg Lumpkin,Kregg,Lumpkin,RB,RB,O,Georgia,2008,300.0,27.0,32.0,131.0,,,,,226,71,4.68,28.0,22.0,111.0,,,44,2,234,38,352,15,1700,390,17,1934,4,
3367,,Marcus Thomas,Marcus,Thomas,RB,RB,O,UTEP,2008,166.0,13.0,15.0,65.0,SDG,,,,213,72,4.59,30.0,21.0,116.0,,,43,6,957,94,569,26,2615,663,32,3572,4,
3480,,Matt Forte,Matt,Forte,RB,RB,O,Tulane,2008,44.0,6.0,6.0,21.0,CHI,,,,217,73,4.44,33.0,23.0,118.0,6.84,4.23,43,5,985,103,833,39,4265,936,44,5250,4,90.0
3619,,Mike Hart,Mike,Hart,RB,RB,O,Michigan,2008,202.0,16.0,18.0,76.0,IND,,,,206,69,4.69,28.0,23.0,110.0,,,43,2,566,67,1015,41,5040,1082,43,5606,4,
3967,,Rafael Little,Rafael,Little,RB,RB,O,Kentucky,2008,300.0,28.0,33.0,138.0,,,,,194,69,4.52,,8.0,,,,39,4,1324,131,580,16,2996,711,20,4320,4,
4005,,Rashard Mendenhall,Rashard,Mendenhall,RB,RB,O,Illinois,2008,23.0,4.0,4.0,11.0,PIT,,,,225,70,4.41,33.5,26.0,117.0,,4.18,35,5,564,59,388,22,2539,447,27,3103,3,
4021,,Ray Rice,Ray,Rice,RB,RB,O,Rutgers,2008,55.0,7.0,7.0,26.0,BAL,,,,199,68,4.42,31.5,23.0,119.0,6.65,4.2,38,1,334,37,910,49,4926,947,50,5260,3,
4257,,Ryan Torain,Ryan,Torain,RB,RB,O,Arizona State,2008,139.0,12.0,13.0,56.0,DEN,,,,222,72,4.61,34.0,21.0,120.0,,,19,5,305,25,333,12,1782,358,17,2087,2,
4495,,Steve Slaton,Steve,Slaton,RB,RB,O,West Virginia,2008,89.0,10.0,11.0,40.0,HOU,,,,197,69,4.45,33.5,19.0,118.0,,,36,5,805,65,664,50,3923,729,55,4728,3,
4566,,Tashard Choice,Tashard,Choice,RB,RB,O,Georgia Tech,2008,122.0,11.0,12.0,50.0,DAL,,,,215,70,4.48,34.0,20.0,119.0,6.88,,46,0,288,41,697,28,3465,738,28,3753,4,
4651,,Thomas Brown,Thomas,Brown,RB,RB,O,Georgia,2008,172.0,14.0,16.0,67.0,ATL,,,,204,68,4.51,36.0,25.0,128.0,7.17,,40,2,372,39,529,23,2646,568,25,3018,4,
5034,,Yvenson Bernard,Yvenson,Bernard,RB,RB,O,Oregon State,2008,300.0,29.0,34.0,148.0,,,,,204,68,4.81,29.5,,112.0,7.22,4.73,45,3,790,118,876,38,3862,994,41,4652,4,
79,,Ahmad Bradshaw,Ahmad,Bradshaw,RB,RB,O,Marshall,2007,250.0,18.0,22.0,83.0,NYG,,,,198,69,4.55,34.0,,112.0,6.7,4.09,33,5,697,87,558,31,2982,645,36,3679,3,
289,,Antonio Pittman,Antonio,Pittman,RB,RB,O,Ohio State,2007,107.0,11.0,11.0,45.0,NOR,,,,207,71,4.4,35.5,16.0,123.0,6.84,4.16,36,0,314,37,557,22,2945,594,22,3259,3,
521,,Brandon Jackson,Brandon,Jackson,RB,RB,O,Nebraska,2007,63.0,6.0,6.0,29.0,GNB,,,,210,70,4.54,37.0,21.0,122.0,7.0,4.14,33,2,318,34,291,14,1431,325,16,1749,3,
599,,Brian Leonard,Brian,Leonard,RB,RB,O,Rutgers,2007,52.0,5.0,5.0,26.0,STL,,,,226,73,4.52,34.5,28.0,122.0,6.88,4.22,47,13,1868,207,678,32,2775,885,45,4643,4,
891,,Chris Henry,Chris,Henry,RB,RB,O,Arizona,2007,50.0,4.0,4.0,24.0,TEN,,,,230,71,4.4,36.0,26.0,127.0,6.96,4.14,35,1,205,26,269,9,892,295,10,1097,4,
1260,,Darius Walker,Darius,Walker,RB,RB,O,Notre Dame,2007,300.0,19.0,24.0,93.0,,,,,206,70,4.55,40.5,19.0,123.0,7.18,4.39,36,3,816,109,693,23,3249,802,26,4065,3,
1420,,DeShawn Wynn,DeShawn,Wynn,RB,RB,O,Florida,2007,228.0,15.0,18.0,74.0,GNB,,,,232,70,4.47,31.5,,115.0,,,46,3,376,35,446,25,2077,481,28,2453,4,
1707,,Dwayne Wright,Dwayne,Wright,RB,RB,O,Fresno State,2007,111.0,12.0,12.0,46.0,BUF,,,,228,71,4.66,34.0,14.0,115.0,7.23,4.43,30,2,429,51,501,16,2683,552,18,3112,3,
1882,,Garrett Wolfe,Garrett,Wolfe,RB,RB,O,Northern Illinois,2007,93.0,9.0,9.0,42.0,CHI,,,,186,67,4.39,35.5,22.0,116.0,6.69,4.08,33,5,588,58,807,52,5164,865,57,5752,3,
1891,,Gary Russell,Gary,Russell,RB,RB,O,Minnesota,2007,300.0,20.0,25.0,96.0,,,,,229,70,4.77,31.5,9.0,113.0,,4.54,20,1,168,16,210,18,1274,226,19,1442,2,
2587,,Jon Cornish,Jon,Cornish,RB,RB,O,Kansas,2007,300.0,21.0,26.0,108.0,,,,,206,71,4.62,34.0,,118.0,7.09,,48,3,344,40,387,17,2245,427,20,2589,5,
2950,,Kenneth Darby,Kenneth,Darby,RB,RB,O,Alabama,2007,246.0,17.0,21.0,82.0,TAM,,,,211,70,4.75,30.0,19.0,108.0,7.25,4.53,47,2,340,70,702,11,3324,772,13,3664,4,
2961,,Kenny Irons,Kenny,Irons,RB,RB,O,Auburn,2007,49.0,3.0,3.0,23.0,CIN,,,,203,71,4.45,38.0,,123.0,7.0,4.17,37,1,313,30,520,18,2438,550,19,2751,4,
3069,3895433.0,Kolby Smith,Kolby,Smith,RB,RB,O,Louisville,2007,148.0,13.0,14.0,57.0,KAN,Ewa Beach,HI        ,USA,220,71,4.5,38.0,18.0,114.0,7.22,4.34,46,2,581,56,316,18,1863,372,20,2444,4,
3252,,Lorenzo Booker,Lorenzo,Booker,RB,RB,O,Florida State,2007,71.0,7.0,7.0,33.0,MIA,,,,191,70,4.46,35.5,26.0,121.0,,,48,2,995,114,497,15,2389,611,17,3384,4,
3446,,Marshawn Lynch,Marshawn,Lynch,RB,RB,O,California,2007,12.0,2.0,2.0,7.0,BUF,,,,215,71,4.46,35.5,20.0,125.0,7.05,4.55,35,6,600,68,490,29,3230,558,35,3830,3,96.0
3557,,Michael Bush,Michael,Bush,RB,RB,O,Louisville,2007,100.0,10.0,10.0,43.0,OAK,,,,243,73,4.62,,,,,,36,2,651,50,435,39,2508,485,41,3159,4,
3720,,Nate Ilaoa,Nate,Ilaoa,RB,RB,O,Hawaii,2007,236.0,16.0,19.0,79.0,PHI,,,,245,69,4.77,30.0,25.0,103.0,7.1,4.42,38,9,1694,151,222,20,1689,373,29,3383,4,
3975,,Ramonce Taylor,Ramonce,Taylor,RB,RB,O,Texas College,2007,300.0,22.0,27.0,121.0,,,,,195,70,4.5,34.0,,125.0,6.98,4.23,23,3,329,30,104,13,797,134,16,1126,2,
4182,,Ronnie McGill,Ronnie,McGill,RB,RB,O,North Carolina,2007,300.0,23.0,28.0,124.0,,,,,213,71,4.59,,22.0,,,,38,2,320,39,529,24,2393,568,26,2713,4,
4347,4259348.0,Selvin Young,Selvin,Young,RB,RB,O,Texas,2007,300.0,24.0,29.0,127.0,,Houston,TX        ,USA,207,71,4.58,,,,,,49,1,214,37,365,25,1713,402,26,1927,5,
4652,,Thomas Clayton,Thomas,Clayton,RB,RB,O,Kansas State,2007,186.0,14.0,15.0,62.0,SFO,,,,218,70,4.63,36.5,23.0,121.0,,,29,1,125,22,232,7,1075,254,8,1200,4,
4725,,Tony Hunt,Tony,Hunt,RB,RB,O,Penn State,2007,90.0,8.0,8.0,40.0,PHI,,,,233,74,4.68,,24.0,,,,45,3,799,88,654,25,3320,742,28,4119,4,
4890,,Tyrone Moss,Tyrone,Moss,RB,RB,O,Miami,2007,300.0,25.0,30.0,130.0,,,,,231,69,4.75,31.0,16.0,107.0,,4.56,39,0,45,8,412,26,1942,420,26,1987,4,
186,,Andre Hall,Andre,Hall,RB,RB,O,South Florida,2006,300.0,14.0,17.0,76.0,,,,,208,68,4.4,33.0,18.0,113.0,7.38,,23,3,470,44,480,24,2731,524,27,3201,2,
755,,Cedric Humes,Cedric,Humes,RB,RB,O,Virginia Tech,2006,240.0,12.0,15.0,71.0,PIT,,,,227,73,4.62,30.5,18.0,106.0,7.07,4.22,50,0,224,29,373,21,1805,402,21,2029,4,
1068,,Cory Ross,Cory,Ross,RB,RB,O,Nebraska,2006,300.0,15.0,18.0,84.0,,,,,201,66,4.58,,15.0,,,,48,5,729,71,597,17,2743,668,22,3472,4,
1404,,DeAngelo Williams,DeAngelo,Williams,RB,RB,O,Memphis,2006,27.0,3.0,3.0,9.0,CAR,,,,214,69,4.45,35.5,25.0,121.0,,,44,5,723,70,969,55,6026,1039,60,6749,4,81.0
1614,,DonTrell Moore,DonTrell,Moore,RB,RB,O,New Mexico,2006,300.0,16.0,19.0,89.0,,,,,210,70,4.64,32.0,18.0,116.0,7.1,4.32,47,8,844,89,1014,51,4956,1103,59,5800,4,
1915,,Gerald Riggs,Gerald,Riggs,RB,RB,O,Michigan State,2006,300.0,17.0,20.0,93.0,,,,,232,71,4.62,,,,,,36,0,123,20,383,10,1893,403,10,2016,4,
2418,,Jerious Norwood,Jerious,Norwood,RB,RB,O,Mississippi State,2006,79.0,7.0,7.0,28.0,ATL,,,,210,72,4.4,36.5,15.0,122.0,6.81,4.25,46,2,186,43,573,15,3222,616,17,3408,4,
2434,,Jerome Harrison,Jerome,Harrison,RB,RB,O,Washington State,2006,145.0,10.0,11.0,51.0,CLE,,,,201,69,4.47,34.5,19.0,124.0,6.77,4.07,22,1,275,34,482,25,2800,516,26,3075,2,
2670,,Joseph Addai,Joseph,Addai,RB,RB,O,LSU,2006,30.0,4.0,4.0,11.0,IND,,,,214,71,4.4,38.5,18.0,125.0,7.09,4.47,51,6,641,66,490,18,2576,556,24,3217,5,
3169,,Laurence Maroney,Laurence,Maroney,RB,RB,O,Minnesota,2006,21.0,2.0,2.0,6.0,NWE,,,,217,72,4.48,,,,,,36,1,197,21,660,32,3933,681,33,4130,3,
3197,,LenDale White,LenDale,White,RB,RB,O,USC,2006,45.0,5.0,5.0,14.0,TEN,,,,238,72,4.49,,,,,,39,5,331,31,541,52,3159,572,57,3490,3,
3208,,Leon Washington,Leon,Washington,RB,RB,O,Florida State,2006,117.0,8.0,9.0,45.0,NYJ,,,,201,68,4.42,32.5,17.0,105.0,6.94,4.37,44,1,481,55,369,12,2041,424,13,2522,4,
3427,,Marques Hagans,Marques,Hagans,RB,RB,O,Virginia,2006,144.0,9.0,10.0,50.0,STL,,,,202,69,4.67,35.0,,114.0,7.03,4.38,0,0,0,0,0,0,0,0,0,0,0,
3521,,Maurice Jones-Drew,Maurice,Jones-Drew,RB,RB,O,UCLA,2006,60.0,6.0,6.0,21.0,JAX,,,,207,67,4.39,36.0,18.0,116.0,7.08,4.38,36,7,819,64,481,26,2503,545,33,3322,3,
3599,,Mike Bell,Mike,Bell,RB,RB,O,Arizona,2006,300.0,18.0,23.0,107.0,,,,,221,72,4.6,31.5,19.0,112.0,7.16,4.21,46,1,465,56,679,17,3154,735,18,3619,4,
3838,,P.J. Daniels,P.J.,Daniels,RB,RB,O,Georgia Tech,2006,300.0,19.0,25.0,110.0,,,,,214,70,4.64,33.0,21.0,116.0,7.13,4.4,44,3,369,56,707,23,3346,763,26,3715,4,
3957,,Quinton Ganther,Quinton,Ganther,RB,RB,O,Utah,2006,246.0,13.0,16.0,73.0,TEN,,,,218,69,4.5,35.0,29.0,119.0,7.19,,23,2,363,32,314,9,1774,346,11,2137,2,
4031,,Reggie Bush,Reggie,Bush,RB,RB,O,USC,2006,2.0,1.0,1.0,1.0,NOR,,,,201,71,4.37,,,,,,39,13,1301,95,433,25,3169,528,38,4470,3,80.0
4222,,Ryan Gilbert,Ryan,Gilbert,RB,RB,O,Houston,2006,300.0,20.0,26.0,113.0,,,,,228,70,4.6,,,,,,22,3,415,37,254,12,1369,291,15,1784,2,
4569,,Taurean Henderson,Taurean,Henderson,RB,RB,O,Texas Tech,2006,300.0,21.0,27.0,115.0,,,,,204,69,4.62,32.5,,112.0,7.01,4.4,51,19,2058,303,587,50,3241,890,69,5299,4,
4633,,Terrence Whitehead,Terrence,Whitehead,RB,RB,O,Oregon,2006,300.0,22.0,28.0,116.0,,,,,209,70,4.69,30.5,,108.0,7.21,4.27,45,8,1239,134,611,18,2832,745,26,4071,4,
4952,,Wali Lundy,Wali,Lundy,RB,RB,O,Virginia,2006,170.0,11.0,13.0,58.0,HOU,,,,214,71,4.48,35.0,18.0,111.0,6.99,4.36,49,9,895,114,742,43,3193,856,52,4088,4,
4960,,Wendell Mathis,Wendell,Mathis,RB,RB,O,Fresno State,2006,300.0,23.0,29.0,119.0,,,,,210,71,4.51,33.0,20.0,117.0,6.93,4.22,33,1,215,23,412,27,2358,435,28,2573,3,
121,,Alex Haynes,Alex,Haynes,RB,RB,O,UCF,2005,300.0,18.0,20.0,65.0,,,,,223,70,4.51,32.5,21.0,,,,41,1,662,88,742,27,3356,830,28,4018,4,
162,,Alvin Pearman,Alvin,Pearman,RB,RB,O,Virginia,2005,127.0,11.0,12.0,41.0,JAX,,,,208,69,4.63,34.0,24.0,114.0,7.06,4.08,46,8,1396,138,500,19,2394,638,27,3790,4,
236,,Anthony Davis,Anthony,Davis,RB,RB,O,Wisconsin,2005,243.0,16.0,17.0,60.0,IND,,,,200,67,4.5,38.0,18.0,121.0,7.39,,40,0,198,22,908,42,4676,930,42,4874,4,
462,,Bobby Purify,Bobby,Purify,RB,RB,O,Colorado,2005,300.0,19.0,21.0,67.0,,,,,210,72,4.67,33.5,15.0,116.0,7.22,4.13,46,1,549,56,617,20,3096,673,21,3645,5,
522,,Brandon Jacobs,Brandon,Jacobs,RB,RB,O,Southern Illinois,2005,300.0,20.0,22.0,68.0,,,,,267,76,4.56,37.0,19.0,118.0,7.53,4.46,13,0,34,1,72,3,446,73,3,480,1,
679,,Cadillac Williams,Cadillac,Williams,RB,RB,O,Auburn,2005,5.0,3.0,3.0,5.0,TAM,,,,217,71,4.43,35.5,19.0,118.0,6.94,4.15,42,1,342,45,741,45,3831,786,46,4173,4,
750,,Cedric Benson,Cedric,Benson,RB,RB,O,Texas,2005,4.0,2.0,2.0,4.0,CHI,,,,222,70,4.62,,,,,,49,3,621,69,1112,64,5540,1181,67,6161,4,
754,,Cedric Houston,Cedric,Houston,RB,RB,O,Tennessee,2005,182.0,13.0,14.0,49.0,NYJ,,,,225,71,4.61,,,,,,49,1,369,39,501,17,2634,540,18,3003,4,
955,,Ciatrick Fason,Ciatrick,Fason,RB,RB,O,Florida,2005,112.0,10.0,10.0,36.0,MIN,,,,207,73,4.58,,,,,,38,5,408,46,315,14,1877,361,19,2285,3,
1287,,Darren Sproles,Darren,Sproles,RB,RB,O,Kansas State,2005,130.0,12.0,13.0,42.0,SDG,,,,187,66,4.47,33.0,23.0,105.0,6.96,3.96,45,2,609,66,815,45,4979,881,47,5588,4,83.0
1391,,DeAndra Cobb,DeAndra,Cobb,RB,RB,O,Michigan State,2005,201.0,14.0,15.0,56.0,ATL,,,,196,70,4.49,34.0,17.0,118.0,7.13,4.25,24,0,89,15,134,4,900,149,4,989,2,
1405,,DeCori Birmingham,DeCori,Birmingham,RB,RB,O,Arkansas,2005,300.0,21.0,23.0,80.0,,,,,210,70,4.56,34.5,14.0,118.0,7.13,4.28,49,6,592,57,233,7,1151,290,13,1743,4,
1797,,Eric Shelton,Eric,Shelton,RB,RB,O,Louisville,2005,54.0,5.0,5.0,17.0,CAR,,,,246,73,4.53,38.5,,124.0,7.44,4.08,33,0,54,7,341,30,1858,348,30,1912,3,
1845,,Frank Gore,Frank,Gore,RB,RB,O,Miami,2005,65.0,6.0,6.0,20.0,SFO,,,,217,69,4.58,,,,,,28,0,225,23,348,17,1975,371,17,2200,3,83.0
2067,,J.J. Arrington,J.J.,Arrington,RB,RB,O,California,2005,44.0,4.0,4.0,15.0,ARI,,,,214,69,4.4,35.0,18.0,121.0,6.81,4.1,25,3,299,42,396,20,2625,438,23,2924,2,
2864,,Kay-Jay Harris,Kay-Jay,Harris,RB,RB,O,West Virginia,2005,300.0,22.0,25.0,90.0,,,,,241,72,4.56,38.0,,122.0,7.2,4.1,23,3,292,25,256,14,1483,281,17,1775,2,
3240,,Lionel Gates,Lionel,Gates,RB,RB,O,Louisville,2005,236.0,15.0,16.0,59.0,BUF,,,,222,72,4.6,36.0,23.0,121.0,7.17,4.1,37,2,469,40,319,20,1486,359,22,1955,4,
3384,,Marion Barber,Marion,Barber,RB,RB,O,Minnesota,2005,109.0,9.0,9.0,34.0,DAL,,,,221,71,4.49,40.0,20.0,127.0,,,38,0,190,21,575,35,3276,596,35,3466,4,
3519,,Maurice Clarett,Maurice,Clarett,RB,RB,O,Ohio State,2005,300.0,23.0,28.0,96.0,,,,,234,72,4.78,34.0,22.0,115.0,,,11,2,104,12,222,16,1237,234,18,1341,1,
3788,,Noah Herron,Noah,Herron,RB,RB,O,Northwestern,2005,244.0,17.0,18.0,61.0,PIT,,,,224,71,4.6,31.0,17.0,108.0,6.95,3.97,45,2,781,72,462,26,2524,534,28,3305,4,
4019,,Ray Hudson,Ray,Hudson,RB,RB,O,Alabama,2005,300.0,24.0,29.0,98.0,,,,,192,70,4.5,,15.0,,,,42,3,333,30,278,7,1639,308,10,1972,4,
4178,,Ronnie Brown,Ronnie,Brown,RB,RB,O,Auburn,2005,2.0,1.0,1.0,2.0,MIA,,,,233,72,4.43,34.0,18.0,117.0,7.1,4.08,48,2,668,58,513,28,2707,571,30,3375,5,
4224,,Ryan Grant,Ryan,Grant,RB,RB,O,Notre Dame,2005,300.0,25.0,30.0,100.0,,,,,215,73,4.43,33.5,17.0,115.0,7.08,4.12,39,0,144,26,560,18,2220,586,18,2364,4,
4242,,Ryan Moats,Ryan,Moats,RB,RB,O,Louisiana Tech,2005,77.0,8.0,8.0,26.0,PHI,,,,210,68,4.46,36.0,19.0,117.0,7.22,4.1,34,2,441,48,499,28,3112,547,30,3553,3,
4519,,T.A. McLendon,T.A.,McLendon,RB,RB,O,NC State,2005,300.0,26.0,31.0,104.0,,,,,235,70,4.71,35.0,27.0,117.0,7.34,4.19,32,3,858,93,542,33,2479,635,36,3337,3,
4909,,Vernand Morency,Vernand,Morency,RB,RB,O,Oklahoma State,2005,73.0,7.0,7.0,25.0,HOU,,,,212,70,4.66,33.5,19.0,108.0,7.02,4.12,30,1,119,11,451,23,2661,462,24,2780,3,
4954,,Walter Reyes,Walter,Reyes,RB,RB,O,Syracuse,2005,300.0,27.0,32.0,110.0,,,,,209,70,4.52,32.0,16.0,109.0,7.23,4.38,44,1,550,59,625,45,3424,684,46,3974,4,
60,,Adimchinobi Echemandu,Adimchinobi,Echemandu,RB,RB,O,California,2004,208.0,10.0,13.0,64.0,CLE,,,,226,71,4.58,,15.0,,,,13,0,185,22,238,13,1195,260,13,1380,1,
751,,Cedric Cobbs,Cedric,Cobbs,RB,RB,O,Arkansas,2004,128.0,8.0,8.0,44.0,NWE,,,,223,72,4.75,40.0,,123.0,,,46,1,138,26,589,26,3018,615,27,3156,5,
913,,Chris Perry,Chris,Perry,RB,RB,O,Michigan,2004,26.0,2.0,2.0,14.0,CIN,,,,224,72,4.56,,19.0,,,,45,2,569,64,794,39,3657,858,41,4226,4,
958,,Clarence Farmer,Clarence,Farmer,RB,RB,O,Arizona,2004,300.0,12.0,16.0,86.0,,,,,231,72,4.68,34.5,25.0,120.0,7.44,4.25,33,2,208,26,521,19,2530,547,21,2738,4,
1524,,Derrick Knight,Derrick,Knight,RB,RB,O,Boston College,2004,300.0,13.0,17.0,88.0,,,,,209,69,4.71,31.5,16.0,108.0,,,46,2,700,72,708,25,3725,780,27,4425,4,
1855,,Fred Russell,Fred,Russell,RB,RB,O,Iowa,2004,300.0,14.0,18.0,90.0,,,,,195,67,4.5,34.0,21.0,121.0,7.09,4.3,45,0,45,8,523,17,2760,531,17,2805,4,
1959,,Greg Jones,Greg,Jones,RB,RB,O,Florida State,2004,55.0,6.0,6.0,25.0,JAX,,,,249,73,4.55,,,,,,44,0,153,24,480,23,2535,504,23,2688,4,
2270,,Jarrett Payton,Jarrett,Payton,RB,RB,O,Miami,2004,300.0,15.0,19.0,96.0,,,,,220,72,4.66,31.0,,115.0,7.34,4.31,40,1,226,28,299,10,1496,327,11,1722,4,
2322,,Jason Wright,Jason,Wright,RB,RB,O,Northwestern,2004,300.0,16.0,20.0,99.0,,,,,210,70,4.68,30.0,,111.0,7.35,4.12,46,2,577,54,489,32,2625,543,34,3202,4,
2690,,Josh Davis,Josh,Davis,RB,RB,O,Nebraska,2004,300.0,17.0,21.0,102.0,,,,,200,70,4.54,33.5,13.0,112.0,7.27,4.07,41,0,79,14,172,4,826,186,4,905,4,
2758,,Julius Jones,Julius,Jones,RB,RB,O,Notre Dame,2004,43.0,5.0,5.0,21.0,DAL,,,,217,70,4.47,37.5,,121.0,6.97,4.12,45,1,250,28,634,26,3018,662,27,3268,4,
3013,,Kevin Jones,Kevin,Jones,RB,RB,O,Virginia Tech,2004,30.0,3.0,3.0,16.0,DET,,,,227,72,4.38,38.0,,120.0,,,37,0,229,24,616,35,3475,640,35,3704,3,
3545,,Mewelde Moore,Mewelde,Moore,RB,RB,O,Tulane,2004,119.0,7.0,7.0,42.0,MIN,,,,209,71,4.65,35.0,,118.0,7.05,4.12,44,15,2059,189,909,21,4364,1098,36,6423,4,
3591,,Michael Turner,Michael,Turner,RB,RB,O,Northern Illinois,2004,154.0,9.0,9.0,51.0,SDG,,,,237,70,4.49,31.0,22.0,114.0,7.5,4.15,45,3,451,43,940,43,4941,983,46,5392,4,
3942,,Quincy Wilson,Quincy,Wilson,RB,RB,O,West Virginia,2004,219.0,11.0,14.0,68.0,ATL,,,,225,69,4.6,33.5,26.0,118.0,7.68,4.36,44,1,147,25,474,20,2608,499,21,2755,4,
3976,,Ran Carthon,Ran,Carthon,RB,RB,O,Florida,2004,300.0,18.0,23.0,112.0,,,,,224,71,4.51,34.5,22.0,112.0,,4.12,48,1,511,56,270,11,1353,326,12,1864,4,
4046,,Renaldo Works,Renaldo,Works,RB,RB,O,Oklahoma,2004,300.0,19.0,24.0,113.0,,,,,222,72,4.7,30.5,21.0,115.0,7.25,4.09,46,2,413,46,315,21,1554,361,23,1967,4,
4065,,Rich Alexis,Rich,Alexis,RB,RB,O,Washington,2004,300.0,20.0,25.0,114.0,,,,,210,72,4.64,32.0,,114.0,7.41,4.43,41,0,576,59,583,28,2383,642,28,2959,4,
4375,,Shaud Williams,Shaud,Williams,RB,RB,O,Alabama,2004,300.0,21.0,26.0,118.0,,,,,193,67,4.73,34.0,15.0,114.0,7.01,4.15,48,1,742,99,577,28,3169,676,29,3911,4,
4501,,Steven Jackson,Steven,Jackson,RB,RB,O,Oregon State,2004,24.0,1.0,1.0,13.0,STL,,,,241,73,4.55,,,,,,37,6,680,66,743,39,3625,809,45,4305,3,
4568,,Tatum Bell,Tatum,Bell,RB,RB,O,Oklahoma State,2004,41.0,4.0,4.0,20.0,DEN,,,,212,71,4.37,38.5,25.0,117.0,,,41,2,258,36,634,34,3409,670,36,3667,4,
77,,Ahmaad Galloway,Ahmaad,Galloway,RB,RB,O,Alabama,2003,235.0,14.0,19.0,67.0,DEN,,,,223,72,4.65,,22.0,,,,38,0,73,8,376,17,1830,384,17,1903,4,
322,,Artose Pinner,Artose,Pinner,RB,RB,O,Kentucky,2003,99.0,7.0,7.0,32.0,DET,,,,229,70,4.68,,,,,,35,2,407,58,438,17,2105,496,19,2512,4,
350,,Avon Cobourne,Avon,Cobourne,RB,RB,O,West Virginia,2003,300.0,15.0,22.0,76.0,,,,,205,67,4.7,31.5,21.0,112.0,7.21,4.18,43,0,459,59,1023,43,5039,1082,43,5498,4,
354,,B.J. Askew,B.J.,Askew,RB,RB,O,Michigan,2003,85.0,4.0,4.0,26.0,NYJ,,,,241,74,4.6,,,,,,46,4,728,78,334,17,1509,412,21,2237,4,
749,,Cecil Sapp,Cecil,Sapp,RB,RB,O,Colorado State,2003,300.0,16.0,23.0,79.0,,,,,229,71,4.55,,,,,,28,1,110,15,504,28,2482,519,29,2592,3,
850,,Chris Brown,Chris,Brown,RB,RB,O,Colorado,2003,93.0,5.0,5.0,28.0,TEN,,,,220,75,4.46,,,,,,24,0,76,11,493,35,2787,504,35,2863,2,
1158,,Dahrran Diedrick,Dahrran,Diedrick,RB,RB,O,Nebraska,2003,300.0,17.0,24.0,82.0,,,,,228,72,4.62,37.0,19.0,117.0,7.32,4.44,48,0,35,7,502,26,2745,509,26,2780,4,
1511,,Derek Watson,Derek,Watson,RB,RB,O,South Carolina,2003,300.0,18.0,25.0,86.0,,,,,223,72,4.63,34.0,15.0,114.0,7.35,4.2,33,2,466,58,437,16,2078,495,18,2544,3,
1600,559594.0,Domanick Williams,Domanick,Williams,RB,RB,O,LSU,2003,101.0,8.0,8.0,33.0,HOU,Ewa Beach,HI        ,USA,213,69,4.63,32.5,22.0,112.0,7.32,4.47,47,1,393,41,455,20,2056,496,21,2449,4,
1711,,Dwone Hicks,Dwone,Hicks,RB,RB,O,Middle Tennessee,2003,300.0,19.0,26.0,88.0,,,,,222,70,4.6,34.0,29.0,115.0,7.38,4.42,41,6,679,57,600,53,3613,657,59,4292,4,
1725,,Earnest Graham,Earnest,Graham,RB,RB,O,Florida,2003,300.0,20.0,27.0,89.0,,,,,225,69,4.5,,22.0,,,,45,0,402,59,609,33,3085,668,33,3487,5,
2780,,Justin Fargas,Justin,Fargas,RB,RB,O,USC,2003,96.0,6.0,6.0,30.0,OAK,,,,219,73,4.35,,27.0,137.0,,,33,0,106,9,256,8,1077,265,8,1183,3,
2984,,Kerry Carter,Kerry,Carter,RB,RB,O,Stanford,2003,300.0,21.0,28.0,97.0,,,,,238,74,4.61,36.0,20.0,118.0,7.29,4.39,38,2,302,25,538,23,2039,563,25,2341,4,
3118,,LaBrandon Toefield,LaBrandon,Toefield,RB,RB,O,LSU,2003,132.0,12.0,14.0,45.0,JAX,,,,233,71,4.6,,19.0,,,,31,1,233,25,511,26,2149,536,27,2382,3,
3165,,Larry Johnson,Larry,Johnson,RB,RB,O,Penn State,2003,27.0,2.0,2.0,11.0,KAN,,,,228,73,4.45,,19.0,,,,48,7,681,65,460,26,2953,525,33,3634,4,
3192,,Lee Suggs,Lee,Suggs,RB,RB,O,Virginia Tech,2003,115.0,11.0,11.0,39.0,CLE,,,,202,72,4.44,,,,,,38,3,171,15,535,53,2767,550,56,2938,4,
3290,,Malaefou MacKenzie,Malaefou,MacKenzie,RB,RB,O,USC,2003,218.0,13.0,17.0,60.0,JAX,,,,233,70,4.67,,,,,,45,7,676,76,216,8,939,292,15,1615,5,
3695,,Musa Smith,Musa,Smith,RB,RB,O,Georgia,2003,77.0,3.0,3.0,24.0,BAL,,,,232,73,4.45,35.5,,123.0,,,31,0,187,27,454,19,2202,481,19,2389,3,
3763,,Nick Maddox,Nick,Maddox,RB,RB,O,Florida State,2003,300.0,22.0,29.0,101.0,,,,,211,71,4.65,33.5,18.0,115.0,7.33,4.5,45,3,628,61,240,7,1221,301,10,1849,4,
3819,,Onterrio Smith,Onterrio,Smith,RB,RB,O,Oregon,2003,105.0,9.0,9.0,35.0,MIN,,,,220,70,4.48,,19.0,,,,30,3,174,26,450,23,2388,476,26,2562,3,
3925,,Quentin Griffin,Quentin,Griffin,RB,RB,O,Oklahoma,2003,108.0,10.0,10.0,37.0,DEN,,,,195,67,4.48,38.0,21.0,123.0,,4.08,43,6,1240,152,713,44,3796,865,50,5036,4,
4294,,Santonio Beard,Santonio,Beard,RB,RB,O,Alabama,2003,300.0,23.0,30.0,107.0,,,,,222,72,4.62,31.5,,119.0,,,32,0,82,6,242,16,1444,248,16,1526,3,
4513,,Sultan McCullough,Sultan,McCullough,RB,RB,O,USC,2003,300.0,24.0,31.0,109.0,,,,,202,71,4.49,,27.0,,,,43,1,200,28,611,20,2800,639,21,3000,4,
5011,,Willis McGahee,Willis,McGahee,RB,RB,O,Miami,2003,23.0,1.0,1.0,9.0,BUF,,,,223,72,4.45,,,,,,21,0,348,28,349,31,2067,377,31,2415,2,
74,,Adrian Peterson,Adrian,Peterson,RB,RB,O,Georgia Southern,2002,7.0,1.0,1.0,3.0,MIN,,,,214,70,4.68,34.0,14.0,119.0,7.59,4.6,31,1,198,24,748,41,4041,772,42,4239,3,95.0
588,,Brian Allen,Brian,Allen,RB,RB,O,Stanford,2002,204.0,13.0,19.0,61.0,IND,,,,209,69,4.46,33.0,19.0,112.0,6.9,4.08,44,0,226,23,482,13,2117,505,13,2343,4,
835,,Chester Taylor,Chester,Taylor,RB,RB,O,Toledo,2002,207.0,14.0,20.0,63.0,BAL,,,,213,71,4.58,33.0,22.0,114.0,,,43,5,554,61,803,55,4646,864,60,5200,4,
980,,Clinton Portis,Clinton,Portis,RB,RB,O,Miami,2002,51.0,5.0,5.0,19.0,DEN,,,,204,71,4.42,,,,,,29,3,272,21,440,20,2523,461,23,2795,3,
1175,,Dameon Hunter,Dameon,Hunter,RB,RB,O,Utah,2002,300.0,18.0,25.0,78.0,,,,,219,71,4.68,30.5,,113.0,,,21,0,66,7,346,10,1735,353,10,1801,2,
1180,3116129.0,Damien Anderson,Damien,Anderson,RB,RB,O,Northwestern,2002,300.0,19.0,26.0,79.0,,Ewa Beach,HI        ,USA,211,70,4.56,33.5,27.0,112.0,6.93,4.02,43,0,502,58,953,38,4485,1011,38,4987,4,
1315,,Dave Minnich,Dave,Minnich,RB,RB,O,Washington State,2002,300.0,20.0,27.0,80.0,,,,,218,71,4.66,33.5,12.0,117.0,,,20,2,224,27,357,10,1569,384,12,1793,2,
1453,,Delvon Flowers,Delvon,Flowers,RB,RB,O,Arizona State,2002,300.0,21.0,28.0,82.0,,,,,200,71,4.67,35.5,15.0,117.0,,,23,1,115,10,268,16,1553,278,17,1668,2,
1470,,Demontray Carter,Demontray,Carter,RB,RB,O,Troy,2002,300.0,22.0,29.0,83.0,,,,,191,70,4.52,33.0,16.0,120.0,7.38,4.36,11,4,194,24,160,8,801,184,12,995,1,
1419,,DeShaun Foster,DeShaun,Foster,RB,RB,O,UCLA,2002,34.0,4.0,4.0,14.0,CAR,,,,222,73,4.57,35.5,20.0,119.0,6.82,4.16,39,4,548,58,696,39,3087,754,43,3635,4,
1591,,Dicenzo Miller,Dicenzo,Miller,RB,RB,O,Mississippi State,2002,300.0,23.0,30.0,85.0,,,,,215,70,4.93,31.0,8.0,107.0,7.25,4.39,41,7,732,49,404,17,2200,453,24,2932,4,
1774,,Ennis Haywood,Ennis,Haywood,RB,RB,O,Iowa State,2002,300.0,24.0,31.0,89.0,,,,,218,70,4.76,35.0,12.0,112.0,7.08,4.14,42,0,548,60,572,27,2862,632,27,3410,4,
1779,,Eric Crouch,Eric,Crouch,RB,RB,O,Nebraska,2002,95.0,8.0,8.0,31.0,STL,,,,195,72,4.47,38.0,,112.0,6.87,4.02,43,2,109,3,648,59,3434,651,61,3543,4,
1789,,Eric McCoo,Eric,McCoo,RB,RB,O,Penn State,2002,300.0,25.0,32.0,90.0,,,,,214,70,4.55,32.5,14.0,112.0,,,46,9,726,70,497,18,2518,567,27,3244,4,
2485,,Joe Burns,Joe,Burns,RB,RB,O,Georgia,2002,300.0,26.0,34.0,95.0,,,,,213,69,4.81,31.0,21.0,105.0,,,44,3,681,74,614,31,2634,688,34,3315,4,
2592,,Jonathan Adams,Jonathan,Adams,RB,RB,O,Arkansas State,2002,300.0,27.0,36.0,97.0,,,,,219,72,4.58,36.5,15.0,120.0,6.97,4.31,42,1,271,30,668,17,3005,698,18,3276,4,
2619,,Jonathan Wells,Jonathan,Wells,RB,RB,O,Ohio State,2002,99.0,9.0,9.0,32.0,HOU,,,,243,73,4.52,,,,,,47,0,233,26,460,26,2344,486,26,2577,4,
2729,,Josh Scobey,Josh,Scobey,RB,RB,O,Kansas State,2002,185.0,11.0,17.0,57.0,ARI,,,,218,71,4.42,40.5,21.0,124.0,6.96,3.93,24,0,81,13,409,31,1981,422,31,2062,2,
3131,,Ladell Betts,Ladell,Betts,RB,RB,O,Iowa,2002,56.0,7.0,7.0,22.0,WAS,,,,220,70,4.62,38.0,23.0,116.0,7.06,4.06,46,2,702,72,832,25,3686,904,27,4388,4,
3166,,Larry Ned,Larry,Ned,RB,RB,O,San Diego State,2002,197.0,12.0,18.0,58.0,OAK,,,,219,71,4.62,34.5,15.0,120.0,7.12,,37,0,343,39,765,36,3562,804,36,3905,4,
3213,,Leonard Henry,Leonard,Henry,RB,RB,O,East Carolina,2002,241.0,16.0,22.0,69.0,MIA,,,,206,73,4.57,35.0,26.0,113.0,7.11,4.29,43,3,429,54,519,29,3089,573,32,3518,4,
3232,3929778.0,Levron Williams,Levron,Williams,RB,RB,O,Indiana,2002,300.0,28.0,38.0,102.0,,Ewa Beach,HI        ,USA,224,75,4.66,,16.0,,,,41,7,1088,94,452,31,3095,546,38,4183,4,
3233,,Lew Thomas,Lew,Thomas,RB,RB,O,Vanderbilt,2002,300.0,29.0,39.0,103.0,,,,,210,69,4.59,36.0,17.0,115.0,6.87,4.21,31,0,259,28,194,6,1038,222,6,1297,4,
3241,,Little John Flowers,Little,John,RB,RB,O,Michigan State,2002,300.0,30.0,40.0,104.0,,,,,214,71,4.72,34.0,19.0,110.0,7.09,4.08,44,2,435,50,151,3,770,201,5,1205,4,
3275,,Luke Staley,Luke,Staley,RB,RB,O,BYU,2002,214.0,15.0,21.0,64.0,DET,,,,227,73,4.42,,,,,,30,7,1000,86,418,41,2507,504,48,3507,3,
3524,,Maurice Morris,Maurice,Morris,RB,RB,O,Oregon,2002,54.0,6.0,6.0,20.0,SEA,,,,208,71,4.53,38.5,23.0,119.0,,,23,3,307,35,466,17,2237,501,20,2544,2,
4087,,Ricky Williams,Ricky,Williams,RB,RB,O,Texas Tech,2002,300.0,31.0,42.0,108.0,,,,,190,67,4.47,32.5,19.0,110.0,,,46,6,1151,172,789,36,3656,961,42,4807,5,
4134,,Rock Cartwright,Rock,Cartwright,RB,RB,O,Kansas State,2002,257.0,17.0,23.0,73.0,WAS,,,,237,68,4.47,35.0,30.0,116.0,7.18,4.25,23,0,186,20,112,7,570,132,7,756,2,
4523,,T.J. Duckett,T.J.,Duckett,RB,RB,O,Michigan State,2002,18.0,3.0,3.0,7.0,ATL,,,,254,72,4.45,,,,,,35,1,151,22,621,29,3379,643,30,3530,3,
4600,,Tellis Redmon,Tellis,Redmon,RB,RB,O,Minnesota,2002,300.0,32.0,43.0,109.0,,,,,210,71,4.61,32.0,20.0,113.0,7.08,4.14,33,2,401,44,444,13,2235,488,15,2636,3,
4723,,Tony Fisher,Tony,Fisher,RB,RB,O,Notre Dame,2002,300.0,33.0,44.0,111.0,,,,,226,73,4.66,41.5,21.0,126.0,7.0,4.13,43,5,398,33,384,15,1849,417,20,2247,4,
4776,,Travis Stephens,Travis,Stephens,RB,RB,O,Tennessee,2002,119.0,10.0,11.0,39.0,TAM,,,,194,68,4.6,32.0,15.0,121.0,,,42,1,200,27,488,21,2336,515,22,2536,4,
4992,,William Green,William,Green,RB,RB,O,Boston College,2002,16.0,2.0,2.0,6.0,CLE,,,,221,72,4.6,42.0,27.0,121.0,,,31,3,343,31,501,33,2974,532,36,3317,3,
264,,Anthony Thomas,Anthony,Thomas,RB,RB,O,Michigan,2001,38.0,4.0,4.0,16.0,CHI,,,,229,74,4.58,32.5,20.0,115.0,7.48,4.44,44,1,750,78,846,49,4098,924,50,4848,4,
1057,,Correll Buckhalter,Correll,Buckhalter,RB,RB,O,Nebraska,2001,121.0,11.0,14.0,38.0,PHI,,,,226,72,4.53,40.0,11.0,123.0,7.08,4.06,45,1,200,24,413,27,2522,437,28,2722,4,
1319,,David Allen,David,Allen,RB,RB,O,Kansas State,2001,300.0,13.0,17.0,72.0,,,,,194,69,4.62,31.0,15.0,111.0,,,40,2,142,12,168,8,783,180,10,925,4,
1496,,Derek Combs,Derek,Combs,RB,RB,O,Ohio State,2001,228.0,12.0,16.0,61.0,OAK,,,,193,72,4.42,35.0,8.0,120.0,6.96,4.07,40,0,95,11,274,9,1231,285,9,1326,4,
1499,,Derek Homer,Derek,Homer,RB,RB,O,Kentucky,2001,300.0,14.0,18.0,74.0,,,,,194,68,4.6,32.5,,113.0,7.24,4.3,44,2,1052,129,353,11,1689,482,13,2741,4,
1547,,Deuce McAllister,Deuce,McAllister,RB,RB,O,Ole Miss,2001,23.0,2.0,2.0,7.0,NOR,,,,222,73,4.41,,,,,,44,3,671,66,633,38,3181,699,41,3852,4,
2015,,Hodges Mitchell,Hodges,Mitchell,RB,RB,O,Texas,2001,300.0,15.0,20.0,77.0,,,,,180,67,4.53,,,,,,45,4,743,71,517,20,2664,588,24,3407,4,
2209,,James Jackson,James,Jackson,RB,RB,O,Miami,2001,65.0,7.0,7.0,24.0,CLE,,,,210,70,4.55,,,,,,42,3,278,38,541,31,2950,579,34,3228,5,
2359,,Jeff Chaney,Jeff,Chaney,RB,RB,O,Florida State,2001,300.0,16.0,22.0,80.0,,,,,193,71,4.46,,,,,,44,2,289,24,234,10,1076,258,12,1365,4,
2992,,Kevan Barlow,Kevan,Barlow,RB,RB,O,Pittsburgh,2001,80.0,8.0,8.0,28.0,SFO,,,,235,73,4.56,,,,,,37,4,508,36,486,20,2324,522,24,2832,4,
3119,,LaDainian Tomlinson,LaDainian,Tomlinson,RB,RB,O,TCU,2001,5.0,1.0,1.0,2.0,SDG,,,,221,70,4.46,40.5,18.0,124.0,6.84,4.21,45,0,267,43,943,56,5387,986,56,5654,4,
3142,,Lamont Jordan,Lamont,Jordan,RB,RB,O,Maryland,2001,49.0,5.0,5.0,19.0,NYJ,,,,234,70,4.57,,24.0,,,,43,1,737,76,807,36,4147,883,37,4884,4,
3551,,Michael Bennett,Michael,Bennett,RB,RB,O,Wisconsin,2001,27.0,3.0,3.0,9.0,MIN,,,,207,69,4.38,39.5,13.0,130.0,,,23,0,52,5,367,15,1979,372,15,2031,2,
4042,,Reggie White,Reggie,White,RB,RB,O,Oklahoma State,2001,300.0,17.0,23.0,95.0,,,,,228,72,4.58,37.5,17.0,114.0,7.48,4.4,33,0,122,17,267,6,1296,284,6,1418,3,
4197,3916925.0,Rudi Johnson,Rudi,Johnson,RB,RB,O,Auburn,2001,100.0,10.0,11.0,32.0,CIN,Ewa Beach,HI        ,USA,227,70,4.57,37.5,24.0,119.0,7.32,4.22,12,0,70,9,324,13,1567,333,13,1637,1,
4767,,Travis Henry,Travis,Henry,RB,RB,O,Tennessee,2001,58.0,6.0,6.0,22.0,BUF,,,,223,69,4.61,,23.0,,,,40,0,99,20,556,26,3078,576,26,3177,4,
4773,,Travis Minor,Travis,Minor,RB,RB,O,Florida State,2001,85.0,9.0,10.0,30.0,MIA,,,,197,70,4.44,32.0,9.0,115.0,,,44,3,831,106,664,28,3218,770,31,4049,4,
269,,Anthony White,Anthony,White,RB,RB,O,Kentucky,2000,300.0,18.0,24.0,67.0,,,,,195,72,4.68,32.5,,118.0,7.05,4.24,37,8,1520,194,364,11,1758,558,19,3278,4,
465,548155.0,Boo Williams,Boo,Williams,RB,RB,O,South Carolina,2000,300.0,19.0,25.0,70.0,,Ewa Beach,HI        ,USA,222,71,4.52,,,,,,0,0,0,0,0,0,0,0,0,0,0,
770,,Chad Morton,Chad,Morton,RB,RB,O,USC,2000,166.0,14.0,18.0,48.0,NOR,,,,182,68,4.5,36.0,18.0,121.0,,,46,1,256,38,517,24,2511,555,25,2767,4,
950,,Chrys Chukwuma,Chrys,Chukwuma,RB,RB,O,Arkansas,2000,300.0,20.0,26.0,78.0,,,,,232,73,4.56,,,115.0,,,36,0,122,15,450,24,2168,465,24,2290,4,
1100,,Curtis Keaton,Curtis,Keaton,RB,RB,O,James Madison,2000,97.0,10.0,11.0,29.0,CIN,,,,214,70,4.41,41.5,23.0,131.0,6.82,3.93,18,0,0,0,88,3,404,88,3,404,2,
1238,,Dante' Hall,Dante',Hall,RB,RB,O,Texas A&M,2000,153.0,13.0,16.0,41.0,KAN,,,,191,68,4.44,38.0,18.0,123.0,6.62,3.82,43,0,260,22,522,22,2818,544,22,3078,4,
1283,,Darren Davis,Darren,Davis,RB,RB,O,Iowa State,2000,300.0,21.0,29.0,83.0,,,,,189,68,4.81,32.0,13.0,109.0,7.04,4.47,11,0,0,0,1,0,2,1,0,2,1,
1461,,Demario Brown,Demario,Brown,RB,RB,O,Utah State,2000,300.0,22.0,30.0,84.0,,,,,217,72,4.72,31.0,,107.0,7.17,4.39,38,2,925,90,792,37,4053,882,39,4978,4,
1650,,Doug Chapman,Doug,Chapman,RB,RB,O,Marshall,2000,88.0,9.0,9.0,27.0,MIN,,,,215,70,4.56,38.5,16.0,128.0,6.84,4.2,38,5,708,67,618,40,3011,685,45,3719,3,
1846,,Frank Moreau,Frank,Moreau,RB,RB,O,Louisville,2000,115.0,11.0,13.0,36.0,KAN,,,,231,73,4.57,36.0,23.0,117.0,,,49,0,369,54,499,27,2599,553,27,2968,5,
2071,,J.R. Redmond,J.R.,Redmond,RB,RB,O,Arizona State,2000,76.0,7.0,7.0,23.0,NWE,,,,216,71,4.48,32.5,,121.0,,,42,4,677,61,612,32,3223,673,36,3900,4,
2170,,Jamal Lewis,Jamal,Lewis,RB,RB,O,Tennessee,2000,5.0,1.0,1.0,2.0,BAL,,,,240,72,4.58,,23.0,,,,27,4,475,39,487,17,2677,526,21,3152,3,
2885,,Keith Brown,Keith,Brown,RB,RB,O,UCLA,2000,300.0,23.0,31.0,91.0,,,,,216,71,4.66,30.0,,117.0,6.64,4.08,0,0,0,0,0,0,0,0,0,0,0,
2899,4372601.0,Keith Smith,Keith,Smith,RB,RB,O,Arizona,2000,300.0,24.0,32.0,92.0,,Houston,TX        ,USA,207,70,4.5,,,,,,0,0,0,0,0,0,0,0,0,0,0,77.0
2991,,Ketric Sanford,Ketric,Sanford,RB,RB,O,Houston,2000,300.0,25.0,33.0,93.0,,,,,199,67,4.6,32.0,12.0,118.0,6.63,4.3,42,1,476,62,743,28,3636,805,29,4112,4,
3019,,Kevin McDougal,Kevin,McDougal,RB,RB,O,Colorado State,2000,300.0,26.0,34.0,95.0,,,,,206,71,4.63,32.0,,108.0,7.08,4.12,41,1,210,28,471,26,2898,499,27,3108,4,
3594,,Michael Wiley,Michael,Wiley,RB,RB,O,Ohio State,2000,144.0,12.0,15.0,40.0,DAL,,,,193,71,4.5,,,,,,47,5,630,56,509,27,2951,565,32,3581,4,
3688,,Morgan Kane,Morgan,Kane,RB,RB,O,Wake Forest,2000,300.0,27.0,36.0,107.0,,,,,221,73,4.62,37.5,29.0,121.0,6.81,4.16,43,4,731,91,647,17,2550,738,21,3281,4,
3905,,Phillip Rogers,Phillip,Rogers,RB,RB,O,Georgia Tech,2000,300.0,28.0,37.0,108.0,,,,,232,73,4.68,37.0,19.0,124.0,7.21,4.31,37,2,211,19,324,15,1264,343,17,1475,4,
4053,,Reuben Droughns,Reuben,Droughns,RB,RB,O,Oregon,2000,81.0,8.0,8.0,26.0,DET,,,,215,71,4.66,30.0,13.0,115.0,7.34,4.41,17,3,207,20,389,18,2058,409,21,2265,2,
4160,,Ron Dayne,Ron,Dayne,RB,RB,O,Wisconsin,2000,11.0,3.0,3.0,6.0,NYG,,,,259,71,4.65,,,,,,47,0,304,31,1220,71,7125,1251,71,7429,4,
4174,,Rondell Mealey,Rondell,Mealey,RB,RB,O,LSU,2000,252.0,17.0,23.0,64.0,GNB,,,,212,72,4.69,33.0,,120.0,6.89,4.15,44,4,302,33,453,29,2238,486,33,2540,4,
4177,,Ronney Jenkins,Ronney,Jenkins,RB,RB,O,Northern Arizona,2000,300.0,29.0,38.0,111.0,,,,,184,70,4.5,,18.0,118.0,,,27,5,538,48,380,24,2040,428,29,2578,2,
4376,,Shaun Alexander,Shaun,Alexander,RB,RB,O,Alabama,2000,19.0,4.0,4.0,9.0,SEA,,,,218,72,4.58,,,,,,42,8,798,62,727,41,3565,789,49,4363,4,
4413,,Shyrone Stith,Shyrone,Stith,RB,RB,O,Virginia Tech,2000,243.0,16.0,22.0,63.0,JAX,,,,204,67,4.6,35.0,13.0,111.0,7.14,4.14,34,0,116,13,459,21,2360,472,21,2476,3,
4656,,Thomas Hamner,Thomas,Hamner,RB,RB,O,Minnesota,2000,171.0,15.0,19.0,50.0,PHI,,,,197,72,4.5,32.0,17.0,125.0,6.97,4.07,46,4,553,62,882,21,3810,944,25,4363,4,
4658,,Thomas Jones,Thomas,Jones,RB,RB,O,Virginia,2000,7.0,2.0,2.0,3.0,ARI,,,,216,70,4.45,,,,,,44,4,571,71,809,37,3998,880,41,4569,4,
4774,,Travis Prentice,Travis,Prentice,RB,RB,O,Miami (OH),2000,63.0,6.0,6.0,17.0,CLE,,,,225,72,4.5,37.0,23.0,115.0,6.92,4.4,44,5,522,54,1138,73,5596,1192,78,6118,4,
4833,,Troy Hambrick,Troy,Hambrick,RB,RB,O,Savannah State,2000,300.0,30.0,39.0,116.0,,,,,237,72,4.66,34.5,21.0,118.0,7.48,4.44,32,0,309,40,302,14,1586,342,14,1895,3,
4843,,Trung Canidate,Trung,Canidate,RB,RB,O,Arizona,2000,31.0,5.0,5.0,13.0,STL,,,,193,71,4.41,,18.0,,,,42,1,468,42,558,25,3626,600,26,4094,4,
